duration_s,flow_count,total_packets,total_bytes,avg_pkt_size,pkt_rate,byte_rate,syn_count,ack_count,fin_count,rst_count,syn_pct,rst_pct,syn_ack_ratio,distinct_dst_ports,distinct_dst_ips,distinct_src_ips,avg_flow_duration_s,avg_flow_packets,auth_port_pct,tcp_pct,icmp_pct,label
47.821,104096.0,251939.0,50768640.0,201.51163575309897,5268.375818155204,1061639.0288785263,69489.0,54211.0,4775.0,0.0,0.27581676516934656,0.0,1.2818247219199055,2.0,1.0,1.0,0.7531,2.42,0.0,0.9214571781264512,0.0,DOS_DDOS
19.661,116627.0,155136.0,8570222.0,55.24328331270627,7890.544733228217,435899.5981893088,108239.0,17638.0,0.0,1786.0,0.6977039500825083,0.011512479372937293,6.136693502664701,1.0,1.0,1.0,0.0078,1.33,0.0,1.0,0.0,SYN_FLOOD
28.034,228216.0,250381.0,19253438.0,76.89656164006055,8931.333380894628,686788.8278518942,208975.0,39684.0,0.0,16719.0,0.8346280268870242,0.0667742360642381,5.265976212075396,3.0,1.0,1.0,0.0075,1.1,0.0,1.0,0.0,SYN_FLOOD
32.968,3822.0,304469.0,398803446.0,1309.8326791890142,9235.288764862897,12096683.025964571,78237.0,48282.0,9839.0,0.0,0.25696212093842064,0.0,1.6204175469118927,4.0,1.0,1.0,1.516,79.66,0.0,0.994551169412978,0.0,DOS_DDOS
28.165,10.0,9883.0,3812131.0,385.7260953151877,350.8965027516421,135349.93786614592,19.0,8689.0,12.0,0.0,0.0019224931700900535,0.0,0.002186672804695592,4.0,1.0,2.0,2.4827,988.3,0.1,0.8581402408175656,0.017605990083982597,BENIGN
261.191,3.0,17.0,1037.0,61.0,0.06508646928875804,3.9702746266142404,3.0,8.0,3.0,0.0,0.17647058823529413,0.0,0.375,3.0,1.0,1.0,208.9524,5.67,0.0,1.0,0.0,ANOMALY
24.207,521075.0,643562.0,48728255.0,75.71648885422073,26585.780972445988,2012981.98868096,410169.0,174867.0,0.0,44836.0,0.6373418567286446,0.06966850124774303,2.3456055173360326,3.0,1.0,1.0,0.0024,1.24,0.0,1.0,0.0,SYN_FLOOD
34.86,6116.0,269228.0,189019094.0,702.0781419466028,7723.121055651176,5422234.480780264,28718.0,61087.0,4154.0,41594.0,0.1066679542989585,0.1544935890769162,0.4701163913762339,2.0,1.0,1.0,2.0673,44.02,0.0,0.9386467975099172,0.0,DOS_DDOS
4.419,3.0,2117.0,1109333.0,524.0118091639112,479.0676623670514,251037.11246888438,6.0,1765.0,3.0,0.0,0.002834199338686821,0.0,0.0033994334277620396,3.0,3.0,2.0,0.759,705.67,0.0,0.9792158715162966,0.01606046291922532,BENIGN
118.181,2.0,8.0,387.0,48.375,0.0676927763346054,3.274638055186536,2.0,4.0,2.0,0.0,0.25,0.0,0.5,2.0,1.0,1.0,94.545,4.0,0.0,1.0,0.0,ANOMALY
25.873,129514.0,182728.0,14169935.0,77.54659931701764,7062.497584354346,547672.6703513315,106667.0,36030.0,0.0,7482.0,0.5837474278709338,0.04094610568714154,2.960505134610047,3.0,1.0,1.0,0.0052,1.41,0.0,1.0,0.0,SYN_FLOOD
9.979,215.0,498.0,37725.0,75.75301204819277,49.90480008016836,3780.438921735645,383.0,111.0,0.0,133.0,0.7690763052208835,0.26706827309236947,3.4504504504504503,175.0,1.0,1.0,0.0147,2.32,0.06046511627906977,0.9618473895582329,0.0,PORT_SCAN
76.954,232.0,2275.0,264396.0,116.21802197802198,29.56311562751774,3435.7668217376618,717.0,1004.0,290.0,486.0,0.3151648351648352,0.21362637362637363,0.7141434262948207,1.0,1.0,1.0,1.1233,9.81,0.9482758620689655,1.0,0.0,BRUTE_FORCE
12.184,9.0,6087.0,4049675.0,665.298997864301,499.5896257386737,332376.4773473408,21.0,5085.0,22.0,0.0,0.0034499753573188764,0.0,0.004129793510324484,4.0,3.0,1.0,3.1507,676.33,0.0,0.8355511746344669,0.012157056021028421,BENIGN
52.259,140.0,9480.0,68137964.0,7187.54894514768,181.40416004898677,1303851.2792054957,3368.0,2704.0,0.0,0.0,0.35527426160337555,0.0,1.2455621301775148,1.0,1.0,1.0,0.281,67.71,1.0,1.0,0.0,ANOMALY
19.454,221958.0,287968.0,22176860.0,77.01154294921658,14802.50848154621,1139964.0176827388,184094.0,36996.0,0.0,9037.0,0.6392863095899545,0.031381959106567395,4.976051465023246,3.0,1.0,1.0,0.0099,1.3,0.0,1.0,0.0,SYN_FLOOD
27.601,502815.0,554507.0,44199965.0,79.71038237569589,20090.105430962645,1601389.9858700773,352206.0,137422.0,0.0,19016.0,0.6351696191391633,0.03429352560021785,2.5629520746314274,1.0,1.0,93.0,0.0096,1.1,0.0,1.0,0.0,SYN_FLOOD
26.116,105622.0,301058.0,25269216.0,83.93471025516678,11527.722468984532,967576.0453361924,50381.0,29111.0,5125.0,0.0,0.16734649137375524,0.0,1.7306516437085637,2.0,1.0,1.0,1.1506,2.85,0.0,0.9992127762756678,0.0,DOS_DDOS
9.303,94857.0,134345.0,8401557.0,62.53717667200119,14441.040524561968,903101.9026120605,68362.0,9172.0,0.0,3585.0,0.5088540697458037,0.02668502735494436,7.453336240732664,3.0,1.0,1.0,0.0028,1.42,0.0,1.0,0.0,SYN_FLOOD
8.979,10.0,2265.0,1452948.0,641.4781456953642,252.2552622786502,161816.2378884063,19.0,1429.0,18.0,0.0,0.008388520971302429,0.0,0.013296011196641007,1.0,2.0,1.0,1.4966,226.5,0.0,0.9165562913907285,0.011479028697571744,BENIGN
10.981,718.0,774.636548908645,43907.0,56.68077508330694,70.5433520543343,3998.451871414261,669.0,103.0,0.0,213.0,0.8636308226645487,0.2749676610277263,6.495145631067961,677.0,1.0,1.0,0.0032,1.08,0.04596100278551532,0.9694869175202931,0.0,PORT_SCAN
39.656,8.0,16977.0,7449543.0,438.802085174059,428.1067177728465,187854.12043574743,16.0,13410.0,19.0,0.0,0.0009424515520998998,0.0,0.0011931394481730052,2.0,3.0,2.0,2.7483,2122.12,0.0,0.8271190434116746,0.0169641279377982,BENIGN
17.226,2.0,18288.0,11760940.0,643.0960192475941,1061.6509926854756,682743.5272262859,4.0,15603.0,4.0,0.0,0.00021872265966754156,0.0,0.0002563609562263667,2.0,1.0,1.0,2.3009,9144.0,0.0,0.8629155730533683,0.01126421697287839,BENIGN
36.069,84.0,105.0,4696.0,44.72380952380952,2.9110870830907425,130.19490421137263,4.0,23.0,74.0,0.0,0.0380952380952381,0.0,0.17391304347826086,84.0,1.0,1.0,0.0199,1.25,0.0,1.0,0.0,ANOMALY
15.464,1439.0,2886.0,210647.0,72.98925848925849,186.62700465597516,13621.766683911019,1583.0,325.0,0.0,1531.0,0.5485100485100485,0.5304920304920305,4.8707692307692305,1179.0,1.0,1.0,0.0306,2.01,0.08339124391938846,0.9975744975744976,0.0,PORT_SCAN
15.215,193.0,1359.0,137023.0,100.82634289919058,89.31975024646731,9005.783766020375,421.0,486.0,160.0,233.0,0.30978660779985284,0.1714495952906549,0.8662551440329218,3.0,1.0,1.0,0.8106,7.04,0.927461139896373,1.0,0.0,BRUTE_FORCE
12.575,114822.0,162016.0,8848428.0,54.61453189808414,12883.976143141153,703652.3260437376,135099.0,16061.0,0.0,12575.0,0.8338620876950424,0.0776157910329844,8.411618205591184,1.0,1.0,1.0,0.0027,1.41,0.0,1.0,0.0,SYN_FLOOD
19.333,226252.0,309335.0,19153197.0,61.91732910921816,16000.362075208195,990699.6844773187,230384.0,8521.0,0.0,20808.0,0.7447718492896052,0.06726687895000566,27.037202206313815,1.0,1.0,1.0,0.0046,1.37,0.0,1.0,0.0,SYN_FLOOD
29.449,2.0,18038.0,8146713.0,451.6417008537532,612.516554042582,276638.0182688716,4.0,12508.0,3.0,0.0,0.00022175407473112318,0.0,0.0003197953309881676,6.0,3.0,2.0,5.3307,9019.0,0.0,0.8782570129726134,0.006541745204568134,BENIGN
25.522,38.0,42817.0,5476302.0,127.90017983511223,1677.6506543374344,214571.82039025155,1808.0,0.0,0.0,1682.0,0.04222621855804937,0.03928346217623841,1808.0,2.0,2.0,1.0,0.3404,1126.76,0.0,0.4272134899689376,0.5727631548216829,ANOMALY
24.006,90.0,472.0,117189.0,248.28177966101694,19.66175122885945,4881.654586353412,81.0,177.0,49.0,89.0,0.1716101694915254,0.1885593220338983,0.4576271186440678,2.0,1.0,1.0,0.4013,5.24,0.8777777777777778,1.0,0.0,BRUTE_FORCE
33.284,1102.0,2855.0,190428.0,66.69982486865149,85.77694988583103,5721.307535152026,1545.0,539.0,0.0,885.0,0.5411558669001751,0.30998248686514884,2.8664192949907235,875.0,1.0,1.0,0.0176,2.59,0.05353901996370236,0.9835376532399299,0.0,PORT_SCAN
27.687,117.0,145.0,6716.0,46.317241379310346,5.237114891465309,242.5687145591794,75.0,34.0,0.0,59.0,0.5172413793103449,0.4068965517241379,2.2058823529411766,109.0,1.0,1.0,0.0492,1.24,0.09401709401709402,0.9586206896551724,0.0,PORT_SCAN
50.596,137644.0,371576.0,79802604.0,214.76791827243954,7343.979761245949,1577251.24515772,42166.0,33065.0,7778.0,133962.0,0.11347880379787716,0.36052382285185264,1.2752457281112959,5.0,1.0,47.0,1.5174,2.7,0.0,0.9649089284560898,0.0,DOS_DDOS
56.331,576455.0,1069451.0,259975909.0,243.0928663398323,18985.12364417461,4615148.124478528,379521.0,106508.0,30864.0,249169.0,0.35487460388554504,0.23298776662044357,3.5633097983250086,5.0,1.0,1.0,2.2591,1.86,0.0,0.9926336035966117,0.0,DOS_DDOS
33.868,4526.0,223330.0,281248988.0,1259.3426230242242,6594.130152356206,8304269.162631392,82833.0,61023.0,6309.0,0.0,0.3708995656651592,0.0,1.3574062238827982,3.0,1.0,16.0,0.2798,49.34,0.0,0.9791340169256257,0.0,DOS_DDOS
21.75,145936.0,173851.0,8569572.0,49.292624143663254,7993.149425287356,394003.3103448276,120754.0,18233.0,0.0,1841.0,0.6945832925896314,0.010589527814047662,6.622826742719245,2.0,1.0,1.0,0.0044,1.19,0.0,1.0,0.0,SYN_FLOOD
4.657,9.0,1294.0,322339.0,249.10278207109738,277.86128408846895,69216.01889628517,20.0,848.0,11.0,0.0,0.015455950540958269,0.0,0.02358490566037736,4.0,1.0,1.0,0.2843,143.78,0.0,0.8500772797527048,0.008500772797527048,BENIGN
45.737,2.0,55764.0,49281706.0,883.7548597661573,1219.2316942519185,1077501.9349760588,4.0,41144.0,2.0,0.0,7.17308657915501e-05,0.0,9.721952167995334e-05,2.0,2.0,2.0,2.6291,27882.0,0.0,0.8874184061401621,0.016641560863639625,BENIGN
23.738,11.0,8424.0,4052772.0,481.0982905982906,354.87404162102956,170729.29480158395,20.0,6371.0,18.0,0.0,0.0023741690408357074,0.0,0.0031392246115209545,3.0,3.0,2.0,3.7663,765.82,0.0,0.8900759734093068,0.0035612535612535613,BENIGN
48.014,4395.0,390810.0,511731068.0,1309.4113968424554,8139.500978881159,10657955.346357312,31956.0,50027.0,7328.0,0.0,0.08176863437476012,0.0,0.638775061466808,3.0,1.0,39.0,0.8484,88.92,0.0,0.9721373557483176,0.0,DOS_DDOS
12.957,107351.0,138424.0,8364245.0,60.424817950644396,10683.337192251292,645538.7049471327,80571.0,7146.0,0.0,8858.0,0.5820594694561637,0.0639917933306363,11.274979009235937,3.0,1.0,1.0,0.0087,1.29,0.0,1.0,0.0,SYN_FLOOD
43.384,8631.0,450857.0,452353012.0,1003.3181518752066,10392.241379310344,10426724.414530702,156696.0,84291.0,9944.0,138483.0,0.3475514409225098,0.30715504028993673,1.8589885041107592,4.0,1.0,41.0,2.6288,52.24,0.0,0.9748922607389926,0.0,DOS_DDOS
27.868,126.0,142.0,10112.0,71.21126760563381,5.09544997846993,362.8534519879432,1.0,46.0,116.0,0.0,0.007042253521126761,0.0,0.021739130434782608,126.0,1.0,1.0,0.0058,1.13,0.0,1.0,0.0,ANOMALY
82.41,4.0,6.5,481.0,74.0,0.07887392306758889,5.836670307001578,4.0,1.0,4.0,0.0,0.6153846153846154,0.0,4.0,4.0,1.0,1.0,65.9282,1.62,0.0,0.9230769230769231,0.0,ANOMALY
13.952,74.0,92.0,4817.0,52.358695652173914,6.594036697247707,345.2551605504587,0.0,21.0,50.0,0.0,0.0,0.0,0.0,74.0,1.0,1.0,0.0035,1.24,0.0,1.0,0.0,ANOMALY
7.24,281.0,317.0,26808.0,84.56782334384857,43.78453038674033,3702.7624309392263,8.0,111.0,223.0,0.0,0.025236593059936908,0.0,0.07207207207207207,281.0,1.0,1.0,0.0244,1.13,0.0,1.0,0.0,ANOMALY
22.832,137458.0,202870.6750893204,14775626.0,72.83273441809443,8885.365937689225,647145.497547302,156347.0,46521.0,0.0,5190.0,0.7706732376730306,0.025582800460021805,3.360783302164614,2.0,1.0,1.0,0.0056,1.48,0.0,0.9999966723168832,0.0,SYN_FLOOD
54.334,3371.0,273450.0,126410372.0,462.279656244286,5032.760334229028,2326542.7172672725,118906.0,51466.0,6180.0,84625.0,0.4348363503382702,0.30947156701407935,2.310379668130416,5.0,1.0,1.0,3.4602,81.12,0.0,0.9784238434814408,0.0,DOS_DDOS
52.297,446.0,7186.0,1476545.0,205.47522961313666,137.40749947415722,28233.83750501941,2220.0,4090.0,295.0,2804.0,0.3089340384080156,0.39020317283607014,0.5427872860635696,1.0,1.0,1.0,0.4464,16.11,0.8789237668161435,1.0,0.0,BRUTE_FORCE
42.618,440.0,7761.0,978498.0,126.07885581754928,182.1061523300014,22959.735323102912,2180.0,3763.0,1120.0,1590.0,0.28089163767555725,0.20487050637804408,0.5793250066436354,2.0,1.0,1.0,1.8008,17.64,0.9704545454545455,1.0,0.0,BRUTE_FORCE
15.291,222200.0,234609.0,15288669.0,65.16659207447285,15342.946831469491,999847.5573866981,129755.0,44326.0,0.0,1051.0,0.553069149094877,0.004479794040296834,2.927288724450661,1.0,1.0,151.0,0.0061,1.06,0.0,1.0,0.0,SYN_FLOOD
56.994,10595.0,354983.0,494727963.0,1393.6666347402552,6228.42755377759,8680351.668596694,39874.0,70087.0,9364.0,40166.0,0.11232650577633295,0.113149080378497,0.568921483299328,2.0,1.0,1.0,2.0662,33.5,0.0,0.9383745137091072,0.0,DOS_DDOS
37.425,173.0,8707.0,67960708.0,7805.295509360285,232.65197060788245,1815917.3814295258,3360.0,4042.0,0.0,0.0,0.3858964051912255,0.0,0.8312716476991588,1.0,1.0,1.0,0.1253,50.33,1.0,1.0,0.0,ANOMALY
24.972,8462.0,347558.0,409438134.0,1178.0426115928851,13917.908057023866,16395888.755406054,161812.0,17860.0,8025.0,0.0,0.4655683367955852,0.0,9.060022396416572,4.0,1.0,1.0,0.493,41.07,0.0,0.9415550785768131,0.0,DOS_DDOS
9.073,619.0,1573.0,137946.0,87.69612205975842,173.3715419376171,15204.011903449795,860.0,133.0,0.0,826.0,0.5467260012714558,0.5251112523839797,6.466165413533835,553.0,1.0,1.0,0.0092,2.54,0.09693053311793215,0.9713922441195169,0.0,PORT_SCAN
6.977,1193.0,2682.0,206045.0,76.82513049962715,384.4059051168124,29532.0338254264,1584.0,263.0,0.0,585.0,0.5906040268456376,0.2181208053691275,6.022813688212928,1056.0,1.0,1.0,0.0158,2.25,0.05951383067896061,0.977255779269202,0.0,PORT_SCAN
19.048,661.0,678.0,52585.0,77.5589970501475,35.59428811423772,2760.657286854263,17.0,106.0,551.0,0.0,0.025073746312684365,0.0,0.16037735849056603,661.0,1.0,1.0,0.0281,1.03,0.0,1.0,0.0,ANOMALY
41.719,190.0,2210.0,248738.0,112.55113122171946,52.973465327548595,5962.2234473501285,458.0,881.0,262.0,388.0,0.2072398190045249,0.1755656108597285,0.5198637911464246,2.0,1.0,1.0,0.1502,11.63,0.8789473684210526,1.0,0.0,BRUTE_FORCE
35.932,114.0,201.0,14490.0,72.08955223880596,5.593899588110876,403.2617165757542,108.0,13.0,0.0,46.0,0.5373134328358209,0.22885572139303484,8.307692307692308,112.0,1.0,1.0,0.0401,1.76,0.10526315789473684,0.9701492537313433,0.0,PORT_SCAN
27.452,678.0,887.8927789167324,59792.0,67.34146444230443,32.34346418901109,2178.0562436252367,697.0,189.0,0.0,270.0,0.785004694880355,0.304090771330984,3.687830687830688,562.0,1.0,1.0,0.0213,1.31,0.05309734513274336,0.9933631863478811,0.0,PORT_SCAN
36.797,7.0,16691.0,6814027.0,408.2455814510814,453.5967606054842,185178.87327771288,13.0,13887.0,15.0,0.0,0.0007788628602240728,0.0,0.0009361273133146108,1.0,1.0,1.0,3.3674,2384.43,0.0,0.9777125396920496,0.010844167515427475,BENIGN
28.929,272173.0,314633.0,16768344.0,53.29493091951576,10876.041342597395,579637.8720315255,254408.0,9738.0,0.0,23139.0,0.8085865119043457,0.07354282608626558,26.125282398849865,3.0,1.0,37.0,0.0026,1.16,0.0,1.0,0.0,SYN_FLOOD
55.48,31.0,13768.0,99780761.0,7247.295249854736,248.16149963950974,1798499.6575342466,4917.0,4867.0,0.0,0.0,0.35713248111563045,0.0,1.0102732689541811,1.0,1.0,1.0,0.2418,444.13,1.0,1.0,0.0,ANOMALY
29.444,2933.0,75258.0,84103133.0,1117.5308007122167,2555.9706561608477,2856375.933976362,8285.0,17766.0,1068.0,0.0,0.11008796407026496,0.0,0.4663402003827536,2.0,1.0,58.0,0.4621,25.66,0.0,0.9183076882191926,0.0,DOS_DDOS
30.29,1238.0,2713.0,235469.0,86.79284924437891,89.56751403103334,7773.8197424892705,1816.0,624.0,0.0,865.0,0.6693697014375231,0.31883523774419464,2.91025641025641,1000.0,1.0,1.0,0.0405,2.19,0.034733441033925685,0.952082565425728,0.0,PORT_SCAN
63.219,334.0,3148.0,322108.0,102.32147395171538,49.79515651940081,5095.11381072146,654.0,1773.0,342.0,1211.0,0.20775095298602286,0.3846886912325286,0.3688663282571912,1.0,1.0,1.0,0.1647,9.43,0.8712574850299402,1.0,0.0,BRUTE_FORCE
24.766,292.0,363.0,16726.0,46.07713498622589,14.657191310667852,675.3613825405798,13.0,55.0,286.0,0.0,0.03581267217630854,0.0,0.23636363636363636,292.0,1.0,1.0,0.0232,1.24,0.0,1.0,0.0,ANOMALY
44.72,5.0,43860.0,24874615.0,567.1366849065207,980.7692307692308,556230.2101967799,11.0,24911.0,11.0,0.0,0.00025079799361605107,0.0,0.00044157199630685237,2.0,1.0,2.0,1.7449,8772.0,0.0,0.8349749202006383,0.003009575923392613,BENIGN
35.58,2.0,40084.0,33825105.0,843.8555283903802,1126.5879707700956,950677.4873524453,4.0,25616.0,3.0,0.0,9.979044007584074e-05,0.0,0.0001561524047470331,4.0,2.0,1.0,3.9689,20042.0,0.0,0.8902055683065563,0.0011725376708911286,BENIGN
27.951,781.0,863.0,38527.0,44.64310544611819,30.875460627526742,1378.376444492147,406.0,181.0,0.0,134.0,0.4704519119351101,0.1552723059096176,2.2430939226519335,659.0,1.0,1.0,0.0458,1.1,0.046094750320102434,0.9779837775202781,0.0,PORT_SCAN
8.896,1132.0,1382.0570254136128,119534.0,86.48991886874325,155.35712965530718,13436.825539568345,1121.0,259.0,0.0,248.0,0.8111098018292803,0.1794426680228916,4.328185328185328,987.0,1.0,1.0,0.0469,1.22,0.09982332155477032,0.9558216308799993,0.0,PORT_SCAN
45.387,1944.0,156703.0,88246128.0,563.1425563007728,3452.59655848591,1944304.051821006,51379.0,18420.0,2193.0,0.0,0.3278750247283077,0.0,2.7893051031487515,2.0,1.0,1.0,1.0072,80.61,0.0,0.9724957403495785,0.0,DOS_DDOS
29.653,168.0,2061.0,248573.0,120.60795730228044,69.50392877617779,8382.726874177992,381.0,948.0,239.0,475.0,0.1848617176128093,0.2304706453178069,0.40189873417721517,1.0,1.0,1.0,1.7263,12.27,0.9107142857142857,1.0,0.0,BRUTE_FORCE
282.955,3.0,14.0,1052.0,75.14285714285714,0.04947783216412504,3.71790567404711,3.0,7.0,3.0,0.0,0.21428571428571427,0.0,0.42857142857142855,3.0,1.0,1.0,226.3638,4.67,0.0,1.0,0.0,ANOMALY
38.088,247.0,359.0,22468.0,62.58495821727019,9.425540852762024,589.8970804452846,13.0,141.0,190.0,0.0,0.036211699164345405,0.0,0.09219858156028368,247.0,1.0,1.0,0.0186,1.45,0.0,1.0,0.0,ANOMALY
26.236,162.0,8048.0,39294349.0,4882.498633200796,306.7540783656045,1497726.3683488336,2522.0,1860.0,0.0,0.0,0.3133697813121272,0.0,1.3559139784946237,1.0,1.0,1.0,0.1671,49.68,1.0,1.0,0.0,ANOMALY
68.292,150.0,2114.0,210464.0,99.55723746452223,30.955309553095532,3081.825103965325,613.0,1099.0,281.0,487.0,0.2899716177861873,0.2303689687795648,0.5577797998180164,3.0,1.0,1.0,0.347,14.09,0.8666666666666667,1.0,0.0,BRUTE_FORCE
139.068,1.0,17.0,693.0,40.76470588235294,0.12224235625737048,4.983173699197515,1.0,8.0,1.0,0.0,0.058823529411764705,0.0,0.125,1.0,1.0,1.0,111.254,17.0,0.0,1.0,0.0,ANOMALY
17.381,11.0,2477.0,970980.0,391.99838514331856,142.51193832345663,55864.44968643921,27.0,1399.0,21.0,0.0,0.010900282599919257,0.0,0.01929949964260186,4.0,1.0,2.0,1.6901,225.18,0.0,0.8150989099717401,0.006863140896245458,BENIGN
38.921,3.0,41512.0,19870643.0,478.6722634418963,1066.570745869839,510537.8330464274,7.0,28002.0,5.0,0.0,0.00016862593948737715,0.0,0.00024998214413256194,5.0,2.0,2.0,1.7736,13837.33,0.0,0.9250337251878975,0.008985353632684524,BENIGN
7.096,894.0,1123.0,85458.0,76.0979519145147,158.25817361894025,12043.122886133033,745.0,87.0,0.0,167.0,0.6634016028495102,0.14870881567230632,8.563218390804598,804.0,1.0,1.0,0.0096,1.26,0.03467561521252797,0.9795191451469278,0.0,PORT_SCAN
18.968,101.0,1130.0,244885.0,216.71238938053096,59.574019401096585,12910.42808941375,392.0,671.0,59.0,297.0,0.34690265486725663,0.2628318584070796,0.5842026825633383,3.0,1.0,1.0,1.7898,11.19,0.9603960396039604,1.0,0.0,BRUTE_FORCE
20.129,5.0,5989.0,1324288.0,221.1200534312907,297.53092553032934,65790.0541507278,10.0,3377.0,7.0,0.0,0.0016697278343629988,0.0,0.002961208172934557,5.0,2.0,1.0,2.2926,1197.8,0.0,0.9707797628986475,0.01586241442644849,BENIGN
14.976,367.0,461.0,31039.0,67.32971800433839,30.78258547008547,2072.582799145299,19.0,80.0,376.0,0.0,0.04121475054229935,0.0,0.2375,367.0,1.0,1.0,0.0165,1.26,0.0,1.0,0.0,ANOMALY
24.911,123.0,163.0,9276.0,56.9079754601227,6.543294127092449,372.36562161294205,86.0,14.0,0.0,40.0,0.5276073619631901,0.24539877300613497,6.142857142857143,113.0,1.0,1.0,0.0421,1.33,0.06504065040650407,0.9693251533742331,0.0,PORT_SCAN
56.49,14527.0,545315.0,600859714.0,1101.8580343471206,9653.301469286598,10636567.781908302,232188.0,113933.0,17465.0,74813.0,0.42578693048971694,0.13719226502113457,2.037934575583896,3.0,1.0,13.0,0.1818,37.54,0.0,0.9302274831977848,0.0,DOS_DDOS
129.98,3.0,11.0,667.0,60.63636363636363,0.08462840436990307,5.131558701338668,3.0,5.0,3.0,0.0,0.2727272727272727,0.0,0.6,3.0,1.0,1.0,103.9839,3.67,0.0,1.0,0.0,ANOMALY
35.151,7.0,4407.0,764863.0,173.55638756523712,125.37338909277118,21759.352507752268,13.0,3349.0,7.0,0.0,0.0029498525073746312,0.0,0.003881755747984473,6.0,2.0,2.0,3.2939,629.57,0.14285714285714285,0.9804855911050602,0.008849557522123894,BENIGN
42.449,69044.0,386110.0,83486616.0,216.22495143870918,9095.856203915288,1966751.0659850645,184793.0,80135.0,40.0,0.0,0.478601952811375,0.0,2.306021089411618,5.0,1.0,1.0,0.755,5.59,0.0,0.9295174950143742,0.0,DOS_DDOS
27.55,8.0,14234.0,3200369.0,224.8397498946185,516.6606170598911,116165.84392014518,17.0,8080.0,12.0,0.0,0.00119432345089223,0.0,0.002103960396039604,3.0,3.0,2.0,1.2157,1779.25,0.0,0.9011521708585079,0.009905859210341436,BENIGN
65.557,129.0,1487.0,274409.0,184.53866845998655,22.682551062434218,4185.807770337264,311.0,843.0,157.0,539.0,0.20914593140551446,0.3624747814391392,0.36892052194543296,3.0,1.0,1.0,1.8291,11.53,0.8837209302325582,1.0,0.0,BRUTE_FORCE
21.888,1242.0,2958.0,161522.0,54.60513860716701,135.14254385964912,7379.477339181286,1981.0,581.0,0.0,624.0,0.669709263015551,0.21095334685598377,3.4096385542168677,998.0,1.0,1.0,0.0301,2.38,0.061996779388083734,0.9577417173766059,0.0,PORT_SCAN
29.717,4.0,35237.0,24345328.0,690.9024037233589,1185.7522630144363,819239.0887370865,8.0,30271.0,5.0,0.0,0.00022703408349178421,0.0,0.00026427934326583196,3.0,1.0,1.0,4.159,8809.25,0.0,0.8986009024604819,0.007577262536538298,BENIGN
7.529,117.0,303.0,14008.0,46.23102310231023,40.24438836498871,1860.5392482401382,230.0,22.0,0.0,76.0,0.759075907590759,0.2508250825082508,10.454545454545455,105.0,1.0,1.0,0.0333,2.59,0.08547008547008547,0.9504950495049505,0.0,PORT_SCAN
23.309,5.0,3651.0,1096710.0,300.3861955628595,156.6347762666781,47050.92453558711,9.0,2812.0,10.0,0.0,0.0024650780608052587,0.0,0.003200568990042674,5.0,2.0,2.0,1.7492,730.2,0.0,0.9627499315256094,0.008764721993974253,BENIGN
23.681,274706.0,388664.0,21576450.0,55.51440318629974,16412.482580972086,911129.1752882057,271555.0,18485.0,0.0,9628.0,0.6986883271926394,0.024772039602330032,14.690559913443332,2.0,1.0,1.0,0.0026,1.41,0.0,1.0,0.0,SYN_FLOOD
23.219,131538.0,252344.0,57797862.0,229.04393209269887,10867.996037727722,2489248.546449029,85236.0,62572.0,7386.0,0.0,0.3377770028215452,0.0,1.3622067378380107,3.0,1.0,53.0,0.8457,1.92,0.0,0.9056050470785911,0.0,DOS_DDOS
77.833,1.0,7.0,330.0,47.142857142857146,0.08993614533681087,4.239846851592512,1.0,4.0,1.0,0.0,0.14285714285714285,0.0,0.25,1.0,1.0,1.0,62.2663,7.0,0.0,1.0,0.0,ANOMALY
24.074,198295.0,569494.0,145233876.0,255.02266222295583,23655.977403007393,6032810.334801029,237088.0,108055.0,6779.0,39016.0,0.41631342911426633,0.06850994040323516,2.1941418721947157,2.0,1.0,1.0,2.8179,2.87,0.0,0.9455446413834036,0.0,DOS_DDOS
11.968,1332.0,3315.103771411273,200847.0,60.58543377497272,276.99730710321467,16782.002005347593,2683.0,630.0,0.0,545.0,0.8093260980659498,0.16439907694593464,4.258730158730159,1049.0,1.0,1.0,0.036,2.49,0.0518018018018018,0.9854895126281991,0.0,PORT_SCAN
214.171,2.0,18.0,966.0,53.666666666666664,0.08404499208576324,4.510414575269294,2.0,9.0,2.0,0.0,0.1111111111111111,0.0,0.2222222222222222,2.0,1.0,1.0,171.3366,9.0,0.0,1.0,0.0,ANOMALY
9.401,11.0,66005.0,9177497.0,139.04245132944473,7021.061589192639,976225.6142963514,3246.0,0.0,0.0,2480.0,0.049178092568744794,0.03757291114309522,3246.0,3.0,1.0,1.0,0.1214,6000.45,0.0,0.5165820771153701,0.48340277251723357,ANOMALY
30.142,6827.0,136488.0,170206599.0,1247.0444214876034,4528.166677725433,5646824.995023555,37846.0,33681.0,1495.0,0.0,0.27728444991501083,0.0,1.1236602238650872,1.0,1.0,1.0,2.0284,19.99,0.0,0.967682140554481,0.0,DOS_DDOS
23.512,65.0,523.0,66859.0,127.83747609942638,22.243960530792787,2843.6117727118067,86.0,281.0,14.0,163.0,0.16443594646271512,0.31166347992351817,0.30604982206405695,2.0,1.0,1.0,1.6043,8.05,0.8615384615384616,1.0,0.0,BRUTE_FORCE
33.057,2.0,25001.0,21858943.0,874.3227470901164,756.2997247179114,661250.0529388632,4.0,15454.0,4.0,0.0,0.00015999360025598975,0.0,0.0002588326646822829,6.0,3.0,1.0,3.8843,12500.5,0.0,0.8794848206071757,0.011679532818687253,BENIGN
79.639,347.0,2458.0,603500.0,245.52481692432872,30.86427504112307,7577.94547897387,781.0,1393.0,356.0,806.0,0.3177379983726607,0.3279088689991863,0.5606604450825556,1.0,1.0,1.0,1.3218,7.08,0.9193083573487032,1.0,0.0,BRUTE_FORCE
45.47,18493.0,978930.0,871533828.0,890.2922864760504,21529.140092368594,19167227.358698044,238855.0,225496.0,30920.0,0.0,0.2439959956278794,0.0,1.0592427360130556,3.0,1.0,1.0,3.2833,52.94,0.0,0.9772854034507064,0.0,DOS_DDOS
59.275,5.0,68507.0,30116824.0,439.6167398951932,1155.7486292703502,508086.44453816954,11.0,50183.0,9.0,0.0,0.0001605675332447779,0.0,0.0002191977362851962,4.0,3.0,1.0,5.5392,13701.4,0.0,0.8145153050053279,0.015735618257988235,BENIGN
42.079,6.0,51516.0,25192567.0,489.02412842612006,1224.2686375626797,598696.9034435229,12.0,28405.0,14.0,3.0,0.00023293733985557886,5.8234334963894714e-05,0.00042246083436014786,2.0,3.0,2.0,3.3951,8586.0,0.0,0.8869477443900924,0.016053265005046977,BENIGN
40.286,4526.0,465401.0,332629590.0,714.716105036302,11552.425160105247,8256704.3141538,172300.0,105496.0,4240.0,0.0,0.3702183708242999,0.0,1.6332372791385454,3.0,1.0,1.0,1.6367,102.83,0.0,0.9796218744695435,0.0,DOS_DDOS
226.039,3.0,5.0,334.0,66.8,0.022120076623945426,1.4776211184795545,3.0,1.0,3.0,0.0,0.6,0.0,3.0,3.0,1.0,1.0,180.8316,1.67,0.0,1.0,0.0,ANOMALY
40.385,11071.0,593106.0,304848663.0,513.9868134869653,14686.294416243656,7548561.668936486,165246.0,65920.0,8329.0,0.0,0.2786112431841863,0.0,2.5067657766990292,2.0,1.0,44.0,0.5571,53.57,0.0,0.900449498066113,0.0,DOS_DDOS
28.763,5.0,40214.0,18005484.0,447.7416820012931,1398.1156346695407,625994.6458992455,11.0,36841.0,8.0,0.0,0.00027353657930074106,0.0,0.00029858038598300804,5.0,2.0,1.0,4.56,8042.8,0.0,0.9535485154423833,0.005346396777241757,BENIGN
31.537,175.0,232.0,20669.0,89.09051724137932,7.356438469099788,655.3889082664807,8.0,50.0,166.0,0.0,0.034482758620689655,0.0,0.16,175.0,1.0,1.0,0.0202,1.33,0.0,1.0,0.0,ANOMALY
27.69,48.0,185409.0,23160183.0,124.91401711891008,6695.882990249187,836409.6424702058,230.0,0.0,0.0,8910.0,0.0012405007308167349,0.048055919615552646,230.0,1.0,2.0,1.0,0.2496,3862.69,0.0,0.4363650092498207,0.563629597268741,ANOMALY
38.674,53.0,14509.0,82613430.0,5693.943759046109,375.16160728137766,2136149.092413508,6708.0,3506.0,0.0,0.0,0.46233372389551314,0.0,1.9132915002852253,1.0,1.0,1.0,0.1184,273.75,1.0,1.0,0.0,ANOMALY
29.359,688660.0,795626.2460980245,54256755.0,68.19377222168126,27099.9096051645,1848045.0628427397,600010.0,195615.0,0.0,33983.0,0.7541355038783829,0.042712266176062205,3.067300564885106,1.0,1.0,20.0,0.0061,1.16,0.0,0.9999996906863924,0.0,SYN_FLOOD
56.732,67.0,6198.0,57742710.0,9316.34559535334,109.25051117535077,1017815.51857858,2469.0,2869.0,0.0,0.0,0.3983543078412391,0.0,0.860578598814918,1.0,1.0,1.0,0.0822,92.51,1.0,1.0,0.0,ANOMALY
57.947,92400.0,192251.0,17840882.0,92.79994382343915,3317.704108927123,307882.7549312303,63506.0,22583.0,5791.0,15983.0,0.3303285808656392,0.08313610852479311,2.8121153079750254,3.0,1.0,48.0,3.9148,2.08,0.0,0.9183099177637567,0.0,DOS_DDOS
27.606,109.0,7691.0,62464821.0,8121.807437264335,278.5988553213069,2262726.255161921,3633.0,3807.0,0.0,0.0,0.47237030295150173,0.0,0.9542947202521671,1.0,1.0,1.0,0.3606,70.56,1.0,1.0,0.0,ANOMALY
26.356,94565.0,135137.0,8083883.0,59.819908685260145,5127.371376536652,306718.8875398391,69343.0,30759.0,0.0,10542.0,0.5131311187905607,0.07800972346581617,2.254397087031438,3.0,1.0,1.0,0.0047,1.43,0.0,1.0,0.0,SYN_FLOOD
18.558,109835.0,146057.0,7179637.0,49.15640469131914,7870.298523547796,386875.579265007,82443.0,17328.0,0.0,4516.0,0.5644577117152892,0.03091943556282821,4.757790858725762,2.0,1.0,173.0,0.0056,1.33,0.0,1.0,0.0,SYN_FLOOD
30.036,1194.0,3035.0,258575.0,85.19769357495882,101.0454121720602,8608.836063390598,1733.0,239.0,0.0,512.0,0.5710049423393739,0.1686985172981878,7.2510460251046025,920.0,1.0,1.0,0.0069,2.54,0.05360134003350084,0.9762767710049424,0.0,PORT_SCAN
34.755,216.0,1129.0,95108.0,84.24092116917626,32.484534599338225,2736.52711840023,222.0,566.0,32.0,271.0,0.1966341895482728,0.2400354295837024,0.392226148409894,3.0,1.0,1.0,1.8624,5.23,0.8657407407407407,1.0,0.0,BRUTE_FORCE
25.545,29451.0,172035.0,12231030.0,71.09617229052228,6734.58602466236,478803.28831473866,26369.0,9748.0,5641.0,32659.0,0.15327694945795914,0.18983927689133026,2.705067706196143,5.0,1.0,1.0,2.1584,5.84,0.0,0.9448716830877437,0.0,DOS_DDOS
13.834,6085.0,278705.0,191155379.0,685.8699305717515,20146.37848778372,13817795.214688448,106294.0,60904.0,11080.0,0.0,0.3813853357492689,0.0,1.7452712465519507,3.0,1.0,7.0,3.3117,45.8,0.0,0.9740263002098993,0.0,DOS_DDOS
48.337,308.0,4430.0,840364.0,189.6984198645598,91.64821979022281,17385.522477605147,1443.0,1580.0,221.0,550.0,0.3257336343115124,0.12415349887133183,0.9132911392405063,1.0,1.0,1.0,0.5724,14.38,0.8766233766233766,1.0,0.0,BRUTE_FORCE
27.585,100858.0,129337.0,7201113.0,55.67713028754339,4688.671379372848,261051.76726481784,88325.0,15636.0,0.0,2023.0,0.6829058969977655,0.01564130913814299,5.648823228447173,3.0,1.0,71.0,0.0083,1.28,0.0,1.0,0.0,SYN_FLOOD
19.367,150659.0,218890.0,11045799.0,50.46278496048243,11302.215108173697,570341.250580885,196883.0,10046.0,0.0,1975.0,0.8994609164420485,0.009022796838594728,19.598148516822615,2.0,1.0,1.0,0.0078,1.45,0.0,1.0,0.0,SYN_FLOOD
52.859,404.0,4847.0,505258.0,104.24138642459253,91.69677822130573,9558.599292457291,973.0,2332.0,278.0,1487.0,0.2007427274602847,0.3067877037342686,0.41723842195540306,1.0,1.0,1.0,2.3239,12.0,0.9801980198019802,1.0,0.0,BRUTE_FORCE
51.743,2997.0,198984.0,193815854.0,974.0273288304587,3845.6216299789344,3745740.563941016,86957.0,46228.0,5111.0,0.0,0.4370049853254533,0.0,1.8810461192350956,5.0,1.0,1.0,2.0257,66.39,0.0,0.9987536686366743,0.0,DOS_DDOS
6.585,84847.0,134468.38140673272,7249104.0,53.90935716012897,20420.407199200108,1100851.0250569477,108831.0,25635.0,0.0,1515.0,0.8093426786391803,0.011266589098127906,4.245406670567584,3.0,1.0,1.0,0.0013,1.58,0.0,0.9999971635954212,0.0,SYN_FLOOD
21.257,1045.0,1870.0,144838.0,77.45347593582888,87.97102131062708,6813.661382132944,1178.0,415.0,0.0,898.0,0.6299465240641712,0.4802139037433155,2.83855421686747,819.0,1.0,1.0,0.0418,1.79,0.031578947368421054,0.9877005347593583,0.0,PORT_SCAN
47.811,353.0,5736.0,903111.0,157.44612970711296,119.97239129070717,18889.18868042919,994.0,2015.0,235.0,1470.0,0.17329149232914923,0.25627615062761505,0.49330024813895784,2.0,1.0,1.0,2.2721,16.25,0.9603399433427762,1.0,0.0,BRUTE_FORCE
7.035,18.0,5560.0,503956.0,90.63956834532374,790.3340440653874,71635.53660270078,35.0,0.0,0.0,112.0,0.006294964028776978,0.02014388489208633,35.0,2.0,3.0,1.0,0.1561,308.89,0.0,0.5170863309352518,0.4827338129496403,ANOMALY
32.668,4393.0,367996.0,439834996.0,1195.2167849650539,11264.723888820865,13463787.069915514,136941.0,44687.0,3629.0,0.0,0.37212632746008106,0.0,3.0644482735471166,4.0,1.0,9.0,0.5508,83.77,0.0,0.9210507722910032,0.0,DOS_DDOS
36.367,315.0,349.0,26477.0,75.86532951289398,9.596612313361014,728.0501553606292,9.0,97.0,176.0,0.0,0.025787965616045846,0.0,0.09278350515463918,315.0,1.0,1.0,0.0261,1.11,0.0,1.0,0.0,ANOMALY
53.688,275.0,1814.0,272939.0,150.4625137816979,33.787811056474446,5083.798986738191,321.0,812.0,70.0,263.0,0.17695700110253584,0.14498346196251377,0.39532019704433496,3.0,1.0,1.0,2.1206,6.6,0.9309090909090909,1.0,0.0,BRUTE_FORCE
36.606,124807.0,632200.0,143812348.0,227.47919645681748,17270.39283177621,3928655.083866033,147771.0,123244.0,4345.0,0.0,0.23374090477696932,0.0,1.1990117165947227,2.0,1.0,1.0,0.9059,5.07,0.0,0.9038690287883581,0.0,DOS_DDOS
34.208,22.0,3190.0,23064715.0,7230.318181818182,93.2530402245089,674249.152245089,1119.0,820.0,0.0,0.0,0.35078369905956114,0.0,1.3646341463414635,1.0,1.0,1.0,0.2891,145.0,1.0,1.0,0.0,ANOMALY
54.165,7.0,39887.0,24502534.0,614.2987439516635,736.3980430167082,452368.3928736269,15.0,22949.0,16.0,0.0,0.0003760623762128012,0.0,0.0006536232515578021,5.0,1.0,1.0,1.1827,5698.14,0.0,0.9602627422468474,0.009501842705643443,BENIGN
44.717,115.0,14056.0,60005551.0,4269.034647125783,314.33235682179037,1341895.7219849275,6333.0,3285.0,0.0,0.0,0.4505549231644849,0.0,1.9278538812785389,1.0,1.0,1.0,0.2861,122.23,1.0,1.0,0.0,ANOMALY
24.51,35519.0,165360.0,25569738.0,154.630732946299,6746.634026927784,1043236.9645042839,79808.0,8385.0,3029.0,0.0,0.4826318335752298,0.0,9.517948717948718,2.0,1.0,51.0,0.3324,4.66,0.0,0.9989598451862602,0.0,DOS_DDOS
23.715,49.0,2373.0,14775117.0,6226.345132743363,100.06325110689437,623028.3364958887,767.0,537.0,0.0,0.0,0.32321955330804886,0.0,1.4283054003724396,1.0,1.0,1.0,0.253,48.43,1.0,1.0,0.0,ANOMALY
29.468,205100.0,244660.0,12689560.0,51.86609989373007,8302.565494773991,430621.6913261843,217627.0,9605.0,0.0,19468.0,0.8895078884983242,0.07957165045369084,22.65767829255596,3.0,1.0,19.0,0.0021,1.19,0.0,1.0,0.0,SYN_FLOOD
278.261,3.0,7.5,510.0,68.0,0.026953112365728577,1.8328116408695432,3.0,3.0,3.0,0.0,0.4,0.0,1.0,3.0,1.0,1.0,222.6088,2.5,0.0,0.9333333333333333,0.0,ANOMALY
38.859,1150.0,2972.7024697646257,253583.0,85.30386158022681,76.49971614721494,6525.721197148665,2368.0,603.0,0.0,967.0,0.7965815698291174,0.32529323396315735,3.9270315091210612,1008.0,1.0,1.0,0.0299,2.58,0.08521739130434783,0.9893354716500989,0.0,PORT_SCAN
49.072,13267.0,616240.0,512108891.0,831.0218275347268,12557.874144114769,10435867.521193348,50168.0,67094.0,19363.0,0.0,0.08140984032195249,0.0,0.7477270694846037,5.0,1.0,7.0,1.5863,46.45,0.0,0.9037501622744385,0.0,DOS_DDOS
24.989,378.0,483.0,39307.0,81.38095238095238,19.32850454199848,1572.9721077274,12.0,114.0,319.0,0.0,0.024844720496894408,0.0,0.10526315789473684,378.0,1.0,1.0,0.0236,1.28,0.0,1.0,0.0,ANOMALY
77.697,105.0,1520.0,274221.0,180.40855263157894,19.563174897357683,3529.3640681107377,347.0,841.0,150.0,170.0,0.22828947368421051,0.1118421052631579,0.4126040428061831,1.0,1.0,1.0,0.2001,14.48,0.9238095238095239,1.0,0.0,BRUTE_FORCE
38.407,735.0,788.0,44151.0,56.02918781725889,20.517093238211785,1149.5560705079804,31.0,263.0,414.0,0.0,0.03934010152284264,0.0,0.11787072243346007,735.0,1.0,1.0,0.0289,1.07,0.0,1.0,0.0,ANOMALY
4.505,350.0,616.0,50526.0,82.02272727272727,136.73695893451722,11215.538290788014,538.0,61.0,0.0,255.0,0.8733766233766234,0.413961038961039,8.819672131147541,340.0,1.0,1.0,0.0455,1.76,0.04857142857142857,0.9951298701298701,0.0,PORT_SCAN
51.032,7.0,42330.0,27180379.0,642.1067564375147,829.4795422480013,532614.4184041386,14.0,36893.0,10.0,0.0,0.0003307347035199622,0.0,0.0003794757813135283,1.0,2.0,2.0,4.8968,6047.14,0.0,0.973871958421923,0.01764705882352941,BENIGN
47.421,4.0,49171.0,31753790.0,645.7828801529357,1036.9034815798907,669614.5167752684,10.0,41919.0,6.0,2.0,0.00020337190620487686,4.067438124097537e-05,0.00023855530904840289,6.0,2.0,1.0,3.4349,12292.75,0.0,0.8511724390392711,0.01997112118931891,BENIGN
10.115,1083.0,1217.932285448021,70364.0,57.77332684313917,120.40853044468818,6956.401384083045,1050.0,166.0,0.0,380.0,0.862116894794158,0.31200420954455244,6.325301204819277,892.0,1.0,1.0,0.0061,1.12,0.07848568790397045,0.9672130495881125,0.0,PORT_SCAN
42.722,62851.0,242883.0,17108299.0,70.43843743695524,5685.1973222227425,400456.4158981321,34209.0,53579.0,617.0,18399.0,0.14084559232222923,0.0757525228196292,0.6384777618096642,5.0,1.0,1.0,3.3077,3.86,0.0,0.980966144192883,0.0,DOS_DDOS
79.033,382.0,6535.0,574010.0,87.8362662586075,82.68697885693318,7262.915490997431,2283.0,3400.0,769.0,2051.0,0.34934965570007653,0.3138485080336649,0.6714705882352942,1.0,1.0,1.0,2.1724,17.11,0.8507853403141361,1.0,0.0,BRUTE_FORCE
16.06,262032.0,369512.0,28447458.0,76.98656065296932,23008.219178082192,1771323.6612702368,192245.0,54579.0,0.0,21180.0,0.5202672714282621,0.05731884214856351,3.522325436523205,3.0,1.0,1.0,0.008,1.41,0.0,1.0,0.0,SYN_FLOOD
27.154,4302.0,250281.0,327944657.0,1310.3058442310842,9217.095087279959,12077213.559696546,110914.0,44341.0,6378.0,0.0,0.4431578905310431,0.0,2.5013869781917415,3.0,1.0,10.0,1.9411,58.18,0.0,0.9260311409975188,0.0,DOS_DDOS
5.316,8.0,1494.0,371514.0,248.6706827309237,281.038374717833,69886.00451467269,18.0,1069.0,17.0,1.0,0.012048192771084338,0.0006693440428380187,0.01683816651075772,5.0,2.0,2.0,0.5603,186.75,0.0,0.9672021419009371,0.002677376171352075,BENIGN
34.426,5.0,42087.0,26470563.0,628.9486777389693,1222.53529309243,768911.9560797071,11.0,28497.0,5.0,0.0,0.0002613633663601587,0.0,0.0003860055444432747,3.0,2.0,1.0,3.0721,8417.4,0.0,0.9861239812768788,0.000712809180982251,BENIGN
76.803,45.0,543.0,48265.0,88.88581952117863,7.0700363267059885,628.4259729437653,65.0,296.0,59.0,182.0,0.11970534069981584,0.3351749539594843,0.2195945945945946,1.0,1.0,1.0,1.5076,12.07,0.9777777777777777,1.0,0.0,BRUTE_FORCE
22.839,5.0,11855.0,7011702.0,591.4552509489666,519.0682604317177,307005.6482332852,9.0,8496.0,11.0,0.0,0.0007591733445803458,0.0,0.001059322033898305,4.0,2.0,1.0,0.8933,2371.0,0.0,0.9371573175875159,0.01830451286377056,BENIGN
69.789,355.0,6287.0,694167.0,110.4130745983776,90.08583014515182,9946.65348407342,1480.0,1967.0,890.0,974.0,0.23540639414665182,0.15492285668840464,0.7524148449415353,2.0,1.0,1.0,2.3734,17.71,0.9774647887323944,1.0,0.0,BRUTE_FORCE
21.256,28.0,164999.0,21380963.0,129.5823792871472,7762.467068121942,1005878.9518253669,642.0,0.0,0.0,6022.0,0.003890932672319226,0.03649719089206601,642.0,3.0,2.0,1.0,0.3989,5892.82,0.0,0.45010575821671645,0.5498881811404918,ANOMALY
28.813,521.0,657.0,30293.0,46.10806697108067,22.802207336965953,1051.3657029812932,306.0,144.0,0.0,241.0,0.4657534246575342,0.3668188736681887,2.125,482.0,1.0,1.0,0.0096,1.26,0.046065259117082535,0.9619482496194824,0.0,PORT_SCAN
17.621,273240.0,358407.0,21550683.0,60.129079510165816,20339.76505306169,1223011.3500936383,282212.0,28026.0,0.0,9011.0,0.7874064959668756,0.025141808056204258,10.06964961107543,2.0,1.0,1.0,0.0021,1.31,0.0,1.0,0.0,SYN_FLOOD
51.873,5129.0,480742.0,256679585.0,533.9237782427997,9267.672970524165,4948230.967940933,42760.0,50834.0,9475.0,175159.0,0.08894583789225821,0.36435135686085257,0.8411692961403785,4.0,1.0,28.0,2.6283,93.73,0.0,0.9289743771087194,0.0,DOS_DDOS
20.91,139.0,2753.0,22140842.0,8042.441699963676,131.6594930655189,1058863.7972262076,1019.0,1274.0,0.0,0.0,0.37014166363966583,0.0,0.7998430141287284,1.0,1.0,1.0,0.3491,19.81,1.0,1.0,0.0,ANOMALY
42.625,222.0,968.0,115819.0,119.64772727272727,22.70967741935484,2717.1612903225805,281.0,460.0,96.0,120.0,0.2902892561983471,0.12396694214876033,0.6108695652173913,1.0,1.0,1.0,1.8307,4.36,0.918918918918919,1.0,0.0,BRUTE_FORCE
6.168,12.0,1828.0,803661.0,439.6394967177243,296.36835278858626,130295.23346303502,27.0,1552.0,15.0,3.0,0.01477024070021882,0.0016411378555798686,0.017396907216494846,2.0,1.0,1.0,0.0585,152.33,0.0,0.838074398249453,0.0010940919037199124,BENIGN
52.421,1554.0,102642.0,88890031.0,866.0200600144191,1958.032086377597,1695695.0649548846,35689.0,18592.0,316.0,36441.0,0.3477036690633464,0.3550301046355293,1.9195890705679863,2.0,1.0,22.0,2.6576,66.05,0.0,0.9649363808187681,0.0,DOS_DDOS
166.664,4.0,17.0,965.0,56.76470588235294,0.10200163202611243,5.790092641482264,4.0,8.0,4.0,0.0,0.23529411764705882,0.0,0.5,4.0,1.0,1.0,133.331,4.25,0.0,1.0,0.0,ANOMALY
10.968,88893.0,127834.0,9796008.0,76.63069292989346,11655.178701677607,893144.420131291,98814.0,19581.0,0.0,2442.0,0.7729868423111222,0.019102899072234305,5.046422552474337,1.0,1.0,1.0,0.0012,1.44,0.0,1.0,0.0,SYN_FLOOD
20.544,252218.0,367011.57341997145,16557457.0,45.11426396097133,17864.65992114347,805950.9832554517,305710.0,61299.0,0.0,1757.0,0.8329710072934838,0.004787314971098921,4.98719391833472,2.0,1.0,163.0,0.0024,1.46,0.0,0.9999984375970324,0.0,SYN_FLOOD
11.028,1256.0,3052.0,270162.0,88.51965923984272,276.75009067827347,24497.823721436343,2363.0,282.0,0.0,833.0,0.7742463958060288,0.27293577981651373,8.379432624113475,1091.0,1.0,1.0,0.0029,2.43,0.09076433121019108,0.9986893840104849,0.0,PORT_SCAN
22.193,8.0,168762.0,11404813.0,67.57927139995971,7604.289640877754,513892.3534447799,125.0,0.0,0.0,4253.0,0.0007406880695891256,0.025201170879700408,125.0,2.0,3.0,1.0,0.1466,21095.25,0.0,0.2764366385797751,0.7235574359156682,ANOMALY
24.391,135.0,9118.0,56554694.0,6202.532792279008,373.8264113812472,2318670.5752121685,3210.0,2875.0,0.0,0.0,0.3520508883527089,0.0,1.1165217391304347,1.0,1.0,1.0,0.3252,67.54,1.0,1.0,0.0,ANOMALY
238.427,4.0,10.0,485.0,48.5,0.04194155863220189,2.0341655936617915,4.0,5.0,4.0,0.0,0.4,0.0,0.8,4.0,1.0,1.0,190.7416,2.5,0.0,1.0,0.0,ANOMALY
26.293,8.0,9479.0,3465075.0,365.55280092836796,360.5142053017914,131786.97752253452,19.0,7146.0,8.0,0.0,0.0020044308471357736,0.0,0.0026588301147495103,3.0,3.0,1.0,1.4969,1184.88,0.125,0.9247810950522207,0.015929950416710623,BENIGN
12.105,8.0,2287.0,910277.0,398.0222999562746,188.9301941346551,75198.43040066089,20.0,1282.0,8.0,0.0,0.00874508089199825,0.0,0.015600624024960999,6.0,1.0,2.0,2.9936,285.88,0.0,0.9759510275470048,0.0026235242675994755,BENIGN
6.298,81769.0,100796.0,7854683.0,77.92653478312631,16004.445855827247,1247171.0066687837,79544.0,16960.0,0.0,1389.0,0.789158299932537,0.013780308742410412,4.690094339622641,3.0,1.0,84.0,0.0039,1.23,0.0,1.0,0.0,SYN_FLOOD
15.621,48.0,72474.0,4960585.0,68.44640836713856,4639.523718071826,317558.73503616924,1302.0,0.0,0.0,1626.0,0.017965063333057373,0.022435632088749068,1302.0,2.0,2.0,1.0,0.1548,1509.88,0.0,0.2793277589204404,0.7206584430278444,ANOMALY
18.788,165033.0,229003.0,12486192.0,54.52414160513181,12188.790717479242,664583.3510751544,163479.0,37334.0,0.0,6425.0,0.7138727440251874,0.028056401007847058,4.378823592435849,2.0,1.0,1.0,0.002,1.39,0.0,1.0,0.0,SYN_FLOOD
53.441,72.0,16513.0,117459074.0,7113.127475322473,308.9949664115567,2197920.5853183884,6687.0,4884.0,0.0,0.0,0.4049536728638043,0.0,1.3691646191646192,1.0,1.0,1.0,0.1415,229.35,1.0,1.0,0.0,ANOMALY
9.193,120356.0,149018.37225156056,10611906.0,71.2120649263693,16209.98284037426,1154346.350484064,108074.0,40942.0,0.0,2988.0,0.7252394343534927,0.02005121888565461,2.6396854086268378,2.0,1.0,141.0,0.0063,1.24,0.0,0.9999975019753945,0.0,SYN_FLOOD
38.364,412.0,866.0,66478.0,76.76443418013857,22.57324575122511,1732.8224377020124,482.0,114.0,0.0,329.0,0.5565819861431871,0.37990762124711314,4.228070175438597,408.0,1.0,1.0,0.0423,2.1,0.08980582524271845,0.9884526558891455,0.0,PORT_SCAN
51.616,161747.0,903722.0,151529125.0,167.67227643014112,17508.563236205828,2935700.65483571,376428.0,244552.0,25916.0,0.0,0.41653074728732953,0.0,1.5392554548725834,1.0,1.0,51.0,0.7379,5.59,0.0,0.9636547522357539,0.0,DOS_DDOS
42.79,136.0,2098.0,351346.0,167.46711153479504,49.03014723066137,8210.93713484459,330.0,1206.0,276.0,779.0,0.1572926596758818,0.3713060057197331,0.2736318407960199,1.0,1.0,1.0,0.9433,15.43,0.9338235294117647,1.0,0.0,BRUTE_FORCE
9.216,10.0,943.0,257027.0,272.5630965005302,102.32204861111111,27889.214409722223,22.0,890.0,20.0,0.0,0.02332979851537646,0.0,0.024719101123595506,5.0,2.0,1.0,0.1611,94.3,0.0,0.9724284199363733,0.006362672322375398,BENIGN
71.033,119.0,1995.0,411923.0,206.47769423558898,28.08553770782594,5799.037067278588,648.0,739.0,74.0,429.0,0.324812030075188,0.21503759398496242,0.8768606224627875,1.0,1.0,1.0,1.8876,16.76,0.9663865546218487,1.0,0.0,BRUTE_FORCE
24.958,168.0,5194.0,24666280.0,4748.994994224105,208.10962416860326,988311.5634265566,1949.0,1052.0,0.0,0.0,0.3752406623026569,0.0,1.852661596958175,1.0,1.0,1.0,0.4004,30.92,1.0,1.0,0.0,ANOMALY
15.729,181559.0,225694.0,17680613.0,78.33887032885234,14348.909657320874,1124077.373005277,168385.0,7822.0,0.0,6558.0,0.7460765461199678,0.02905704183540546,21.527103042700077,1.0,1.0,99.0,0.0044,1.24,0.0,1.0,0.0,SYN_FLOOD
25.764,326293.0,408491.0,18517134.0,45.33058011070011,15855.107902499612,718721.2389380531,210847.0,39056.0,0.0,27124.0,0.516160698766925,0.06640048373158772,5.398581523965587,3.0,1.0,1.0,0.0046,1.25,0.0,1.0,0.0,SYN_FLOOD
29.547,243600.0,285517.0,19078030.0,66.8192436877664,9663.146850780113,645684.1642129489,240320.0,38773.0,0.0,7808.0,0.841701194674923,0.027346883022727194,6.198127562994868,2.0,1.0,158.0,0.0017,1.17,0.0,1.0,0.0,SYN_FLOOD
38.824,1102.0,2354.0,187628.0,79.70603228547154,60.63259839274676,4832.783845044302,1265.0,252.0,0.0,636.0,0.5373831775700935,0.27017841971113,5.01984126984127,1074.0,1.0,1.0,0.0473,2.14,0.11161524500907441,0.9583687340696686,0.0,PORT_SCAN
20.951,1075.0,1900.0,113337.0,59.65105263157895,90.68779533196506,5409.622452388908,1293.0,111.0,0.0,618.0,0.6805263157894736,0.32526315789473687,11.64864864864865,894.0,1.0,1.0,0.0157,1.77,0.046511627906976744,0.9821052631578947,0.0,PORT_SCAN
69.651,440.0,6250.0,1011695.0,161.8712,89.73309787368451,14525.204232530761,2001.0,2111.0,664.0,1581.0,0.32016,0.25296,0.9478919943154903,3.0,1.0,1.0,0.3881,14.2,0.9954545454545455,1.0,0.0,BRUTE_FORCE
17.848,1175.0,77355.0,99182724.0,1282.175993794842,4334.099058718064,5557077.767817123,33499.0,22400.0,701.0,0.0,0.4330553939628983,0.0,1.4954910714285714,2.0,1.0,1.0,3.2131,65.83,0.0,0.9819921142783272,0.0,DOS_DDOS
54.302,43.0,211.0,29724.0,140.87203791469193,3.885676402342455,547.3831534750101,43.0,90.0,13.0,28.0,0.2037914691943128,0.13270142180094788,0.4777777777777778,3.0,1.0,1.0,1.7674,4.91,0.9069767441860465,1.0,0.0,BRUTE_FORCE
3.563,3.0,385.0,81612.0,211.97922077922078,108.0550098231827,22905.41678360932,7.0,333.0,5.0,0.0,0.01818181818181818,0.0,0.021021021021021023,3.0,2.0,1.0,0.56,128.33,0.0,0.8545454545454545,0.005194805194805195,BENIGN
27.724,374.0,935.0,69088.0,73.89090909090909,33.725292165632666,2491.9924974751116,776.0,152.0,0.0,480.0,0.8299465240641711,0.5133689839572193,5.105263157894737,293.0,1.0,1.0,0.044,2.5,0.034759358288770054,0.9946524064171123,0.0,PORT_SCAN
7.953,117221.0,125049.0,7746760.0,61.9497956800934,15723.500565824217,974067.6474286432,87240.0,36923.0,0.0,229.0,0.6976465225631553,0.0018312821374021383,2.362754922406088,3.0,1.0,1.0,0.0048,1.07,0.0,1.0,0.0,SYN_FLOOD
10.824,11.0,3644.0,1997223.0,548.0853457738749,336.65927568366595,184518.0155210643,27.0,3271.0,11.0,0.0,0.007409440175631174,0.0,0.008254356465912565,6.0,3.0,1.0,1.1441,331.27,0.0,0.8839187705817783,0.0035675082327113064,BENIGN
10.722,70645.0,98008.16845857479,5378522.0,54.87830335563658,9140.847645828651,501634.21003544115,80159.0,17847.0,0.0,1163.0,0.8178808079030768,0.011866357858646918,4.491455146523225,1.0,1.0,1.0,0.0084,1.39,0.0,0.9999982811782178,0.0,SYN_FLOOD
31.117,1481.0,47101.0,42178398.0,895.4883760429715,1513.6741973840665,1355477.648873606,7300.0,9461.0,620.0,0.0,0.15498609371350927,0.0,0.7715886269950323,3.0,1.0,1.0,1.9075,31.8,0.0,0.9504256809834186,0.0,DOS_DDOS
30.942,65364.0,178510.0,38257388.0,214.31509719343455,5769.18104841316,1236422.597117187,53039.0,35989.0,3099.0,0.0,0.29712060948966446,0.0,1.4737558698491207,5.0,1.0,1.0,2.8881,2.73,0.0,0.9110470001680578,0.0,DOS_DDOS
5.193,4.0,2239.0,1263764.0,564.4323358642251,431.15732717119204,243359.13730021185,9.0,1914.0,4.0,0.0,0.00401965163019205,0.0,0.004702194357366771,3.0,3.0,2.0,0.9913,559.75,0.0,0.8963823135328272,0.015185350602947744,BENIGN
26.795,103792.0,258798.0,55808435.0,215.6447692795153,9658.443739503638,2082792.871804441,91780.0,22521.0,2003.0,0.0,0.35463952580777286,0.0,4.075307490786377,2.0,1.0,39.0,3.5037,2.49,0.0,0.9049026653992689,0.0,DOS_DDOS
15.316,75595.0,81296.0,5885410.0,72.39482877386341,5307.913293288065,384265.4740141029,42351.0,5601.0,0.0,706.0,0.5209481401298957,0.008684314111395395,7.561328334226031,3.0,1.0,1.0,0.0093,1.08,0.0,1.0,0.0,SYN_FLOOD
35.07,324359.0,1615612.0,273823032.0,169.48563887864165,46068.20644425435,7807899.401197605,345618.0,427729.0,16330.0,439287.0,0.21392388766609804,0.2719012980839459,0.8080303182622642,2.0,1.0,1.0,1.341,4.98,0.0,0.930543967239659,0.0,DOS_DDOS
7.641,108071.0,151205.0,10002019.0,66.14873185410535,19788.640230336343,1308993.4563538805,90223.0,41686.0,0.0,11136.0,0.596693231043947,0.07364835818921332,2.164347742647412,2.0,1.0,176.0,0.0065,1.4,0.0,1.0,0.0,SYN_FLOOD
46.12,7.0,66754.0,37178194.0,556.9433142583216,1447.3980919340852,806118.6903729402,16.0,43197.0,12.0,2.0,0.00023968601132516403,2.9960751415645503e-05,0.000370396092321226,5.0,2.0,1.0,3.4308,9536.29,0.14285714285714285,0.8950624681667017,0.011774575306348683,BENIGN
12.75,9.0,2209.0,1245122.0,563.6586690810321,173.2549019607843,97656.62745098039,19.0,1861.0,17.0,1.0,0.008601177003168854,0.0004526935264825713,0.010209564750134336,6.0,1.0,1.0,1.0027,245.44,0.0,0.8085106382978723,0.004074241738343142,BENIGN
52.763,98.0,6859.0,49759459.0,7254.622977110366,129.99639899171768,943074.863066922,3169.0,3092.0,0.0,0.0,0.46202070272634493,0.0,1.02490297542044,1.0,1.0,1.0,0.4893,69.99,1.0,1.0,0.0,ANOMALY
38.253,3561.0,307409.0,421173596.0,1370.0756841862144,8036.20631061616,11010210.85927901,121745.0,67304.0,10653.0,63611.0,0.39603590005497563,0.20692627736988833,1.808882087245929,3.0,1.0,1.0,0.9875,86.33,0.0,0.9595945466788546,0.0,DOS_DDOS
5.995,6.0,2029.0,554465.0,273.27008378511584,338.4487072560467,92487.90658882401,11.0,1121.0,13.0,0.0,0.005421389847215377,0.0,0.009812667261373774,4.0,1.0,1.0,1.3831,338.17,0.0,0.8334154756037457,0.009364218827008379,BENIGN
17.728,3.0,14284.0,7531591.0,527.2746429571548,805.7310469314078,424841.55009025265,5.0,9353.0,5.0,0.0,0.0003500420050406049,0.0,0.0005345878327809259,4.0,3.0,2.0,2.9296,4761.33,0.0,0.8757350882105853,0.011691402968356203,BENIGN
39.381,241.0,1884.0,190771.0,101.25849256900213,47.84032909270968,4844.239607932759,348.0,914.0,101.0,248.0,0.18471337579617833,0.1316348195329087,0.38074398249452956,2.0,1.0,1.0,2.1229,7.82,0.9253112033195021,1.0,0.0,BRUTE_FORCE
44.101,92.0,7162.0,59443330.0,8299.822675230382,162.3999455794653,1347890.7507766264,3189.0,1508.0,0.0,0.0,0.4452666852834404,0.0,2.1147214854111405,1.0,1.0,1.0,0.4351,77.85,1.0,1.0,0.0,ANOMALY
20.496,21122.0,76727.0,8700649.0,113.39748719485969,3743.510928961749,424504.73263075727,6881.0,6328.0,2963.0,0.0,0.08968159839430709,0.0,1.0873893805309736,5.0,1.0,30.0,0.3801,3.63,0.0,0.9017816414039387,0.0,DOS_DDOS
88.498,146.0,726.0,137882.0,189.92011019283746,8.203575222038916,1558.023910144862,107.0,346.0,82.0,78.0,0.14738292011019283,0.10743801652892562,0.3092485549132948,2.0,1.0,1.0,1.9101,4.97,0.863013698630137,1.0,0.0,BRUTE_FORCE
18.556,46.0,5982.0,37281966.0,6232.358074222668,322.3755119637853,2009159.6249191635,2845.0,1407.0,0.0,0.0,0.47559344700768974,0.0,2.022032693674485,1.0,1.0,1.0,0.3092,130.04,1.0,1.0,0.0,ANOMALY
12.196,39.0,7717.0,525575.0,68.10612932486718,632.7484421121679,43094.04722859954,317.0,0.0,0.0,256.0,0.041078139173253855,0.033173513023195544,317.0,3.0,2.0,1.0,0.3758,197.87,0.0,0.11416353505248153,0.8857068809122716,ANOMALY
23.196,527328.0,577046.0,36340295.0,62.97642648939599,24876.961545093982,1566662.140024142,363458.0,159484.0,0.0,5669.0,0.6298596645674694,0.009824173462774198,2.278962152943242,3.0,1.0,1.0,0.0076,1.09,0.0,1.0,0.0,SYN_FLOOD
58.826,488.0,6521.0,1666593.0,255.57322496549608,110.85234420154353,28330.891102573692,1683.0,3221.0,771.0,979.0,0.25808925011501305,0.1501303481061187,0.5225085377212046,1.0,1.0,1.0,1.323,13.36,0.9672131147540983,1.0,0.0,BRUTE_FORCE
26.327,311055.0,354038.91590762214,20955873.0,59.190874388136265,13447.750062962818,795984.0847798837,280441.0,73596.0,0.0,8132.0,0.7921191354940604,0.0229692263607593,3.810546768846133,3.0,1.0,31.0,0.0027,1.14,0.0,0.9999974129747297,0.0,SYN_FLOOD
53.902,206.0,849.0,143319.0,168.80918727915196,15.750807020147676,2658.8809320618902,150.0,359.0,111.0,264.0,0.17667844522968199,0.31095406360424027,0.4178272980501393,1.0,1.0,1.0,0.8614,4.12,0.9368932038834952,1.0,0.0,BRUTE_FORCE
26.424,450092.0,500757.0,29002530.0,57.91737309713094,18950.840145322436,1097582.8792007267,341931.0,92018.0,0.0,34591.0,0.6828281981080644,0.06907741679097845,3.715914277641331,1.0,1.0,1.0,0.0078,1.11,0.0,1.0,0.0,SYN_FLOOD
13.125,6.0,55064.0,4429916.0,80.45031236379485,4195.352380952381,337517.4095238095,2151.0,0.0,0.0,1324.0,0.039063635042859216,0.024044747929681826,2151.0,3.0,3.0,1.0,0.4329,9177.33,0.0,0.14464986197878832,0.8553319773354642,ANOMALY
22.163,214661.0,230195.0,17706147.0,76.91803470970264,10386.454902314668,798905.6986870009,157120.0,40829.0,0.0,16205.0,0.682551749603597,0.0703968374638893,3.848245119890274,2.0,1.0,66.0,0.0088,1.07,0.0,1.0,0.0,SYN_FLOOD
5.552,49947.0,66986.36078916302,5093972.0,76.04491332247589,12065.266712745502,917502.1613832854,51155.0,15830.0,0.0,309.0,0.7636629217850538,0.004612879343790082,3.2315224257738473,1.0,1.0,1.0,0.0046,1.34,0.0,0.9999946139906875,0.0,SYN_FLOOD
25.853,236.0,563.0,46491.0,82.57726465364121,21.77696979073995,1798.2825977642826,260.0,109.0,0.0,135.0,0.46181172291296624,0.23978685612788633,2.385321100917431,193.0,1.0,1.0,0.0056,2.39,0.07203389830508475,0.9769094138543517,0.0,PORT_SCAN
4.191,4.0,394.0,283094.0,718.5126903553299,94.01097590073968,67548.07921737056,7.0,336.0,8.0,3.0,0.017766497461928935,0.007614213197969543,0.020833333333333332,2.0,1.0,1.0,1.419,98.5,0.0,0.9695431472081218,0.012690355329949238,BENIGN
30.45,681.0,863.0,41735.0,48.3603707995365,28.34154351395731,1370.607553366174,404.0,163.0,0.0,473.0,0.4681344148319815,0.5480880648899189,2.478527607361963,550.0,1.0,1.0,0.0435,1.27,0.05726872246696035,0.9501738122827347,0.0,PORT_SCAN
42.154,2651.0,231433.0,180957393.0,781.8996988329236,5490.178867960335,4292769.203397067,83305.0,27671.0,5154.0,66906.0,0.3599529885539227,0.2890944679453665,3.010552564056232,5.0,1.0,28.0,0.9944,87.3,0.0,0.9520293130193188,0.0,DOS_DDOS
35.19,9630.0,707301.0,744239533.0,1052.2246299665912,20099.488491048596,21149176.84001137,331122.0,67069.0,17956.0,270286.0,0.46814863827422837,0.38213716649630075,4.937034993812342,3.0,1.0,8.0,0.3541,73.45,0.0,0.9597144638562649,0.0,DOS_DDOS
24.719,16948.0,90041.0,22386791.0,248.62885796470496,3642.5826287471173,905651.1590274688,19831.0,6607.0,3481.0,31063.0,0.22024411101609268,0.34498728357081776,3.001513546238838,4.0,1.0,1.0,1.4036,5.31,0.0,0.9551426572339268,0.0,DOS_DDOS
7.147,803.0,1413.1641369147223,103286.0,73.08846672651785,197.72829675594267,14451.658038337764,1105.0,306.0,0.0,459.0,0.7819332313459929,0.32480303455910475,3.611111111111111,714.0,1.0,1.0,0.0135,1.76,0.1133250311332503,0.9779472630951694,0.0,PORT_SCAN
33.901,976.0,1397.0,116930.0,83.7007874015748,41.20822394619627,3449.160791717058,1015.0,196.0,0.0,765.0,0.7265569076592698,0.5476020042949177,5.178571428571429,825.0,1.0,1.0,0.0272,1.43,0.10040983606557377,0.9577666428060129,0.0,PORT_SCAN
11.447,5.0,3903.0,2867691.0,734.740199846272,340.96269765003933,250519.00061151394,11.0,3473.0,7.0,0.0,0.002818344862925954,0.0,0.0031672905269219693,2.0,1.0,1.0,0.2084,780.6,0.0,0.8649756597489111,0.005380476556495004,BENIGN
121.742,2.0,5.0,337.0,67.4,0.04107046048200292,2.768149036486997,2.0,2.0,2.0,0.0,0.4,0.0,1.0,2.0,1.0,1.0,97.3938,2.5,0.0,1.0,0.0,ANOMALY
28.671,120801.0,262493.0,53088566.0,202.24754945846175,9155.348610093823,1851646.8208294096,25040.0,33060.0,1901.0,49486.0,0.09539302000434298,0.18852312252136247,0.7574107683000605,3.0,1.0,1.0,1.3096,2.17,0.0,0.9725097431169593,0.0,DOS_DDOS
88.426,133.0,1631.0,355627.0,218.04230533415083,18.44480130278425,4021.746997489426,410.0,899.0,158.0,649.0,0.25137952176578787,0.39791538933169834,0.4560622914349277,3.0,1.0,1.0,0.5185,12.26,0.9624060150375939,1.0,0.0,BRUTE_FORCE
13.376,10.0,2091.0,1303614.0,623.4404591104735,156.32476076555025,97459.18062200958,22.0,1835.0,11.0,0.0,0.010521281683405069,0.0,0.011989100817438692,2.0,1.0,2.0,4.1687,209.1,0.0,0.9005260640841702,0.01482544237207078,BENIGN
21.162,351.0,754.5634971340122,49838.0,66.04878209626493,35.65653043823893,2355.0704092240812,639.0,113.0,0.0,287.0,0.8468472201836609,0.38035235084931246,5.654867256637168,286.0,1.0,1.0,0.0347,2.15,0.06267806267806268,0.956844589941476,0.0,PORT_SCAN
43.339,393.0,3695.0,594740.0,160.95805142083898,85.25808163547843,13722.974687925425,648.0,1653.0,542.0,1120.0,0.1753721244925575,0.30311231393775373,0.39201451905626133,2.0,1.0,1.0,1.1513,9.4,0.9083969465648855,1.0,0.0,BRUTE_FORCE
39.483,98.0,11130.0,104684942.0,9405.65516621743,281.8934731403389,2651392.801965403,3437.0,3596.0,0.0,0.0,0.30880503144654087,0.0,0.9557842046718577,1.0,1.0,1.0,0.4439,113.57,1.0,1.0,0.0,ANOMALY
29.804,992349.0,1099826.0,64012816.0,58.202675695973724,36901.95946852772,2147792.7794926856,662437.0,253712.0,0.0,16775.0,0.6023107291517021,0.015252412654365327,2.6109801664879866,2.0,1.0,1.0,0.0035,1.11,0.0,1.0,0.0,SYN_FLOOD
33.539,493.0,7748.0,812287.0,104.8382808466701,231.01463967321624,24219.177673752944,1280.0,2621.0,1019.0,2805.0,0.16520392359318534,0.3620289106866288,0.48836322014498285,2.0,1.0,1.0,2.0726,15.72,0.8600405679513184,1.0,0.0,BRUTE_FORCE
30.94,48743.0,118456.0,12214814.0,103.1168872830418,3828.5714285714284,394790.3684550743,56039.0,8339.0,1091.0,0.0,0.47307861146754915,0.0,6.720110324979014,1.0,1.0,1.0,1.16,2.43,0.0,0.9221820760451138,0.0,DOS_DDOS
10.263,358.0,24452.0,32964347.0,1348.124775069524,2382.5392185520805,3211960.1481048428,5698.0,3694.0,941.0,0.0,0.23302797317192867,0.0,1.5425013535462913,4.0,1.0,1.0,3.3845,68.3,0.0,0.984132177327008,0.0,DOS_DDOS
27.312,888.0,1313.0,70333.0,53.56664127951257,48.074106619800816,2575.1684241359108,996.0,292.0,0.0,132.0,0.7585681645087585,0.10053313023610053,3.410958904109589,881.0,1.0,1.0,0.0343,1.48,0.0472972972972973,0.9565879664889566,0.0,PORT_SCAN
23.349,5.0,26778.0,11664079.0,435.5843976398536,1146.8585378388796,499553.68538267165,11.0,16674.0,5.0,0.0,0.00041078497273881547,0.0,0.0006597097277198033,2.0,2.0,2.0,5.8795,5355.6,0.0,0.9206064679961162,0.003510344312495332,BENIGN
14.072,334396.0,457249.0,32059796.0,70.11452403395087,32493.53325753269,2278268.618533258,386624.0,42499.0,0.0,1098.0,0.8455436753278848,0.0024013174441059465,9.09724934704346,3.0,1.0,1.0,0.0064,1.37,0.0,1.0,0.0,SYN_FLOOD
162.463,3.0,18.0,1389.0,77.16666666666667,0.1107944578150102,8.549638994724953,3.0,9.0,3.0,0.0,0.16666666666666666,0.0,0.3333333333333333,3.0,1.0,1.0,129.9702,6.0,0.0,1.0,0.0,ANOMALY
7.228,5.0,2766.0,1994113.0,720.9374548083875,382.6784726065302,275887.24405091314,11.0,2342.0,10.0,0.0,0.0039768618944323935,0.0,0.004696840307429547,1.0,3.0,2.0,0.5996,553.2,0.0,0.972885032537961,0.015907447577729574,BENIGN
21.364,807.0,1519.0,122966.0,80.95194206714945,71.10091743119266,5755.757348811084,685.0,191.0,0.0,479.0,0.4509545753785385,0.315339038841343,3.586387434554974,736.0,1.0,1.0,0.0356,1.88,0.10408921933085502,0.9684002633311389,0.0,PORT_SCAN
19.107,19918.0,58318.0,13949410.0,239.19561713364655,3052.179829381902,730068.0378918721,10981.0,14416.0,907.0,0.0,0.18829520902637265,0.0,0.7617230854605993,5.0,1.0,1.0,3.1513,2.93,0.0,0.9617442299118626,0.0,DOS_DDOS
56.014,416.0,5241.0,1283093.0,244.81835527571073,93.56589424072553,22906.64833791552,892.0,3041.0,654.0,1170.0,0.17019652738027094,0.22323983972524328,0.29332456428806314,2.0,1.0,1.0,1.1935,12.6,0.8533653846153846,1.0,0.0,BRUTE_FORCE
24.209,381.0,418.0,26361.0,63.06459330143541,17.266305919286218,1088.892560617952,17.0,154.0,225.0,0.0,0.04066985645933014,0.0,0.11038961038961038,381.0,1.0,1.0,0.0028,1.1,0.0,1.0,0.0,ANOMALY
58.971,23860.0,656854.0,384707225.0,585.681483251986,11138.593545980228,6523667.989350698,180358.0,155124.0,7913.0,66371.0,0.2745785212543427,0.10104376314980193,1.162669864108713,5.0,1.0,1.0,3.7385,27.53,0.0,0.929133414731432,0.0,DOS_DDOS
22.53,54.0,33090.0,3496817.0,105.67594439407677,1468.7083888149134,155207.14602751884,115.0,0.0,0.0,243.0,0.00347537020247809,0.007343608340888486,115.0,1.0,1.0,1.0,0.4167,612.78,0.0,0.23411906920519795,0.7658507101843457,ANOMALY
39.69,5854.0,597184.0,622787707.0,1042.8740672891438,15046.20811287478,15691300.251952633,108392.0,81049.0,19716.0,0.0,0.18150519772800344,0.0,1.33736381695024,1.0,1.0,1.0,0.8769,102.01,0.0,0.9539254233201158,0.0,DOS_DDOS
28.911,5.0,6526.0,3112985.0,477.01271835733985,225.72723184946906,107674.76047179273,12.0,4686.0,8.0,0.0,0.0018387986515476554,0.0,0.002560819462227913,2.0,2.0,2.0,3.8305,1305.2,0.0,0.8617836346920013,0.01946061906221269,BENIGN
12.14,8.0,2708.0,612712.0,226.2599704579025,223.0642504118616,50470.51070840198,18.0,2475.0,10.0,2.0,0.0066469719350073855,0.0007385524372230429,0.007272727272727273,6.0,2.0,1.0,1.6325,338.5,0.0,0.8508124076809453,0.012186115214180207,BENIGN
53.685,7639.0,769082.0,607670866.0,790.1249359626152,14325.826580981651,11319192.809909659,306068.0,115170.0,2513.0,0.0,0.39796536650188147,0.0,2.6575323434922287,2.0,1.0,7.0,0.1464,100.68,0.0,0.9152860163155554,0.0,DOS_DDOS
33.582,1995.0,171169.0,184238541.0,1076.354602761014,5097.046036567209,5486228.961943898,64696.0,43789.0,4653.0,0.0,0.3779656363009657,0.0,1.477448674324602,3.0,1.0,34.0,0.9149,85.8,0.0,0.9792135258136695,0.0,DOS_DDOS
19.777,9.0,28116.0,1967164.0,69.96599800825153,1421.6514132578247,99467.25994842494,106.0,0.0,0.0,1106.0,0.003770095319391094,0.03933703229477877,106.0,1.0,1.0,1.0,0.2085,3124.0,0.0,0.10186370749751031,0.8981007255655143,ANOMALY
50.828,118.0,535.0,100161.0,187.21682242990653,10.525694499094987,1970.5870779885101,155.0,166.0,25.0,146.0,0.2897196261682243,0.27289719626168224,0.9337349397590361,1.0,1.0,1.0,0.095,4.53,0.8898305084745762,1.0,0.0,BRUTE_FORCE
10.879,145368.0,231039.77270069538,13078580.0,56.60748297628773,21237.225177010332,1202185.8626712014,176854.0,54184.0,0.0,11317.0,0.7654699359019397,0.04898290830064489,3.2639524582902704,2.0,1.0,1.0,0.0057,1.59,0.0,0.9999966555511791,0.0,SYN_FLOOD
25.068,86669.0,95455.0,7353834.0,77.03979885810068,3807.842667943194,293355.43322163715,60729.0,15609.0,0.0,2353.0,0.636205541878372,0.0246503588078152,3.8906400153757446,1.0,1.0,1.0,0.0082,1.1,0.0,1.0,0.0,SYN_FLOOD
30.68,728.0,1264.2583859574356,113231.0,89.56317890211108,41.207900454935974,3690.710560625815,1017.0,245.0,0.0,389.0,0.804424167793687,0.3076902667372116,4.151020408163265,608.0,1.0,1.0,0.0418,1.74,0.03296703296703297,0.9792302062227969,0.0,PORT_SCAN
78.045,389.0,5877.0,1058293.0,180.07367704611195,75.30270997501441,13560.035876737778,1972.0,3301.0,735.0,1914.0,0.33554534626510124,0.32567636549259826,0.5973947288700394,2.0,1.0,1.0,1.6223,15.11,0.884318766066838,1.0,0.0,BRUTE_FORCE
34.882,308.0,735.0,45504.0,61.910204081632656,21.071039504615563,1304.5123559428932,401.0,172.0,0.0,261.0,0.545578231292517,0.3551020408163265,2.3313953488372094,269.0,1.0,1.0,0.0299,2.39,0.09740259740259741,0.9619047619047619,0.0,PORT_SCAN
21.073,4.0,11037.0,3075644.0,278.6666666666667,523.7507711289328,145951.88155459592,8.0,7366.0,7.0,0.0,0.0007248346470961312,0.0,0.0010860711376595167,4.0,2.0,1.0,0.574,2759.25,0.0,0.9627616200054363,0.0032617559119325905,BENIGN
22.308,216563.0,238090.0,17652585.0,74.14248813473897,10672.852788237404,791311.8612157074,147762.0,9211.0,0.0,9054.0,0.6206140535091772,0.03802763660800538,16.04190641624145,3.0,1.0,1.0,0.0057,1.1,0.0,1.0,0.0,SYN_FLOOD
10.699,6.0,2477.0,1226041.0,494.97012515139284,231.5169642022619,114593.9807458641,11.0,1661.0,6.0,0.0,0.0044408558740411785,0.0,0.006622516556291391,5.0,2.0,1.0,1.466,412.83,0.0,0.9345983044004844,0.005248284214775939,BENIGN
281.02,1.0,14.0,647.0,46.214285714285715,0.04981851825492848,2.302327236495623,1.0,7.0,1.0,0.0,0.07142857142857142,0.0,0.14285714285714285,1.0,1.0,1.0,224.816,14.0,0.0,1.0,0.0,ANOMALY
42.455,344.0,4336.0,544622.0,125.60470479704797,102.13166882581557,12828.218113296432,1370.0,2100.0,417.0,1354.0,0.31595940959409596,0.31226937269372695,0.6523809523809524,2.0,1.0,1.0,1.2011,12.6,0.9505813953488372,1.0,0.0,BRUTE_FORCE
14.207,951.0,2587.085607284958,133090.0,51.443987638148776,182.09935998345588,9367.917223903709,2134.0,451.0,0.0,1250.0,0.824866403334657,0.4831691678389509,4.7317073170731705,910.0,1.0,1.0,0.0241,2.72,0.03995793901156677,0.9736825070290538,0.0,PORT_SCAN
26.32,52.0,187848.0,23537588.0,125.30124355862186,7137.0820668693,894285.2583586626,6511.0,0.0,0.0,2102.0,0.03466100251266982,0.011189898215578553,6511.0,2.0,2.0,1.0,0.4724,3612.46,0.0,0.2494942719645671,0.7505004045824284,ANOMALY
43.538,2.0,58785.0,24723595.0,420.5765926681977,1350.1998254398457,567862.4420046856,3.0,46494.0,4.0,2.0,5.1033426894615975e-05,3.402228459641065e-05,6.45244547683572e-05,5.0,1.0,2.0,1.7264,29392.5,0.0,0.8493493238070936,0.003215105894360806,BENIGN
34.494,309.0,466.0,29037.0,62.31115879828326,13.50959587174581,841.7985736649853,265.0,30.0,0.0,119.0,0.5686695278969958,0.2553648068669528,8.833333333333334,256.0,1.0,1.0,0.0454,1.51,0.09385113268608414,0.9721030042918455,0.0,PORT_SCAN
6.984,873.0,998.0,54620.0,54.72945891783567,142.89805269186712,7820.733104238259,709.0,83.0,0.0,193.0,0.7104208416833667,0.1933867735470942,8.542168674698795,715.0,1.0,1.0,0.0027,1.14,0.10882016036655212,0.9899799599198397,0.0,PORT_SCAN
22.944,677.0,1573.0,141330.0,89.84742530197076,68.55822873082288,6159.780334728034,808.0,274.0,0.0,824.0,0.5136681500317863,0.5238397965670692,2.948905109489051,583.0,1.0,1.0,0.0025,2.32,0.11669128508124077,0.9554990464081373,0.0,PORT_SCAN
40.548,122105.0,444205.0,80401774.0,181.0015060613906,10955.040939133865,1982878.9089474203,58486.0,100302.0,10171.0,26341.0,0.13166443421393276,0.059299197442622215,0.5830990408964926,5.0,1.0,34.0,2.8637,3.64,0.0,0.9848583424319852,0.0,DOS_DDOS
26.977,100.0,137.0,9817.0,71.65693430656934,5.078400118619565,363.9025836823961,0.0,40.0,110.0,0.0,0.0,0.0,0.0,100.0,1.0,1.0,0.0257,1.37,0.0,1.0,0.0,ANOMALY
39.519,3506.0,92359.0,48306576.0,523.0305222014097,2337.0783673675955,1222363.3189098914,45285.0,9516.0,2331.0,0.0,0.49031496659773277,0.0,4.758827238335435,2.0,1.0,1.0,2.3384,26.34,0.0,0.9625483168938598,0.0,DOS_DDOS
21.07,192829.0,274415.0,14834120.0,54.05724905708507,13023.967726625533,704039.8671096346,174425.0,24258.0,0.0,11806.0,0.635624874733524,0.04302242953191334,7.190411410668645,3.0,1.0,110.0,0.0083,1.42,0.0,1.0,0.0,SYN_FLOOD
10.251,1411.0,1994.6085515350373,131410.0,65.88260132489042,194.57697312799118,12819.237147595357,1561.0,432.0,0.0,962.0,0.7826096999326835,0.4823001481968235,3.613425925925926,1130.0,1.0,1.0,0.0226,1.41,0.10276399716513111,0.9786381385449059,0.0,PORT_SCAN
23.339,297268.0,339010.0,16279711.0,48.02132975428454,14525.472385277862,697532.4992501822,252398.0,59726.0,0.0,19334.0,0.7445149110645704,0.0570307660540987,4.2259317550145665,2.0,1.0,1.0,0.0062,1.14,0.0,1.0,0.0,SYN_FLOOD
21.711,161225.0,219388.0,10799028.0,49.22342151804109,10104.923771360141,497398.9222053337,116935.0,24164.0,0.0,16051.0,0.5330054515287983,0.07316261600452167,4.839223638470452,1.0,1.0,1.0,0.0051,1.36,0.0,1.0,0.0,SYN_FLOOD
8.27,14.0,3339.0,1319683.0,395.23300389338124,403.7484885126965,159574.72793228537,30.0,2514.0,23.0,0.0,0.008984725965858042,0.0,0.011933174224343675,4.0,3.0,1.0,0.068,238.5,0.0,0.9937106918238994,0.0032943995208146153,BENIGN
10.618,143.0,1517.0,291069.0,191.87145682267632,142.87059709926538,27412.789602561686,303.0,526.0,54.0,439.0,0.1997363216875412,0.2893869479235333,0.5760456273764258,3.0,1.0,1.0,0.9632,10.61,0.993006993006993,1.0,0.0,BRUTE_FORCE
229.065,2.0,10.0,600.0,60.0,0.0436557309060747,2.6193438543644816,2.0,5.0,2.0,0.0,0.2,0.0,0.4,2.0,1.0,1.0,183.2517,5.0,0.0,1.0,0.0,ANOMALY
5.611,118042.0,157399.0,6740687.0,42.82547538421464,28051.86241311709,1201334.343254322,97138.0,34570.0,0.0,4031.0,0.6171449628015426,0.025610073761586794,2.809892970783917,3.0,1.0,1.0,0.004,1.33,0.0,1.0,0.0,SYN_FLOOD
28.246,215.0,258.0,17238.0,66.81395348837209,9.134036677759683,610.2811017489203,1.0,84.0,166.0,0.0,0.003875968992248062,0.0,0.011904761904761904,215.0,1.0,1.0,0.0252,1.2,0.0,1.0,0.0,ANOMALY
33.596,7.0,8181.0,4994993.0,610.5602004644909,243.51113227765214,148678.20573877843,13.0,4735.0,15.0,1.0,0.0015890477936682558,0.0001222344456667889,0.0027455121436114043,3.0,2.0,1.0,2.6225,1168.71,0.0,0.862730717516196,0.014790367925681457,BENIGN
79.12,356.0,3037.0,477800.0,157.3263088574251,38.38473205257836,6038.928210313447,872.0,980.0,242.0,375.0,0.28712545274942375,0.12347711557458017,0.889795918367347,3.0,1.0,1.0,1.23,8.53,0.9438202247191011,1.0,0.0,BRUTE_FORCE
64.246,85.0,1136.0,165562.0,145.7411971830986,17.68203467920182,2577.0009027799397,381.0,367.0,100.0,260.0,0.335387323943662,0.22887323943661972,1.0381471389645776,1.0,1.0,1.0,1.2693,13.36,0.9411764705882353,1.0,0.0,BRUTE_FORCE
4.667,12.0,1434.0,310075.0,216.23082287308227,307.26376687379474,66439.89715020356,30.0,1083.0,19.0,0.0,0.02092050209205021,0.0,0.027700831024930747,1.0,1.0,1.0,0.9967,119.5,0.0,0.8486750348675035,0.000697350069735007,BENIGN
28.133,534745.0,680387.0,47610773.0,69.9760180603098,24184.658586002206,1692346.1059965165,429816.0,49890.0,0.0,12237.0,0.631722828331523,0.017985352453824075,8.615273601924233,2.0,1.0,39.0,0.003,1.27,0.0,1.0,0.0,SYN_FLOOD
12.206,61.0,2352.0,20158677.0,8570.86607142857,192.69211863018188,1651538.3417991153,1164.0,964.0,0.0,0.0,0.49489795918367346,0.0,1.2074688796680497,1.0,1.0,1.0,0.4668,38.56,1.0,1.0,0.0,ANOMALY
80.808,186.0,2540.0,615880.0,242.4724409448819,31.43253143253143,7621.522621522621,359.0,1019.0,260.0,813.0,0.14133858267716534,0.32007874015748033,0.352306182531894,2.0,1.0,1.0,0.9977,13.66,0.9193548387096774,1.0,0.0,BRUTE_FORCE
80.801,163.0,2295.0,316175.0,137.76688453159042,28.403113822848727,3913.00850237002,449.0,816.0,237.0,572.0,0.19564270152505447,0.24923747276688454,0.5502450980392157,3.0,1.0,1.0,1.8054,14.08,0.8895705521472392,1.0,0.0,BRUTE_FORCE
6.536,8.0,2908.0,2280270.0,784.1368638239339,444.92044063647495,348878.51897184824,15.0,1856.0,15.0,1.0,0.00515818431911967,0.000343878954607978,0.008081896551724138,4.0,3.0,1.0,1.3156,363.5,0.0,0.9656121045392022,0.014099037138927097,BENIGN
69.296,413.0,3802.0,967705.0,254.52524986849028,54.86608173631955,13964.803163241744,831.0,1884.0,354.0,1082.0,0.2185691741188848,0.28458705944239876,0.4410828025477707,1.0,1.0,1.0,0.7756,9.21,0.9297820823244553,1.0,0.0,BRUTE_FORCE
39.412,432.0,900.0,60041.0,66.71222222222222,22.835684563077237,1523.419263168578,451.0,178.0,0.0,352.0,0.5011111111111111,0.39111111111111113,2.533707865168539,375.0,1.0,1.0,0.0274,2.08,0.11342592592592593,0.9944444444444445,0.0,PORT_SCAN
19.095,228511.0,249186.0,10950913.0,43.946742593885695,13049.80361351139,573496.3603037444,133518.0,29410.0,0.0,11805.0,0.5358166189111748,0.047374250559822785,4.539884393063584,2.0,1.0,192.0,0.0088,1.09,0.0,1.0,0.0,SYN_FLOOD
38.323,7195.0,425862.0,262511523.0,616.4239190160192,11112.43900529708,6849973.201471701,174677.0,27526.0,9569.0,0.0,0.4101727789753488,0.0,6.345891157451137,1.0,1.0,1.0,2.2793,59.19,0.0,0.905614964472059,0.0,DOS_DDOS
7.534,9.0,3508.0,1683000.0,479.76054732041047,465.6225112821874,223387.31085744625,18.0,2854.0,16.0,0.0,0.005131128848346636,0.0,0.006306937631394534,4.0,1.0,1.0,0.6857,389.78,0.0,0.8007411630558723,0.008836944127708095,BENIGN
9.443,773.0,1052.0,76472.0,72.69201520912547,111.40527374774966,8098.273853648206,20.0,399.0,816.0,0.0,0.019011406844106463,0.0,0.05012531328320802,773.0,1.0,1.0,0.0186,1.36,0.0,1.0,0.0,ANOMALY
36.356,3128.0,156933.0,132449352.0,843.9866184932423,4316.563978435472,3643122.2356694904,53142.0,9334.0,1549.0,19358.0,0.338628586721722,0.12335200372133331,5.693379044353975,2.0,1.0,28.0,2.4104,50.17,0.0,0.974383972778192,0.0,DOS_DDOS
39.532,8619.0,648184.0,541705571.0,835.7280818409588,16396.438328442782,13702963.953253062,59418.0,187627.0,22216.0,64372.0,0.0916684151413796,0.09931130666600842,0.3166815010632798,4.0,1.0,52.0,0.4265,75.2,0.0,0.9152231465139529,0.0,DOS_DDOS
14.544,1300.0,2682.0,239527.0,89.30909768829233,184.4059405940594,16469.12816281628,1625.0,423.0,0.0,581.0,0.6058911260253542,0.21662938105891125,3.84160756501182,1031.0,1.0,1.0,0.0229,2.06,0.10923076923076923,0.9988814317673378,0.0,PORT_SCAN
67.998,254.0,3518.0,352062.0,100.07447413303014,51.736815788699666,5177.53463337157,815.0,2096.0,188.0,413.0,0.23166571915861284,0.11739624786810687,0.38883587786259544,2.0,1.0,1.0,1.926,13.85,0.9645669291338582,1.0,0.0,BRUTE_FORCE
33.596,89.0,8545.0,35412658.0,4144.254885898186,254.34575544707707,1054073.6397190143,3287.0,2285.0,0.0,0.0,0.38466939730836747,0.0,1.4385120350109408,1.0,1.0,1.0,0.214,96.01,1.0,1.0,0.0,ANOMALY
34.271,263.0,4029.0,511490.0,126.95209729461405,117.56295410113506,14924.863587289545,914.0,2055.0,406.0,1447.0,0.22685529908165797,0.35914619012161825,0.44476885644768854,1.0,1.0,1.0,2.3808,15.32,0.870722433460076,1.0,0.0,BRUTE_FORCE
43.038,46351.0,1190488.0,630286658.0,529.4355407194361,27661.32255216321,14644887.26241926,574958.0,294186.0,16787.0,280004.0,0.48295992903750395,0.2352010268058141,1.9544029967435568,3.0,1.0,1.0,2.8876,25.68,0.0,0.9227451263683464,0.0,DOS_DDOS
5.865,14.0,1542.0,657053.0,426.10440985732816,262.91560102301787,112029.49701619778,32.0,1066.0,30.0,0.0,0.020752269779507133,0.0,0.0300187617260788,3.0,2.0,1.0,0.1246,110.14,0.14285714285714285,0.9494163424124513,0.01556420233463035,BENIGN
39.567,1360.0,132033.0,59702029.0,452.1750547211682,3336.947456213511,1508884.3986150075,56444.0,8539.0,769.0,0.0,0.4274991858096082,0.0,6.6101417027755005,3.0,1.0,1.0,2.2325,97.08,0.0,0.9243143759514667,0.0,DOS_DDOS
19.116,3.0,11209.0,8874897.0,791.7652779016861,586.3674408872149,464265.37978656625,7.0,7502.0,6.0,2.0,0.0006244981711124989,0.0001784280488892854,0.0009330845107971208,4.0,2.0,1.0,5.5692,3736.33,0.0,0.8157730395218128,0.019091801231153536,BENIGN
24.231,2.0,13745.0,4007105.0,291.531829756275,567.2485658866741,165371.012339565,3.0,7877.0,2.0,3.0,0.00021826118588577664,0.00021826118588577664,0.00038085565570648725,1.0,2.0,1.0,2.6101,6872.5,0.0,0.8389959985449255,0.0005092761004001455,BENIGN
82.893,136.0,1274.0,144299.0,113.26452119309262,15.369210910450821,1740.7863148878675,294.0,500.0,30.0,255.0,0.23076923076923078,0.2001569858712716,0.588,2.0,1.0,1.0,1.2188,9.37,0.9632352941176471,1.0,0.0,BRUTE_FORCE
19.53,362062.0,526085.0,36558225.0,69.49109934706368,26937.27598566308,1871900.921658986,284902.0,59188.0,0.0,24721.0,0.5415512702319968,0.0469905053365901,4.813509495167939,3.0,1.0,1.0,0.0063,1.45,0.0,1.0,0.0,SYN_FLOOD
40.283,224.0,1423.0,112335.0,78.94237526352777,35.32507509371199,2788.64533426011,329.0,550.0,186.0,448.0,0.23120168657765286,0.31482782853127195,0.5981818181818181,3.0,1.0,1.0,0.1186,6.35,0.8660714285714286,1.0,0.0,BRUTE_FORCE
17.393,153443.0,214964.0,11928219.0,55.48937961705216,12359.224975564883,685805.726441672,110995.0,42206.0,0.0,6865.0,0.5163422712640257,0.031935579911054876,2.6298393593327964,3.0,1.0,1.0,0.0099,1.4,0.0,1.0,0.0,SYN_FLOOD
40.481,24908.0,605910.0,298339949.0,492.3832730933637,14967.762654084632,7369875.966502803,196026.0,83042.0,2879.0,76803.0,0.32352329553894144,0.12675644897757093,2.360564533609499,4.0,1.0,1.0,1.9123,24.33,0.0,0.9000445610734268,0.0,DOS_DDOS
47.73,117374.0,383407.0,41776529.0,108.9613100438959,8032.830504923529,875267.7351770375,92970.0,22603.0,60.0,0.0,0.24248383571504956,0.0,4.113170818033004,3.0,1.0,31.0,0.6183,3.27,0.0,0.9500948078673577,0.0,DOS_DDOS
10.375,1073.0,2663.0,192894.0,72.43484791588435,256.67469879518075,18592.192771084337,2106.0,347.0,0.0,1295.0,0.7908374014269621,0.4862936537739392,6.069164265129683,1066.0,1.0,1.0,0.0294,2.48,0.05125815470643057,0.9831017649267744,0.0,PORT_SCAN
53.45,6276.0,209757.0,100413502.0,478.71347320947575,3924.359214218896,1878643.6295603367,99392.0,53293.0,1229.0,0.0,0.4738435427661532,0.0,1.8650104141256825,2.0,1.0,1.0,2.2586,33.42,0.0,0.9183197700195941,0.0,DOS_DDOS
14.468,1104.0,2869.0,180426.0,62.88811432554897,198.299695880564,12470.693945258501,1460.0,545.0,0.0,967.0,0.5088881143255489,0.33705123736493553,2.6788990825688073,920.0,1.0,1.0,0.038,2.6,0.07518115942028986,0.9895433949111189,0.0,PORT_SCAN
7.505,5.0,2235.0,1137727.0,509.05011185682326,297.8014656895403,151595.8694203864,10.0,1824.0,10.0,2.0,0.0044742729306487695,0.0008948545861297539,0.005482456140350877,2.0,3.0,1.0,1.0861,447.0,0.0,0.9570469798657718,0.017897091722595078,BENIGN
9.468,134.0,185.0,13167.0,71.17297297297297,19.539501478664977,1390.6844106463877,5.0,37.0,134.0,0.0,0.02702702702702703,0.0,0.13513513513513514,134.0,1.0,1.0,0.0271,1.38,0.0,1.0,0.0,ANOMALY
16.865,843.0,1997.0361125795735,127797.0,63.993334519586874,118.4130514426074,7577.646012451824,1524.0,471.0,0.0,983.0,0.7631309170626103,0.49222945634681486,3.2356687898089174,825.0,1.0,1.0,0.0084,2.37,0.020166073546856466,0.9764470395486154,0.0,PORT_SCAN
57.605,4.0,56897.0,27238951.0,478.7414274917834,987.7094002256749,472857.4082110928,7.0,51276.0,8.0,0.0,0.00012302933370827987,0.0,0.0001365161089008503,5.0,2.0,2.0,3.2489,14224.25,0.0,0.816018419248818,0.00043939047752957096,BENIGN
10.129,6.0,1485.0,456560.0,307.44781144781143,146.60874716161518,45074.53845394412,14.0,1180.0,6.0,0.0,0.009427609427609427,0.0,0.011864406779661017,5.0,3.0,1.0,1.2703,247.5,0.0,0.8033670033670034,0.003367003367003367,BENIGN
51.446,4194.0,206762.0,152243887.0,736.3243100763196,4019.0102243128717,2959294.93060685,26791.0,50585.0,3342.0,39162.0,0.12957409968949807,0.18940617715054023,0.5296234061480676,2.0,1.0,1.0,3.7956,49.3,0.0,0.9126531954614484,0.0,DOS_DDOS
14.872,124979.0,165745.0,12048000.0,72.68997556487375,11144.768692845617,810112.9639591178,107629.0,37236.0,0.0,12299.0,0.6493649883857733,0.07420435005580862,2.8904554731979806,3.0,1.0,1.0,0.0095,1.33,0.0,1.0,0.0,SYN_FLOOD
38.32,65088.0,216285.0,22278122.0,103.00354624685022,5644.180584551148,581370.6158663883,27172.0,17566.0,2931.0,0.0,0.12563053378643918,0.0,1.5468518729363543,3.0,1.0,1.0,2.7739,3.32,0.0,0.9805164482049148,0.0,DOS_DDOS
36.128,173.0,330.0,29693.0,89.97878787878788,9.134189548272808,821.8833038086802,271.0,28.0,0.0,167.0,0.8212121212121212,0.5060606060606061,9.678571428571429,140.0,1.0,1.0,0.0339,1.91,0.03468208092485549,0.9545454545454546,0.0,PORT_SCAN
9.724,7.0,2173.0,592672.0,272.7436723423838,223.4677087618264,60949.40353763883,14.0,1611.0,16.0,0.0,0.006442705936493327,0.0,0.008690254500310366,6.0,1.0,1.0,0.3335,310.43,0.0,0.8803497468936954,0.01840773124712379,BENIGN
55.961,3118.0,253389.0,295751327.0,1167.182975582997,4527.956970032701,5284954.289594539,116595.0,32547.0,1981.0,0.0,0.4601423108343298,0.0,3.582357820997327,2.0,1.0,1.0,0.5497,81.27,0.0,0.9702710062394184,0.0,DOS_DDOS
28.016,147.0,8817.0,79387402.0,9003.901780651015,314.7130211307824,2833645.1313535124,3303.0,3787.0,0.0,0.0,0.3746172167403879,0.0,0.8721943490889886,1.0,1.0,1.0,0.1971,59.98,1.0,1.0,0.0,ANOMALY
17.191,345.0,683.0,33787.0,49.46852122986823,39.73009132685708,1965.388866267233,538.0,139.0,0.0,277.0,0.787701317715959,0.4055636896046852,3.870503597122302,294.0,1.0,1.0,0.0436,1.98,0.043478260869565216,0.9985358711566618,0.0,PORT_SCAN
25.702,1053.0,2555.0,184997.0,72.40587084148729,99.40860633413742,7197.766710761808,1696.0,361.0,0.0,1009.0,0.6637964774951076,0.3949119373776908,4.698060941828255,937.0,1.0,1.0,0.0025,2.43,0.1177587844254511,0.9968688845401175,0.0,PORT_SCAN
13.943,1073.0,2355.0,173200.0,73.5456475583864,168.9019579717421,12422.003872911138,1282.0,543.0,0.0,673.0,0.5443736730360934,0.28577494692144373,2.3609576427255985,1063.0,1.0,1.0,0.0078,2.19,0.04473438956197577,0.9847133757961783,0.0,PORT_SCAN
87.574,201.0,2414.0,200219.0,82.94076222038112,27.56525909516523,2286.2836001552973,347.0,1029.0,130.0,743.0,0.14374482187241094,0.30778790389395194,0.337220602526725,1.0,1.0,1.0,0.942,12.01,0.8706467661691543,1.0,0.0,BRUTE_FORCE
22.898,1566.0,107833.0,125094380.0,1160.0751161518274,4709.275919294261,5463113.809066294,23453.0,8186.0,4048.0,20517.0,0.21749371713668358,0.19026643049901237,2.86501343757635,4.0,1.0,1.0,0.9969,68.86,0.0,0.9666057700332922,0.0,DOS_DDOS
32.158,128651.0,561976.0,128690659.0,228.99671694164874,17475.46489209528,4001824.087318863,223473.0,46108.0,10991.0,0.0,0.39765577177673067,0.0,4.846729417888436,3.0,1.0,26.0,3.0275,4.37,0.0,0.924592865175737,0.0,DOS_DDOS
13.803,7470.0,42089.0,10907522.0,259.1537456342512,3049.264652611751,790228.3561544592,18760.0,5038.0,899.0,0.0,0.4457221601843712,0.0,3.723699880905121,4.0,1.0,1.0,1.6382,5.63,0.0,0.9109030863170899,0.0,DOS_DDOS
294.252,4.0,6.0,289.0,48.166666666666664,0.020390685534847682,0.98215135326183,4.0,1.0,4.0,0.0,0.6666666666666666,0.0,4.0,4.0,1.0,1.0,235.402,1.5,0.0,1.0,0.0,ANOMALY
20.256,143891.0,170158.0,8645322.0,50.80761409983662,8400.375197472355,426803.0213270142,85722.0,45077.0,0.0,11935.0,0.5037788408420409,0.07014069276789807,1.9016793486700534,3.0,1.0,1.0,0.0045,1.18,0.0,1.0,0.0,SYN_FLOOD
128.472,1.0,5.0,204.0,40.8,0.03891898623824647,1.5878946385204558,1.0,2.0,1.0,0.0,0.2,0.0,0.5,1.0,1.0,1.0,102.7775,5.0,0.0,1.0,0.0,ANOMALY
31.14,5768.0,223069.0,219189502.0,982.6085291994854,7163.423249839435,7038840.783558125,37010.0,55966.0,2851.0,49666.0,0.1659127893163102,0.22264859751915328,0.6612943572883536,4.0,1.0,20.0,2.8487,38.67,0.0,0.9455997919926121,0.0,DOS_DDOS
30.987,4067.0,160841.0,213229402.0,1325.71547055788,5190.596056410754,6881253.493400458,71916.0,28279.0,1383.0,0.0,0.44712480026858825,0.0,2.543088510909155,4.0,1.0,1.0,3.757,39.55,0.0,0.9238253927792043,0.0,DOS_DDOS
229.847,4.0,12.0,934.0,77.83333333333333,0.05220864314087197,4.063572724464535,4.0,6.0,4.0,0.0,0.3333333333333333,0.0,0.6666666666666666,4.0,1.0,1.0,183.8777,3.0,0.0,1.0,0.0,ANOMALY
45.874,5.0,18970.0,11897205.0,627.1589351607802,413.52400052317216,259345.27183153856,10.0,13913.0,8.0,0.0,0.0005271481286241434,0.0,0.000718752246100769,5.0,2.0,1.0,5.127,3794.0,0.0,0.999367422245651,0.017554032683183975,BENIGN
25.626,552.0,739.0,59755.0,80.85926928281461,28.837899008819168,2331.8114415047216,5.0,210.0,464.0,0.0,0.006765899864682003,0.0,0.023809523809523808,552.0,1.0,1.0,0.0226,1.34,0.0,1.0,0.0,ANOMALY
32.741,75271.0,162326.0,20711122.0,127.58967756243608,4957.881555236554,632574.5090253811,40884.0,36952.0,1120.0,0.0,0.2518635338762737,0.0,1.106408313487768,2.0,1.0,56.0,2.226,2.16,0.0,0.9365720833384671,0.0,DOS_DDOS
42.156,67.0,1202.0,204543.0,170.16888519134775,28.513141664294526,4852.04953031597,353.0,456.0,134.0,99.0,0.29367720465890185,0.08236272878535773,0.7741228070175439,1.0,1.0,1.0,2.2737,17.94,0.9552238805970149,1.0,0.0,BRUTE_FORCE
7.511,977.0,2006.0,157768.0,78.6480558325025,267.07495673012914,21004.926108374384,1163.0,157.0,0.0,692.0,0.5797607178464607,0.34496510468594216,7.407643312101911,895.0,1.0,1.0,0.0418,2.05,0.06653019447287616,0.985543369890329,0.0,PORT_SCAN
27.894,255900.0,322147.0,17608276.0,54.65913387366637,11548.971104897111,631256.7577256758,212865.0,83553.0,0.0,5018.0,0.6607697728055826,0.015576739811328368,2.5476643567555923,2.0,1.0,1.0,0.0089,1.26,0.0,1.0,0.0,SYN_FLOOD
9.122,142.0,318.0,18560.0,58.36477987421384,34.86077614558211,2034.6415259811445,167.0,74.0,0.0,129.0,0.5251572327044025,0.4056603773584906,2.2567567567567566,125.0,1.0,1.0,0.0445,2.24,0.07746478873239436,0.9842767295597484,0.0,PORT_SCAN
12.746,110018.0,153769.0,12032854.0,78.25279477658046,12064.098540718656,944049.4272713008,128446.0,14244.0,0.0,7451.0,0.8353179119328343,0.048455800583992875,9.017551249648974,2.0,1.0,1.0,0.0021,1.4,0.0,1.0,0.0,SYN_FLOOD
11.76,81037.0,87852.0,5950128.0,67.72899877065974,7470.408163265306,505963.2653061225,72045.0,7081.0,0.0,5743.0,0.8200723944816282,0.06537130628784775,10.174410394012146,1.0,1.0,1.0,0.0035,1.08,0.0,1.0,0.0,SYN_FLOOD
14.997,406.0,764.0,48698.0,63.74083769633508,50.943522037740884,3247.1827698873108,612.0,93.0,0.0,375.0,0.8010471204188482,0.4908376963350785,6.580645161290323,329.0,1.0,1.0,0.022,1.88,0.0665024630541872,0.9790575916230366,0.0,PORT_SCAN
27.514,191807.0,207093.0,9756721.0,47.11275127599677,7526.82270843934,354609.326161227,132971.0,9926.0,0.0,5709.0,0.6420835083754641,0.02756732482507859,13.396232117670763,2.0,1.0,39.0,0.0026,1.08,0.0,1.0,0.0,SYN_FLOOD
31.85,486.0,563.969129051004,45393.0,80.48844814676863,17.707037018869826,1425.2119309262166,462.0,100.0,0.0,242.0,0.8191937753355607,0.4291015013662461,4.62,448.0,1.0,1.0,0.0373,1.16,0.09465020576131687,0.9947352986217524,0.0,PORT_SCAN
48.461,13707.0,387224.0,195652162.0,505.2686868582526,7990.425290439735,4037311.6939394567,71870.0,54960.0,4950.0,0.0,0.18560316509307273,0.0,1.3076783114992723,3.0,1.0,48.0,2.2057,28.25,0.0,0.9617069189926244,0.0,DOS_DDOS
9.892,493.0,576.0,31644.0,54.9375,58.22887181560858,3198.948645369996,516.0,45.0,0.0,156.0,0.8958333333333334,0.2708333333333333,11.466666666666667,410.0,1.0,1.0,0.016,1.17,0.05070993914807302,0.984375,0.0,PORT_SCAN
35.153,962.0,2120.0,164629.0,77.65518867924528,60.30779734304327,4683.213381503712,961.0,473.0,0.0,590.0,0.4533018867924528,0.2783018867924528,2.031712473572939,772.0,1.0,1.0,0.0369,2.2,0.037422037422037424,0.9754716981132076,0.0,PORT_SCAN
47.08,4.0,58473.0,26163193.0,447.4405794127204,1241.9923534409515,555717.7782497876,9.0,40096.0,8.0,0.0,0.00015391719255040788,0.0,0.00022446129289704707,4.0,1.0,2.0,5.26,14618.25,0.0,0.9998460828074496,0.011560891351563969,BENIGN
28.673,198359.0,336123.0,64008012.0,190.4303246133112,11722.631046629234,2232344.435531685,86207.0,70797.0,5416.0,64696.0,0.2564745643707809,0.1924771586591813,1.217664590307499,3.0,1.0,1.0,0.9293,1.69,0.0,0.9776064119384869,0.0,DOS_DDOS
16.158,212.0,302.0,12314.0,40.77483443708609,18.690431984156454,762.0992697115979,1.0,114.0,176.0,0.0,0.0033112582781456954,0.0,0.008771929824561403,212.0,1.0,1.0,0.0222,1.42,0.0,1.0,0.0,ANOMALY
17.081,1072.0,1344.0,100631.0,74.87425595238095,78.6839178034073,5891.399800948422,990.0,332.0,0.0,675.0,0.7366071428571429,0.5022321428571429,2.9819277108433737,862.0,1.0,1.0,0.04,1.25,0.030783582089552237,0.9747023809523809,0.0,PORT_SCAN
8.245,14.0,2052.0,1062646.0,517.8586744639376,248.87810794420864,128883.68708308067,30.0,1496.0,28.0,0.0,0.014619883040935672,0.0,0.020053475935828877,4.0,3.0,2.0,1.0202,146.57,0.0,0.9961013645224172,0.015594541910331383,BENIGN
63.452,94.0,1155.0,95326.0,82.53333333333333,18.202735926369538,1502.3324717896994,373.0,372.0,97.0,436.0,0.3229437229437229,0.3774891774891775,1.0026881720430108,3.0,1.0,1.0,0.7308,12.29,0.9680851063829787,1.0,0.0,BRUTE_FORCE
20.197,172393.0,235537.0,14591718.0,61.950852732267116,11661.979501906224,722469.5746893103,138593.0,10652.0,0.0,12684.0,0.588412860824414,0.05385141188008678,13.010983852797597,2.0,1.0,1.0,0.0072,1.37,0.0,1.0,0.0,SYN_FLOOD
9.308,14.0,2996.0,1213499.0,405.0397196261682,321.8736570691878,130371.61581435325,30.0,1808.0,21.0,0.0,0.010013351134846462,0.0,0.016592920353982302,1.0,1.0,1.0,1.3772,214.0,0.0,0.9269025367156208,0.006675567423230975,BENIGN
157.795,4.0,6.5,339.0,52.15384615384615,0.041192686713774206,2.1483570455337624,4.0,1.0,4.0,0.0,0.6153846153846154,0.0,4.0,4.0,1.0,1.0,126.2362,1.62,0.0,0.9230769230769231,0.0,ANOMALY
19.011,83716.0,100510.0,10361197.0,103.08623022584817,5286.939140497607,545010.6254273842,18911.0,17276.0,3695.0,0.0,0.18815043279275695,0.0,1.0946399629543875,5.0,1.0,1.0,1.8495,1.2,0.0,0.9390806884887076,0.0,DOS_DDOS
50.741,387.0,5832.0,900720.0,154.44444444444446,114.93663900987367,17751.3253581916,1286.0,2354.0,346.0,1654.0,0.22050754458161864,0.2836076817558299,0.546304163126593,3.0,1.0,1.0,1.8303,15.07,0.8785529715762274,1.0,0.0,BRUTE_FORCE
62.646,473.0,2743.0,307694.0,112.17426175720014,43.785716566101584,4911.630431312454,895.0,994.0,306.0,807.0,0.32628508931826466,0.2942034269048487,0.9004024144869215,2.0,1.0,1.0,1.8733,5.8,0.9133192389006343,1.0,0.0,BRUTE_FORCE
19.447,8.0,2250.0,1396995.0,620.8866666666667,115.69907954954492,71836.01583791844,14.0,1753.0,8.0,1.0,0.006222222222222222,0.00044444444444444447,0.007986309184255563,3.0,1.0,1.0,1.2019,281.25,0.0,0.8693333333333333,0.014222222222222223,BENIGN
21.592,26213.0,144653.0,14607475.0,100.98286934940859,6699.379399777696,676522.5546498704,46407.0,14797.0,957.0,0.0,0.32081602179007696,0.0,3.1362438332094342,5.0,1.0,1.0,3.8394,5.52,0.0,0.9424208277740523,0.0,DOS_DDOS
6.76,596.0,884.0,62156.0,70.31221719457014,130.76923076923077,9194.674556213018,37.0,295.0,509.0,0.0,0.0418552036199095,0.0,0.12542372881355932,596.0,1.0,1.0,0.0094,1.48,0.0,1.0,0.0,ANOMALY
23.14,1120.0,2245.0,127431.0,56.76213808463252,97.0181503889369,5506.95764909248,1067.0,273.0,0.0,1092.0,0.4752783964365256,0.4864142538975501,3.9084249084249083,902.0,1.0,1.0,0.0365,2.0,0.02857142857142857,0.9964365256124722,0.0,PORT_SCAN
15.718,354124.0,419298.8842933825,26005606.0,62.02164368699806,26676.350953898876,1654511.133732027,348593.0,70704.0,0.0,16806.0,0.8313711604252451,0.04008119417804336,4.930315116542205,3.0,1.0,1.0,0.01,1.18,0.0,0.9999978910189947,0.0,SYN_FLOOD
30.441,80.0,7383.0,68217280.0,9239.777868075309,242.5347393318222,2240967.116717585,3500.0,1724.0,0.0,0.0,0.4740620344033591,0.0,2.0301624129930396,1.0,1.0,1.0,0.3062,92.29,1.0,1.0,0.0,ANOMALY
27.535,42.0,189934.0,16161907.0,85.0922267735108,6897.911748683494,586958.6707826402,4641.0,0.0,0.0,8778.0,0.024434803668642792,0.04621605399770447,4641.0,1.0,3.0,1.0,0.1127,4522.24,0.0,0.21252645655859403,0.7874682784546211,ANOMALY
23.286,25.0,21249.0,2096461.0,98.66163113558285,912.522545735635,90030.96281027226,999.0,0.0,0.0,178.0,0.04701397712833545,0.008376864793637348,999.0,3.0,1.0,1.0,0.4042,849.96,0.0,0.15981928561344064,0.8401336533483929,ANOMALY
64.392,435.0,5170.0,1255539.0,242.85087040618956,80.28947695365885,19498.369362653746,1651.0,2651.0,573.0,1599.0,0.31934235976789166,0.309284332688588,0.6227838551490004,2.0,1.0,1.0,0.5244,11.89,0.9264367816091954,1.0,0.0,BRUTE_FORCE
6.767,228.0,278.8486989793728,24894.0,89.27421964354038,41.20713742860541,3678.7350376828726,215.0,61.0,0.0,101.0,0.77102744530253,0.3622035905839792,3.5245901639344264,182.0,1.0,1.0,0.0415,1.22,0.021929824561403508,0.9467499793482229,0.0,PORT_SCAN
48.582,4.0,62255.0,52164852.0,837.9222873664766,1281.4416862212342,1073748.5488452513,8.0,39804.0,4.0,0.0,0.00012850373463978797,0.0,0.00020098482564566376,5.0,3.0,1.0,2.214,15563.75,0.0,0.9991004738575214,0.019885952935507187,BENIGN
16.022,31525.0,61867.0,14041154.0,226.95708536053147,3861.3781051054802,876367.1202097117,6876.0,16804.0,2097.0,3853.0,0.11114164255580519,0.06227875927392633,0.4091882885027374,4.0,1.0,1.0,2.0822,1.96,0.0,0.9539819289766758,0.0,DOS_DDOS
59.674,8998.0,745389.0,513537758.0,688.9526918159511,12491.017863726245,8605720.380735328,207733.0,184564.0,14391.0,0.0,0.2786907239038945,0.0,1.1255336902104418,4.0,1.0,19.0,3.3158,82.84,0.0,0.9113657432562058,0.0,DOS_DDOS
3.773,11.0,489.0,115537.0,236.2719836400818,129.60508878876226,30622.051417969786,27.0,424.0,12.0,0.0,0.05521472392638037,0.0,0.06367924528301887,3.0,1.0,1.0,1.4021,44.45,0.0,0.9652351738241309,0.002044989775051125,BENIGN
8.27,42005.0,46660.0,2069386.0,44.350321474496354,5642.079806529626,250228.05320435308,28715.0,9910.0,0.0,154.0,0.6154093441920274,0.0033004714959279898,2.897578203834511,1.0,1.0,130.0,0.0092,1.11,0.0,1.0,0.0,SYN_FLOOD
31.149,1036.0,2567.0,224727.0,87.54460459680561,82.41035025201451,7214.58152749687,1285.0,626.0,0.0,768.0,0.5005843396961434,0.2991819244253993,2.0527156549520766,992.0,1.0,1.0,0.0459,2.48,0.059845559845559844,0.9898714452668484,0.0,PORT_SCAN
19.538,602.0,54350.0,63078600.0,1160.5998160073598,2781.7586242194698,3228508.5474460027,23371.0,13431.0,1381.0,0.0,0.4300091996320147,0.0,1.7400789218971038,4.0,1.0,50.0,2.5905,90.28,0.0,0.9895492180312787,0.0,DOS_DDOS
16.359,3.0,21225.0,10362683.0,488.23005889281507,1297.4509444342561,633454.5510116755,7.0,14645.0,4.0,0.0,0.0003297997644287397,0.0,0.00047797883236599524,2.0,3.0,1.0,1.259,7075.0,0.0,0.8618138987043581,0.0040518256772673735,BENIGN
13.969,204519.0,245840.0,14394963.0,58.55419378457533,17598.969145966068,1030493.4497816594,126437.0,25937.0,0.0,14489.0,0.5143060527172144,0.058936706801171496,4.874773489609439,2.0,1.0,1.0,0.0081,1.2,0.0,1.0,0.0,SYN_FLOOD
58.563,382.0,4726.0,945377.0,200.03745239102835,80.69941772108669,16142.905930365589,1350.0,2125.0,199.0,1145.0,0.28565382987727467,0.24227676682183666,0.6352941176470588,1.0,1.0,1.0,0.4387,12.37,0.9581151832460733,1.0,0.0,BRUTE_FORCE
40.54,9093.0,229937.0,139639222.0,607.2933977567768,5671.854958066107,3444480.0690675876,89422.0,18402.0,1088.0,0.0,0.38889782853564236,0.0,4.85936311270514,3.0,1.0,13.0,2.0582,25.29,0.0,0.9645468106481341,0.0,DOS_DDOS
18.149,8.0,5959.0,3571863.0,599.4064440342339,328.33764945727035,196807.70290374124,19.0,5631.0,12.0,0.0,0.0031884544386642055,0.0,0.0033741786538803056,4.0,2.0,2.0,3.8032,744.88,0.0,0.949823795938916,0.01762040610840745,BENIGN
23.78,214018.0,333549.6576057465,20133353.0,60.360886425485376,14026.47845272273,846650.6728343145,256049.0,77499.0,0.0,2770.0,0.7676488167847206,0.008304610533505993,3.303900695492845,2.0,1.0,151.0,0.0093,1.56,0.0,0.9999980284622348,0.0,SYN_FLOOD
5.843,9.0,2335.0,1354486.0,580.0796573875803,399.6234810884819,231813.4519938388,16.0,1982.0,12.0,0.0,0.006852248394004282,0.0,0.008072653884964682,1.0,1.0,2.0,0.5918,259.44,0.0,0.8304068522483941,0.003426124197002141,BENIGN
33.939,484.0,7704.0,1525690.0,198.03868120456906,226.9954919119597,44953.88785762692,1800.0,2491.0,233.0,1146.0,0.2336448598130841,0.14875389408099687,0.7226013649136893,1.0,1.0,1.0,2.1893,15.92,0.8533057851239669,1.0,0.0,BRUTE_FORCE
20.292,44.0,135275.0,8771445.0,64.84158196266864,6666.420264143504,432261.23595505615,2639.0,0.0,0.0,6346.0,0.019508408796895214,0.04691184623914249,2639.0,1.0,2.0,1.0,0.4159,3074.43,0.0,0.25158381075586767,0.7484087968952134,ANOMALY
24.349,143.0,187.0,14515.0,77.62032085561498,7.6799868577765,596.1230440675182,104.0,31.0,0.0,47.0,0.5561497326203209,0.25133689839572193,3.3548387096774195,113.0,1.0,1.0,0.0271,1.31,0.04195804195804196,0.9679144385026738,0.0,PORT_SCAN
38.271,769.0,816.0,57438.0,70.38970588235294,21.32162734185153,1500.823077526064,39.0,255.0,663.0,0.0,0.04779411764705882,0.0,0.15294117647058825,769.0,1.0,1.0,0.027,1.06,0.0,1.0,0.0,ANOMALY
36.068,106.0,3171.0,15088133.0,4758.1624093345945,87.91726738383055,418324.63679716096,1318.0,993.0,0.0,0.0,0.41564175339009773,0.0,1.3272910372608258,1.0,1.0,1.0,0.4089,29.92,1.0,1.0,0.0,ANOMALY
14.703,8038.0,214036.0,226941224.0,1060.2946420228373,14557.301231041285,15435028.497585528,80902.0,55673.0,102.0,20130.0,0.3779831430226691,0.09404959913285615,1.4531640112801538,1.0,1.0,24.0,2.4136,26.63,0.0,0.96075893774879,0.0,DOS_DDOS
26.349,857.0,1057.0,46685.0,44.1674550614948,40.115374397510344,1771.793995977077,750.0,209.0,0.0,371.0,0.7095553453169348,0.3509933774834437,3.588516746411483,783.0,1.0,1.0,0.0156,1.23,0.09684947491248541,0.9867549668874173,0.0,PORT_SCAN
35.607,7.0,8884.0,1958826.0,220.4891940567312,249.50150251355072,55012.38520515629,16.0,7909.0,14.0,0.0,0.0018009905447996398,0.0,0.0020230117587558476,2.0,3.0,2.0,4.9165,1269.14,0.0,0.9432687978388113,0.01891040072039622,BENIGN
62.602,227.0,1647.0,376477.0,228.58348512446872,26.309063608191433,6013.817449921728,306.0,505.0,119.0,642.0,0.18579234972677597,0.38979963570127507,0.6059405940594059,1.0,1.0,1.0,0.4519,7.26,0.8546255506607929,1.0,0.0,BRUTE_FORCE
32.601,221.0,318.0,12982.0,40.82389937106918,9.754302015275606,398.20864390662865,1.0,126.0,178.0,0.0,0.0031446540880503146,0.0,0.007936507936507936,221.0,1.0,1.0,0.0224,1.44,0.0,1.0,0.0,ANOMALY
20.35,115876.0,157168.0,8023042.0,51.0475542095083,7723.243243243242,394252.6781326781,107430.0,19986.0,0.0,2435.0,0.6835360887712512,0.01549297566934745,5.375262683878715,1.0,1.0,1.0,0.0032,1.36,0.0,1.0,0.0,SYN_FLOOD
4.301,6.0,453.0,240981.0,531.9668874172186,105.32434317600557,56029.06300860265,15.0,354.0,9.0,0.0,0.033112582781456956,0.0,0.0423728813559322,6.0,2.0,1.0,0.2974,75.5,0.0,0.9558498896247241,0.0,BENIGN
9.174,14.0,970.0,270526.0,278.8927835051546,105.73359494222804,29488.336603444517,36.0,572.0,16.0,0.0,0.03711340206185567,0.0,0.06293706293706294,1.0,3.0,2.0,1.2481,69.29,0.0,0.9597938144329897,0.01752577319587629,BENIGN
24.699,220521.0,259180.47344555633,16839053.0,64.97037672684561,10493.56141728638,681770.6384873881,206748.0,52431.0,0.0,6547.0,0.7976989826875583,0.025260390618798943,3.943239686445042,2.0,1.0,1.0,0.009,1.18,0.0,0.999998173297741,0.0,SYN_FLOOD
22.247,1165.0,2155.0,182544.0,84.70719257540603,96.86699330246775,8205.331055872703,996.0,131.0,0.0,575.0,0.46218097447795825,0.2668213457076566,7.603053435114504,1023.0,1.0,1.0,0.04,1.85,0.030901287553648068,0.974477958236659,0.0,PORT_SCAN
25.834,6.0,20586.0,10049627.0,488.17774215486253,796.8568553069598,389007.78044437565,12.0,13306.0,12.0,0.0,0.0005829204313611193,0.0,0.00090184879001954,1.0,1.0,1.0,3.3374,3431.0,0.0,0.8605848634994656,0.007383658797240843,BENIGN
238.266,3.0,7.5,475.0,63.333333333333336,0.03147742439122661,1.993570211444352,3.0,3.0,3.0,0.0,0.4,0.0,1.0,3.0,1.0,1.0,190.6127,2.5,0.0,0.9333333333333333,0.0,ANOMALY
33.185,513.0,1106.0,60354.0,54.56962025316456,33.328310983878254,1818.7132740696097,597.0,275.0,0.0,115.0,0.5397830018083183,0.10397830018083183,2.170909090909091,508.0,1.0,1.0,0.004,2.16,0.09746588693957114,0.9783001808318263,0.0,PORT_SCAN
58.96,168.0,939.0,107384.0,114.35995740149095,15.926051560379918,1821.302578018996,296.0,366.0,82.0,236.0,0.3152289669861555,0.25133120340788073,0.8087431693989071,3.0,1.0,1.0,0.9039,5.59,0.9226190476190477,1.0,0.0,BRUTE_FORCE
9.567,241.0,350.0,25214.0,72.04,36.58409114664994,2635.5179262046618,2.0,139.0,225.0,0.0,0.005714285714285714,0.0,0.014388489208633094,241.0,1.0,1.0,0.0223,1.45,0.0,1.0,0.0,ANOMALY
10.791,10.0,1319.0,511730.0,387.9681576952237,122.23148920396626,47421.92567880641,18.0,1247.0,17.0,0.0,0.013646702047005308,0.0,0.014434643143544507,6.0,1.0,1.0,0.1206,131.9,0.0,0.9446550416982562,0.00530705079605762,BENIGN
35.73,897.0,106285.0,91860123.0,864.281159147575,2974.671144696334,2570952.225020991,48431.0,11752.0,3628.0,0.0,0.4556710730582867,0.0,4.121085772634445,4.0,1.0,15.0,1.7311,118.49,0.0,0.9983911182198805,0.0,DOS_DDOS
23.787,20001.0,116729.0,19202057.0,164.50116937521952,4907.26026821373,807250.052549712,32492.0,28707.0,196.0,0.0,0.2783541365042106,0.0,1.131849374716968,5.0,1.0,1.0,2.6471,5.84,0.0,0.9642590958545006,0.0,DOS_DDOS
17.73,139064.0,199553.0,11111355.0,55.681222532359826,11255.104342921602,626697.9695431473,102238.0,49209.0,0.0,5715.0,0.5123350688789444,0.02863900818328965,2.0776280761649293,3.0,1.0,70.0,0.0027,1.43,0.0,1.0,0.0,SYN_FLOOD
9.724,193040.0,217174.0,11163964.0,51.405619457209426,22333.813245577952,1148083.5047305636,174168.0,22713.0,0.0,6416.0,0.8019744536638824,0.029543131314061537,7.6682076343944,3.0,1.0,1.0,0.004,1.13,0.0,1.0,0.0,SYN_FLOOD
21.264,97029.0,144577.0,8832440.0,61.09159824868409,6799.144093303235,415370.57938299474,95884.0,17909.0,0.0,9674.0,0.6632036907668578,0.06691244112134019,5.353956111452343,2.0,1.0,1.0,0.0023,1.49,0.0,1.0,0.0,SYN_FLOOD
23.998,51.0,689.0,147172.0,213.60232220609578,28.710725893824485,6132.677723143595,134.0,218.0,48.0,105.0,0.19448476052249636,0.15239477503628446,0.6146788990825688,3.0,1.0,1.0,0.4104,13.51,0.8627450980392157,1.0,0.0,BRUTE_FORCE
19.986,36.0,82738.0,9122017.0,110.25184316758926,4139.7978585009505,456420.34424096864,3543.0,0.0,0.0,3075.0,0.04282191979501559,0.037165510406342916,3543.0,1.0,3.0,1.0,0.2943,2298.28,0.0,0.403115859701709,0.5968720539534434,ANOMALY
58.225,538864.0,1054631.0,212035122.0,201.05147866884246,18113.027050236153,3641650.8716187202,246188.0,64102.0,18134.0,0.0,0.2334352015064985,0.0,3.8405665969860534,2.0,1.0,1.0,0.5486,1.96,0.0,0.9392451008931085,0.0,DOS_DDOS
4.406,13.0,2028.0,589444.0,290.6528599605523,460.281434407626,133782.11529732184,29.0,1184.0,14.0,0.0,0.014299802761341223,0.0,0.024493243243243243,5.0,2.0,1.0,1.4917,156.0,0.0,0.888560157790927,0.011341222879684419,BENIGN
39.92,1043.0,2009.0,98597.0,49.07765057242409,50.32565130260521,2469.8647294589177,1037.0,388.0,0.0,638.0,0.5161772025883524,0.3175709308113489,2.672680412371134,1022.0,1.0,1.0,0.0287,1.93,0.11025886864813039,0.966650074664012,0.0,PORT_SCAN
58.115,52788.0,280609.0,36751772.0,130.97146563367534,4828.512432246408,632397.3500817345,50242.0,63661.0,4963.0,110873.0,0.1790462886079919,0.3951156235188465,0.7892116052214071,2.0,1.0,1.0,2.1195,5.32,0.0,0.9597767712368456,0.0,DOS_DDOS
49.597,7726.0,858395.0,441742189.0,514.6141217038776,17307.39762485634,8906631.227695223,336471.0,190251.0,32053.0,0.0,0.39197688709743184,0.0,1.7685636343567182,3.0,1.0,55.0,2.971,111.1,0.0,0.9468927475113439,0.0,DOS_DDOS
25.236,1138.0,2614.1058990186684,203752.0,77.9432845763778,103.58638052855716,8073.862735774291,2216.0,396.0,0.0,1003.0,0.8477085801427874,0.3836875929075883,5.595959595959596,880.0,1.0,1.0,0.0382,2.3,0.021968365553602813,0.9563499324715561,0.0,PORT_SCAN
30.434,1053.0,80116.0,42840881.0,534.7356458135703,2632.450548728396,1407665.1442465663,37354.0,19762.0,2039.0,0.0,0.4662489390383943,0.0,1.8901933002732516,2.0,1.0,1.0,3.9799,76.08,0.0,0.9033276748714364,0.0,DOS_DDOS
22.047,7.0,11910.0,7223078.0,606.471704450042,540.2095523200435,327621.80795573094,18.0,8572.0,12.0,1.0,0.0015113350125944584,8.396305625524769e-05,0.002099860009332711,6.0,1.0,1.0,1.6281,1701.43,0.0,0.8017632241813603,0.004785894206549119,BENIGN
36.569,2039.0,235411.0,318541038.0,1353.1272455407777,6437.447017966037,8710684.951735076,46135.0,48747.0,8849.0,56878.0,0.19597639872393388,0.2416114794975596,0.9464172154183847,4.0,1.0,1.0,2.7893,115.45,0.0,0.9716410872898887,0.0,DOS_DDOS
28.306,230156.0,317970.0,21297399.0,66.979271629399,11233.307425987423,752398.7493817565,224173.0,82304.0,0.0,24235.0,0.7050130515457433,0.07621788219014372,2.7237193818040435,1.0,1.0,1.0,0.0074,1.38,0.0,1.0,0.0,SYN_FLOOD
20.113,920.0,1903.0,136724.0,71.84655806621124,94.61542286083628,6797.792472530205,1204.0,356.0,0.0,761.0,0.6326852338413032,0.3998949027850762,3.3820224719101124,861.0,1.0,1.0,0.0096,2.07,0.04782608695652174,0.9684708355228586,0.0,PORT_SCAN
28.302,9936.0,875455.0,520326809.0,594.3501482086458,30932.619602854924,18384807.045438483,389733.0,241087.0,27623.0,0.0,0.44517765047889385,0.0,1.6165658040458424,3.0,1.0,1.0,0.1423,88.11,0.0,0.9412088571085893,0.0,DOS_DDOS
38.884,13930.0,363368.0,414575351.0,1140.9242173223838,9344.923361794054,10661849.372492542,65978.0,63483.0,12240.0,118619.0,0.18157350124391802,0.32644316505581117,1.0393018603405637,4.0,1.0,1.0,0.2458,26.09,0.0,0.9427852755333436,0.0,DOS_DDOS
25.534,5.0,6755.0,3699028.0,547.5985196150999,264.5492284796742,144866.7658807864,10.0,5382.0,5.0,0.0,0.0014803849000740192,0.0,0.0018580453363062058,3.0,2.0,2.0,2.0891,1351.0,0.0,0.9515914137675796,0.01687638786084382,BENIGN
19.069,1335.0,2486.0,198576.0,79.87771520514883,130.3686611778279,10413.55078923908,1298.0,259.0,0.0,1218.0,0.5221238938053098,0.4899436846339501,5.011583011583012,1133.0,1.0,1.0,0.0235,1.86,0.11086142322097378,0.9907481898632341,0.0,PORT_SCAN
29.538,170.0,4331.0,25508759.0,5889.808127453244,146.62468684406528,863591.2722594624,1740.0,1680.0,0.0,0.0,0.40175479104132994,0.0,1.0357142857142858,1.0,1.0,1.0,0.4396,25.48,1.0,1.0,0.0,ANOMALY
54.394,1632.0,150710.0,143909300.0,954.8755888793046,2770.710004779939,2645683.347428025,73842.0,7974.0,1739.0,0.0,0.4899608519673545,0.0,9.260346124905944,5.0,1.0,29.0,0.228,92.35,0.0,0.9359432021763652,0.0,DOS_DDOS
36.925,519.0,1282.0,98966.0,77.1965678627145,34.719025050778605,2680.189573459716,1012.0,167.0,0.0,698.0,0.7893915756630265,0.5444617784711389,6.059880239520958,515.0,1.0,1.0,0.0416,2.47,0.11368015414258188,0.9516380655226209,0.0,PORT_SCAN
28.102,8.0,11342.0,3708587.0,326.97822253570797,403.6011671767134,131968.79225677886,15.0,6939.0,9.0,3.0,0.0013225180744136837,0.0002645036148827367,0.00216169476869866,4.0,2.0,2.0,0.5996,1417.75,0.0,0.8719802503967554,0.01049197672368189,BENIGN
27.554,51.0,96273.0,12007166.0,124.71997340895163,3493.975466356972,435768.5272555709,3303.0,0.0,0.0,1038.0,0.034308684677947086,0.010781839144931601,3303.0,1.0,3.0,1.0,0.2246,1887.71,0.0,0.38649465582250475,0.6134949570492246,ANOMALY
9.028,815.0,998.0,68711.0,68.84869739478958,110.5449712007089,7610.877270713336,629.0,51.0,0.0,424.0,0.6302605210420842,0.4248496993987976,12.333333333333334,790.0,1.0,1.0,0.0058,1.22,0.0736196319018405,0.9519038076152304,0.0,PORT_SCAN
237.537,1.0,4.0,244.0,61.0,0.016839481849143502,1.0272083927977536,1.0,2.0,1.0,0.0,0.25,0.0,0.5,1.0,1.0,1.0,190.03,4.0,0.0,1.0,0.0,ANOMALY
34.972,911.0,1303.0,116956.0,89.75901765157329,37.25837813107629,3344.275420336269,864.0,270.0,0.0,178.0,0.6630851880276285,0.13660782808902533,3.2,792.0,1.0,1.0,0.0433,1.43,0.05159165751920966,0.9930928626247122,0.0,PORT_SCAN
19.665,74.0,639.0,126170.0,197.4491392801252,32.494279176201374,6415.967454869057,209.0,264.0,71.0,107.0,0.3270735524256651,0.1674491392801252,0.7916666666666666,1.0,1.0,1.0,0.7782,8.64,0.8918918918918919,1.0,0.0,BRUTE_FORCE
12.967,71496.0,80177.0,3730837.0,46.53250932312259,6183.15724531503,287717.82216395467,64999.0,5442.0,0.0,4114.0,0.8106938398792671,0.05131147336517954,11.943954428518927,3.0,1.0,1.0,0.0099,1.12,0.0,1.0,0.0,SYN_FLOOD
39.547,442.0,911.0,64622.0,70.93523600439077,23.035881356360786,1634.0556805825981,587.0,199.0,0.0,404.0,0.6443468715697036,0.4434687156970362,2.949748743718593,358.0,1.0,1.0,0.0499,2.06,0.042986425339366516,0.9813391877058177,0.0,PORT_SCAN
50.944,6.0,57619.0,47430319.0,823.1715059268644,1131.0262248743718,931028.560772613,12.0,50449.0,12.0,0.0,0.00020826463492945035,0.0,0.00023786398144660944,3.0,2.0,1.0,5.9655,9603.17,0.0,0.8211874555268227,0.004512400423471424,BENIGN
7.83,110098.0,148103.0,10603890.0,71.59807701397001,18914.814814814814,1354264.367816092,88012.0,20693.0,0.0,8153.0,0.5942621013753941,0.05504952634315308,4.253225728507225,1.0,1.0,1.0,0.008,1.35,0.0,1.0,0.0,SYN_FLOOD
37.047,7.0,48174.0,24704889.0,512.826192551999,1300.3482063324966,666852.6196453155,13.0,34603.0,14.0,0.0,0.000269855108564786,0.0,0.0003756899690778256,4.0,1.0,1.0,2.7604,6882.0,0.0,0.8074272429111139,0.015817660978951303,BENIGN
39.236,505.0,1062.0,50667.0,47.7090395480226,27.066979304720157,1291.339586094403,748.0,242.0,0.0,468.0,0.704331450094162,0.4406779661016949,3.090909090909091,452.0,1.0,1.0,0.0191,2.1,0.09108910891089109,0.9576271186440678,0.0,PORT_SCAN
8.486,6.0,987.0,254056.0,257.4022289766971,116.30921517794013,29938.251237332075,15.0,758.0,6.0,0.0,0.015197568389057751,0.0,0.01978891820580475,5.0,1.0,1.0,3.9159,164.5,0.0,0.8247213779128673,0.017223910840932118,BENIGN
26.05,174293.0,251568.0,14951862.0,59.43467372638809,9657.120921305182,573967.8310940498,145007.0,55338.0,0.0,5208.0,0.576412739299116,0.020702156077084526,2.620387437204091,1.0,1.0,1.0,0.0035,1.44,0.0,1.0,0.0,SYN_FLOOD
11.438,156726.0,175995.0,11393444.0,64.73731640103412,15386.86833362476,996104.5637349186,92735.0,39075.0,0.0,11321.0,0.5269183783630217,0.06432569107076906,2.3732565579014717,3.0,1.0,1.0,0.0076,1.12,0.0,1.0,0.0,SYN_FLOOD
29.038,485373.0,511083.0,26111867.0,51.09124545328254,17600.48901439493,899230.9043322543,440411.0,31843.0,0.0,35948.0,0.8617210903121411,0.07033691200842133,13.830700624941118,1.0,1.0,1.0,0.0072,1.05,0.0,1.0,0.0,SYN_FLOOD
5.859,913.0,979.0,78281.0,79.96016343207354,167.09336064174775,13360.812425328555,757.0,64.0,0.0,247.0,0.7732379979570991,0.2522982635342186,11.828125,824.0,1.0,1.0,0.038,1.07,0.0832420591456736,0.9846782431052093,0.0,PORT_SCAN
39.7,6.0,17766.0,6174599.0,347.5514465833615,447.5062972292191,155531.46095717882,12.0,10032.0,10.0,0.0,0.0006754474839581223,0.0,0.0011961722488038277,2.0,1.0,2.0,2.0461,2961.0,0.0,0.943881571541146,0.005234718000675448,BENIGN
33.583,11.0,5013.0,2810782.0,560.6985836824257,149.27195307149452,83696.57267069649,19.0,3817.0,13.0,0.0,0.0037901456213844005,0.0,0.004977731202515065,2.0,2.0,2.0,2.2671,455.73,0.09090909090909091,0.9313784161180929,0.01655695192499501,BENIGN
26.225,256983.0,328011.0,23284354.0,70.98650350140697,12507.569113441372,887868.5986653955,222757.0,94444.0,0.0,6933.0,0.6791144199432336,0.021136486276374877,2.3586146287747236,1.0,1.0,1.0,0.0024,1.28,0.0,1.0,0.0,SYN_FLOOD
50.17,397.0,4181.0,1068346.0,255.52403731164793,83.3366553717361,21294.51863663544,572.0,2376.0,100.0,456.0,0.13680937574742885,0.1090648170294188,0.24074074074074073,1.0,1.0,1.0,0.7759,10.53,0.9848866498740554,1.0,0.0,BRUTE_FORCE
11.31,260173.0,339382.0,21956495.0,64.69552009240326,30007.250221043323,1941334.6595932802,232652.0,6975.0,0.0,6493.0,0.6855166154952237,0.019131833744865667,33.35512544802867,2.0,1.0,19.0,0.0066,1.3,0.0,1.0,0.0,SYN_FLOOD
7.676,457.0,459.0,28989.0,63.15686274509804,59.79676915059927,3776.576341844711,4.0,168.0,298.0,0.0,0.008714596949891068,0.0,0.023809523809523808,457.0,1.0,1.0,0.0112,1.0,0.0,1.0,0.0,ANOMALY
33.579,10.0,19482.0,5589510.0,286.90637511549124,580.1840435986777,166458.50084874473,24.0,18011.0,23.0,0.0,0.0012319063751154912,0.0,0.001332519016156793,2.0,3.0,2.0,3.6352,1948.2,0.1,0.8509906580433221,0.014474899907607022,BENIGN
28.523,326371.0,470544.5696608034,22225364.0,47.2332812511711,16497.022391081002,779208.4984047961,360816.0,109726.0,0.0,6279.0,0.7668051514442037,0.013344113193201395,3.288336401582123,2.0,1.0,1.0,0.0052,1.44,0.0,0.999998789358458,0.0,SYN_FLOOD
10.979,35.0,595.0,49289.0,82.83865546218487,54.194371072046636,4489.38883322707,179.0,198.0,74.0,218.0,0.30084033613445377,0.3663865546218487,0.9040404040404041,1.0,1.0,1.0,1.334,17.0,0.9428571428571428,1.0,0.0,BRUTE_FORCE
28.695,371931.0,413865.0,20576159.0,49.717079240815245,14422.89597490852,717064.2620665621,278681.0,21044.0,0.0,11517.0,0.6733620866707742,0.02782791489978616,13.242777038585821,1.0,1.0,1.0,0.0096,1.11,0.0,1.0,0.0,SYN_FLOOD
6.03,13.0,2163.0,1388117.0,641.7554322699954,358.70646766169153,230201.82421227195,31.0,1788.0,23.0,0.0,0.014331946370781322,0.0,0.017337807606263984,6.0,2.0,2.0,0.5257,166.38,0.0,0.9870550161812298,0.018030513176144243,BENIGN
35.687,1004.0,1895.6075538457842,160652.0,84.74960952443521,53.1175933490006,4501.695295205537,1507.0,387.0,0.0,432.0,0.794995776917336,0.22789527248061656,3.8940568475452197,860.0,1.0,1.0,0.0448,1.89,0.1145418326693227,0.9727751908663355,0.0,PORT_SCAN
5.733,3.0,1406.0,375193.0,266.85135135135135,245.24681667538812,65444.444444444445,5.0,837.0,6.0,0.0,0.0035561877667140826,0.0,0.005973715651135006,1.0,1.0,1.0,0.6601,468.67,0.0,0.8776671408250356,0.015647226173541962,BENIGN
17.108,161.0,1391.0,354349.0,254.74406901509704,81.30699088145896,20712.47369651625,393.0,825.0,151.0,116.0,0.28253055355859097,0.08339324227174695,0.4763636363636364,1.0,1.0,1.0,1.3779,8.64,0.9192546583850931,1.0,0.0,BRUTE_FORCE
16.874,21483.0,78474.0,5207276.0,66.35670413130464,4650.586701434159,308597.60578404646,9105.0,15179.0,2560.0,0.0,0.11602569003746464,0.0,0.5998418868173134,5.0,1.0,10.0,2.1889,3.65,0.0,0.9638988709636312,0.0,DOS_DDOS
27.834,419233.0,448851.0,34901851.0,77.75821152230918,16125.996982108214,1253928.68434289,254445.0,101084.0,0.0,18586.0,0.5668807688965826,0.04140795052255648,2.517163942859404,3.0,1.0,55.0,0.0053,1.07,0.0,1.0,0.0,SYN_FLOOD
51.058,327.0,5206.0,1202237.0,230.9329619669612,101.9624740491206,23546.496141642838,649.0,1759.0,312.0,1416.0,0.12466384940453323,0.2719938532462543,0.36895963615690736,2.0,1.0,1.0,0.8968,15.92,0.9174311926605505,1.0,0.0,BRUTE_FORCE
23.445,225.0,334.0,21338.0,63.88622754491018,14.246107912134784,910.130091703988,15.0,101.0,265.0,0.0,0.04491017964071856,0.0,0.1485148514851485,225.0,1.0,1.0,0.0066,1.48,0.0,1.0,0.0,ANOMALY
33.902,414.0,3853.0,676429.0,175.55904490007785,113.65111202878886,19952.480679605924,906.0,1833.0,432.0,1161.0,0.23514144822216454,0.30132364391383337,0.49427168576104746,1.0,1.0,1.0,1.035,9.31,0.9855072463768116,1.0,0.0,BRUTE_FORCE
30.612,1115.0,2567.0,175297.0,68.28866380989481,83.85600418136679,5726.414477982491,1820.0,267.0,0.0,762.0,0.7089988313206077,0.29684456564082584,6.8164794007490634,917.0,1.0,1.0,0.034,2.3,0.08251121076233184,0.9700038955979743,0.0,PORT_SCAN
45.019,120.0,10376.0,66735790.0,6431.745373939862,230.4804638041716,1482391.6568559941,4761.0,4902.0,0.0,0.0,0.4588473400154202,0.0,0.9712362301101591,1.0,1.0,1.0,0.4996,86.47,1.0,1.0,0.0,ANOMALY
5.016,51181.0,64907.0,4610706.0,71.03557397507203,12939.99202551834,919199.7607655502,39583.0,10873.0,0.0,4801.0,0.6098417736145562,0.07396736869675073,3.6404856065483306,2.0,1.0,1.0,0.005,1.27,0.0,1.0,0.0,SYN_FLOOD
13.822,6.0,6364.0,2524293.0,396.651948460088,460.4254087686297,182628.63550860947,15.0,5577.0,12.0,0.0,0.002357008170961659,0.0,0.0026896180742334587,3.0,1.0,1.0,0.3764,1060.67,0.0,0.921747328724073,0.005342551854179761,BENIGN
15.935,487.0,680.0,52972.0,77.9,42.67336052714151,3324.2547850643236,362.0,143.0,0.0,137.0,0.5323529411764706,0.20147058823529412,2.5314685314685317,431.0,1.0,1.0,0.0361,1.4,0.022587268993839837,0.9926470588235294,0.0,PORT_SCAN
36.05,42201.0,1925300.0,976872572.0,507.38719783929776,53406.38002773926,27097713.50901526,349647.0,515048.0,74094.0,0.0,0.18160650288266764,0.0,0.6788629409297774,2.0,1.0,1.0,3.0567,45.62,0.0,0.9022760089336727,0.0,DOS_DDOS
21.504,49.0,163955.0,10778697.0,65.74180110396145,7624.395461309523,501241.4899553571,13.0,0.0,0.0,7610.0,7.92900490988381e-05,0.04641517489555061,13.0,1.0,1.0,1.0,0.3491,3346.02,0.0,0.5346771980116496,0.4653167027538044,ANOMALY
14.852,391.0,45040.0,25017098.0,555.441785079929,3032.5882036089415,1684426.2052248856,13993.0,12168.0,477.0,0.0,0.31067939609236234,0.0,1.1499835634451019,4.0,1.0,23.0,2.1627,115.19,0.0,0.907171403197158,0.0,DOS_DDOS
47.256,62844.0,342220.0,65364922.0,191.00263573140086,7241.831725071948,1383208.9470120196,64768.0,60417.0,8526.0,126408.0,0.18925837180760913,0.3693764245222372,1.0720161543936308,3.0,1.0,1.0,2.9441,5.45,0.0,0.928432002805213,0.0,DOS_DDOS
21.981,717.0,999.0,86067.0,86.15315315315316,45.448341749692915,3915.517947318138,578.0,84.0,0.0,197.0,0.5785785785785785,0.1971971971971972,6.880952380952381,684.0,1.0,1.0,0.0185,1.39,0.10181311018131102,0.9529529529529529,0.0,PORT_SCAN
47.38,122.0,18322.0,161734064.0,8827.314921951753,386.7032503165893,3413551.3718868718,6811.0,3841.0,0.0,0.0,0.3717388931339373,0.0,1.7732361364228066,1.0,1.0,1.0,0.0646,150.18,1.0,1.0,0.0,ANOMALY
35.011,5.0,31059.0,13538573.0,435.89854792491707,887.121190482991,386694.83876495954,12.0,17219.0,6.0,0.0,0.00038636144112817543,0.0,0.0006969045821476277,1.0,3.0,1.0,5.0138,6211.8,0.0,0.9319681895746804,0.014488554042306577,BENIGN
10.378,6.0,636.0,351574.0,552.7893081761006,61.28348429369821,33876.85488533436,14.0,567.0,9.0,0.0,0.0220125786163522,0.0,0.024691358024691357,4.0,3.0,1.0,1.4054,106.0,0.0,0.839622641509434,0.0110062893081761,BENIGN
22.444,345.0,384.0,24423.0,63.6015625,17.109249688112637,1088.1750133666014,304.0,63.0,0.0,181.0,0.7916666666666666,0.4713541666666667,4.825396825396825,311.0,1.0,1.0,0.0374,1.11,0.034782608695652174,0.9973958333333334,0.0,PORT_SCAN
69.172,2.0,8.0,571.0,71.375,0.11565373272422368,8.254785173191465,2.0,4.0,2.0,0.0,0.25,0.0,0.5,2.0,1.0,1.0,55.3372,4.0,0.0,1.0,0.0,ANOMALY
87.829,75.0,732.0,165667.0,226.32103825136613,8.334377028088673,1886.2448621753636,226.0,401.0,30.0,135.0,0.3087431693989071,0.18442622950819673,0.5635910224438903,3.0,1.0,1.0,2.1713,9.76,0.92,1.0,0.0,BRUTE_FORCE
48.169,117.0,2047.0,405013.0,197.85686370297998,42.49621125620212,8408.167078411427,635.0,948.0,161.0,216.0,0.3102100635075721,0.10552027357107963,0.669831223628692,1.0,1.0,1.0,1.2754,17.5,0.9487179487179487,1.0,0.0,BRUTE_FORCE
8.18,14.0,2611.0,750548.0,287.4561470700881,319.19315403422985,91754.03422982886,33.0,1535.0,26.0,0.0,0.012638835695135964,0.0,0.021498371335504887,2.0,1.0,2.0,1.1592,186.5,0.0,0.8919954040597472,0.0019149751053236309,BENIGN
80.227,91.0,648.0,125370.0,193.47222222222223,8.077081281862714,1562.6908646714946,192.0,238.0,31.0,58.0,0.2962962962962963,0.08950617283950617,0.8067226890756303,2.0,1.0,1.0,2.3389,7.12,0.8571428571428571,1.0,0.0,BRUTE_FORCE
44.097,35.0,16150.0,100068073.0,6196.165510835914,366.2380660815928,2269271.67381001,7658.0,3733.0,0.0,0.0,0.4741795665634675,0.0,2.0514331636753282,1.0,1.0,1.0,0.3691,461.43,1.0,1.0,0.0,ANOMALY
4.007,10.0,1708.0,451990.0,264.6311475409836,426.25405540304473,112800.09982530572,22.0,1281.0,20.0,2.0,0.01288056206088993,0.00117096018735363,0.01717408274785324,6.0,1.0,1.0,0.6641,170.8,0.0,0.8185011709601874,0.01405152224824356,BENIGN
67.032,230.0,2562.0,387371.0,151.19867291178767,38.22055137844612,5778.89664637785,877.0,796.0,103.0,249.0,0.34231069476971115,0.09718969555035128,1.1017587939698492,1.0,1.0,1.0,0.4432,11.14,0.9521739130434783,1.0,0.0,BRUTE_FORCE
49.294,6083.0,579989.0,750970277.0,1294.800896223894,11765.914715786912,15234516.918894796,217378.0,74391.0,6723.0,132030.0,0.37479676338689183,0.2276422483874694,2.9221007917624444,5.0,1.0,55.0,0.6542,95.35,0.0,0.9934222890434129,0.0,DOS_DDOS
28.531,169.0,223.0,9444.0,42.34977578475336,7.816059724510183,331.00837685324734,10.0,44.0,145.0,0.0,0.04484304932735426,0.0,0.22727272727272727,169.0,1.0,1.0,0.0159,1.32,0.0,1.0,0.0,ANOMALY
14.636,6.0,5157.0,1568380.0,304.1264300950165,352.35036895326596,107159.0598524187,12.0,4154.0,8.0,0.0,0.002326934264107039,0.0,0.002888781896966779,4.0,2.0,1.0,4.342,859.5,0.0,0.9922435524529766,0.013961605584642234,BENIGN
54.36,65006.0,198333.0,33497108.0,168.89326536683254,3648.5099337748343,616208.7564385578,74512.0,48921.0,4580.0,0.0,0.37569138771661803,0.0,1.5231086854316143,1.0,1.0,32.0,1.7306,3.05,0.0,0.9757629844756042,0.0,DOS_DDOS
22.718,686.0,50478.0,34567126.0,684.7958714687587,2221.938550928779,1521574.346333304,10572.0,11722.0,1920.0,0.0,0.20943777487222157,0.0,0.9018938747653984,3.0,1.0,1.0,1.3235,73.58,0.0,0.9635088553429216,0.0,DOS_DDOS
25.372,367.0,524.0,29473.0,56.24618320610687,20.652688002522467,1161.634873088444,451.0,48.0,0.0,60.0,0.8606870229007634,0.11450381679389313,9.395833333333334,346.0,1.0,1.0,0.0251,1.43,0.05722070844686648,0.9961832061068703,0.0,PORT_SCAN
77.218,123.0,1937.0,451253.0,232.96489416623646,25.08482478178663,5843.883550467507,586.0,847.0,144.0,541.0,0.30252968508002065,0.27929788332472893,0.69185360094451,1.0,1.0,1.0,0.4661,15.75,0.926829268292683,1.0,0.0,BRUTE_FORCE
18.111,5.0,10637.0,4622511.0,434.56905142427377,587.3226216111755,255232.2345535862,10.0,8930.0,5.0,3.0,0.0009401146939926671,0.0002820344081978001,0.0011198208286674132,1.0,1.0,1.0,4.6394,2127.4,0.0,0.8112249694462724,0.017016075961267276,BENIGN
68.668,296.0,3576.0,792279.0,221.5545302013423,52.07665870565619,11537.8196539873,691.0,1736.0,375.0,910.0,0.19323266219239374,0.2544742729306488,0.3980414746543779,1.0,1.0,1.0,0.1253,12.08,0.875,1.0,0.0,BRUTE_FORCE
26.79,401609.0,545005.5382575275,43452780.0,79.72906135766198,20343.618449329137,1621977.6035834267,433674.0,111329.0,0.0,10800.0,0.7957240239916226,0.019816312389282095,3.895427067520592,3.0,1.0,134.0,0.0034,1.36,0.0,0.9999990123815453,0.0,SYN_FLOOD
13.806,1260.0,54772.0,34556314.0,630.9120353465274,3967.2606113284082,2502992.4670433146,22741.0,11420.0,1973.0,0.0,0.4151938946907179,0.0,1.9913309982486864,4.0,1.0,47.0,2.8865,43.47,0.0,0.94458847586358,0.0,DOS_DDOS
37.844,469.0,5194.0,910615.0,175.32056218713902,137.24764824014375,24062.3348483247,1066.0,2995.0,270.0,569.0,0.2052368117058144,0.10954948016942626,0.35592654424040066,2.0,1.0,1.0,0.9009,11.07,0.9786780383795309,1.0,0.0,BRUTE_FORCE
15.168,1273.0,76507.0,67472245.0,881.9094331237665,5043.974156118144,4448328.38871308,29716.0,7021.0,1168.0,0.0,0.38840890376044024,0.0,4.232445520581114,2.0,1.0,44.0,0.3326,60.1,0.0,0.9342674526513913,0.0,DOS_DDOS
11.05,40579.0,54248.0,4206544.0,77.54284028904291,4909.321266968325,380682.7149321267,29586.0,12594.0,0.0,874.0,0.5453841616280785,0.016111193039374725,2.3492139113863746,2.0,1.0,87.0,0.0081,1.34,0.0,1.0,0.0,SYN_FLOOD
75.588,178.0,1984.0,167064.0,84.20564516129032,26.247552521564273,2210.192093983172,398.0,635.0,117.0,663.0,0.2006048387096774,0.3341733870967742,0.6267716535433071,1.0,1.0,1.0,1.9293,11.15,0.8595505617977528,1.0,0.0,BRUTE_FORCE
16.913,218.0,1722.0,226366.0,131.45528455284554,101.815171761367,13384.142375687341,435.0,1030.0,143.0,216.0,0.25261324041811845,0.1254355400696864,0.4223300970873786,3.0,1.0,1.0,0.3424,7.9,0.9678899082568807,1.0,0.0,BRUTE_FORCE
15.206,2011.0,130952.0,109061782.0,832.8378489828334,8611.86373799816,7172286.07128765,23969.0,8715.0,4240.0,0.0,0.18303653246991264,0.0,2.750315547905909,2.0,1.0,56.0,2.856,65.12,0.0,0.959595882460749,0.0,DOS_DDOS
24.447,784.0,1160.0,67016.0,57.772413793103446,47.44958481613286,2741.277048308586,948.0,187.0,0.0,372.0,0.8172413793103448,0.32068965517241377,5.06951871657754,618.0,1.0,1.0,0.0166,1.48,0.058673469387755105,0.9879310344827587,0.0,PORT_SCAN
15.41,38.0,122946.0,16644946.0,135.38420119402014,7978.325762491888,1080139.260220636,5826.0,0.0,0.0,3043.0,0.047386657556976235,0.024750703560912923,5826.0,3.0,3.0,1.0,0.1736,3235.42,0.0,0.3340246937679957,0.6659671725798318,ANOMALY
32.268,10.0,19230.0,10862999.0,564.8985439417577,595.9464484938638,336649.2810214454,24.0,16194.0,22.0,3.0,0.0012480499219968799,0.00015600624024960998,0.0014820303816228233,4.0,2.0,1.0,4.3052,1923.0,0.0,0.9702028081123245,0.00858034321372855,BENIGN
9.394,514.0,750.0,32724.0,43.632,79.83819459229295,3483.500106450926,25.0,142.0,602.0,0.0,0.03333333333333333,0.0,0.176056338028169,514.0,1.0,1.0,0.025,1.46,0.0,1.0,0.0,ANOMALY
50.01,404.0,6592.0,879844.0,133.47148058252426,131.8136372725455,17593.361327734452,1371.0,2652.0,868.0,2545.0,0.20797936893203883,0.3860740291262136,0.5169683257918553,2.0,1.0,1.0,1.996,16.32,0.9405940594059405,1.0,0.0,BRUTE_FORCE
87.654,270.0,2423.0,176487.0,72.8382170862567,27.64277728340977,2013.4506126360463,411.0,820.0,334.0,879.0,0.16962443252166737,0.3627734213784565,0.501219512195122,3.0,1.0,1.0,1.9014,8.97,0.8925925925925926,1.0,0.0,BRUTE_FORCE
16.54,320.0,431.0,26665.0,61.8677494199536,26.058041112454656,1612.1523579201935,346.0,68.0,0.0,74.0,0.802784222737819,0.1716937354988399,5.088235294117647,308.0,1.0,1.0,0.0085,1.35,0.05625,0.9698375870069605,0.0,PORT_SCAN
23.935,305496.0,320797.0,22364013.0,69.71390941935242,13402.841027783581,934364.445372885,261712.0,8621.0,0.0,24589.0,0.8158181030371232,0.07664971929288615,30.357499130031318,3.0,1.0,1.0,0.0036,1.05,0.0,1.0,0.0,SYN_FLOOD
11.446,3.0,3520.0,1621507.0,460.6553977272727,307.53101520181724,141665.82212126508,6.0,2366.0,4.0,2.0,0.0017045454545454545,0.0005681818181818182,0.00253592561284869,4.0,2.0,1.0,0.9519,1173.33,0.0,0.8204545454545454,0.01619318181818182,BENIGN
27.629,1025.0,2123.0,178366.0,84.0160150730099,76.83955264396106,6455.753013138369,1065.0,506.0,0.0,843.0,0.5016486104569006,0.3970796043334903,2.1047430830039526,819.0,1.0,1.0,0.0224,2.07,0.06731707317073171,0.9839849269901083,0.0,PORT_SCAN
14.948,25.0,57746.0,6192266.0,107.2328126623489,3863.1255017393632,414253.8132191597,2060.0,0.0,0.0,144.0,0.035673466560454406,0.0024936792158764243,2060.0,2.0,1.0,1.0,0.4835,2309.84,0.0,0.2166556990960413,0.7833269836871818,ANOMALY
5.775,98609.0,122209.0,7811338.0,63.917862023255246,21161.7316017316,1352612.6406926406,88977.0,25752.0,0.0,5835.0,0.7280724005596969,0.04774607434804311,3.4551491146318734,1.0,1.0,1.0,0.0084,1.24,0.0,1.0,0.0,SYN_FLOOD
25.256,55.0,81.0,6205.0,76.60493827160494,3.207158694963573,245.68419385492555,0.0,25.0,56.0,0.0,0.0,0.0,0.0,55.0,1.0,1.0,0.004,1.47,0.0,1.0,0.0,ANOMALY
34.772,331.0,785.0,59564.0,75.87770700636942,22.5756355688485,1712.9874611756586,470.0,93.0,0.0,134.0,0.5987261146496815,0.17070063694267515,5.053763440860215,330.0,1.0,1.0,0.0154,2.37,0.03625377643504532,0.9745222929936306,0.0,PORT_SCAN
16.843,477872.0,726466.0812729563,31462606.0,43.30911905049907,43131.63220762075,1867992.9941221874,577561.0,148903.0,0.0,27961.0,0.7950281711542043,0.038489064693846546,3.878773429682411,1.0,1.0,1.0,0.0073,1.52,0.0,0.9999998881256009,0.0,SYN_FLOOD
15.296,2413.0,89889.0,92533126.0,1029.4154568412152,5876.634414225941,6049498.300209206,15696.0,14971.0,269.0,0.0,0.174615358942696,0.0,1.048426958786988,4.0,1.0,1.0,1.9806,37.25,0.0,0.917420374016843,0.0,DOS_DDOS
80.37,406.0,4141.0,702022.0,169.52958222651534,51.52420057235287,8734.876197586163,800.0,1988.0,158.0,874.0,0.19319005071238832,0.21106013040328422,0.4024144869215292,1.0,1.0,1.0,1.2238,10.2,0.8620689655172413,1.0,0.0,BRUTE_FORCE
12.676,16587.0,73552.0,13442802.0,182.76596149662822,5802.461344272641,1060492.4266330074,6857.0,19114.0,2736.0,11468.0,0.09322656080052208,0.15591690232760497,0.3587422831432458,1.0,1.0,1.0,3.9927,4.43,0.0,0.9782602784424624,0.0,DOS_DDOS
24.762,1533.0,154799.0,94659667.0,611.500507109219,6251.474032792182,3822779.5412325338,29359.0,44260.0,3712.0,0.0,0.18965884792537419,0.0,0.6633303208314505,1.0,1.0,1.0,3.2387,100.98,0.0,0.9701548459615372,0.0,DOS_DDOS
37.148,6.0,19159.0,11438709.0,597.0410251056944,515.7478195326801,307922.606869818,11.0,15826.0,10.0,0.0,0.0005741427005584843,0.0,0.0006950587640591431,2.0,1.0,1.0,1.3604,3193.17,0.0,0.898115768046349,0.00542825825982567,BENIGN
9.627,8.0,5682.0,2317987.0,407.9526575149595,590.2150202555313,240779.78601848966,17.0,3262.0,17.0,0.0,0.00299190425906371,0.0,0.005211526670754138,3.0,2.0,1.0,4.5148,710.25,0.125,0.9711369236184442,0.012495600140795494,BENIGN
59.532,120.0,855.0,216516.0,253.23508771929824,14.362023785527112,3636.968353154606,151.0,415.0,46.0,201.0,0.17660818713450294,0.23508771929824562,0.363855421686747,1.0,1.0,1.0,1.1943,7.12,0.8666666666666667,1.0,0.0,BRUTE_FORCE
27.521,402.0,594.0,53279.0,89.6952861952862,21.583518040768865,1935.9398277678863,10.0,180.0,429.0,0.0,0.016835016835016835,0.0,0.05555555555555555,402.0,1.0,1.0,0.0058,1.48,0.0,1.0,0.0,ANOMALY
7.066,13.0,1307.0,737998.0,564.6503442999235,184.97028021511463,104443.5324087178,30.0,977.0,26.0,3.0,0.022953328232593728,0.0022953328232593728,0.030706243602865915,5.0,2.0,1.0,1.4343,100.54,0.0,0.854628921193573,0.009946442234123947,BENIGN
27.482,1132.0,2629.0,150299.0,57.16964625332826,95.6626155301652,5468.997889527691,1659.0,544.0,0.0,944.0,0.6310384176492964,0.3590718904526436,3.0496323529411766,883.0,1.0,1.0,0.0488,2.32,0.11219081272084806,0.9554963864587296,0.0,PORT_SCAN
11.854,10.0,3483.0,2335130.0,670.4364053976457,293.82486924244984,196990.88915134134,24.0,2829.0,20.0,0.0,0.0068906115417743325,0.0,0.008483563096500531,2.0,3.0,2.0,0.913,348.3,0.0,0.8455354579385587,0.004593741027849555,BENIGN
26.957,47.0,119971.0,12898800.0,107.51598302923206,4450.4581370330525,478495.3815335534,595.0,0.0,0.0,2256.0,0.004959531886872661,0.018804544431570962,595.0,2.0,2.0,1.0,0.1334,2552.57,0.0,0.45382634136583005,0.546165323286461,ANOMALY
20.626,3.0,5799.0,1763026.0,304.0224176582169,281.15000484824975,85475.9041985843,6.0,3911.0,3.0,3.0,0.0010346611484738748,0.0005173305742369374,0.001534134492457172,3.0,3.0,1.0,2.1918,1933.0,0.0,0.8094499051560614,0.0006897740989825832,BENIGN
25.384,699.0,935.0,52182.0,55.8096256684492,36.834226284273555,2055.7043807122595,34.0,367.0,603.0,0.0,0.03636363636363636,0.0,0.09264305177111716,699.0,1.0,1.0,0.0019,1.34,0.0,1.0,0.0,ANOMALY
24.089,351930.0,500214.69136721274,27937758.0,55.851534315473764,20765.27424829643,1159772.427248952,371553.0,128660.0,0.0,12593.0,0.7427870600610551,0.025175190207988814,2.887867247007617,2.0,1.0,1.0,0.0052,1.42,0.0,0.999998617859042,0.0,SYN_FLOOD
34.128,143.0,1025.0,167055.0,162.98048780487804,30.03398968588842,4894.954289732771,153.0,592.0,132.0,123.0,0.14926829268292682,0.12,0.25844594594594594,1.0,1.0,1.0,0.3426,7.17,0.8951048951048951,1.0,0.0,BRUTE_FORCE
24.632,1117.0,75821.0,46830133.0,617.6406668337268,3078.1503734978887,1901190.8493017212,26630.0,19490.0,1375.0,0.0,0.3512219569776183,0.0,1.366341713699333,5.0,1.0,39.0,3.5582,67.88,0.0,0.9173843658089448,0.0,DOS_DDOS
20.702,7.0,4614.0,2941917.0,637.6066319895968,222.877016713361,142107.8639744952,13.0,3169.0,14.0,0.0,0.0028175119202427396,0.0,0.0041022404544020195,2.0,3.0,1.0,1.1817,659.14,0.0,0.8272648461205028,0.011486779367143476,BENIGN
18.67,101.0,4954.0,39931283.0,8060.41239402503,265.345474022496,2138793.947509373,2135.0,1519.0,0.0,0.0,0.43096487686717805,0.0,1.4055299539170507,1.0,1.0,1.0,0.2157,49.05,1.0,1.0,0.0,ANOMALY
8.791,11.0,3729.0,2648284.0,710.1861088763744,424.1838243658287,301249.4596746673,22.0,2085.0,21.0,0.0,0.0058997050147492625,0.0,0.010551558752997603,1.0,3.0,1.0,0.8667,339.0,0.09090909090909091,0.9018503620273531,0.016626441405202468,BENIGN
22.761,387.0,2257.0,380718.0,168.6832077979619,99.16084530556654,16726.769474100434,357.0,989.0,222.0,217.0,0.1581745680106336,0.09614532565352238,0.3609706774519717,3.0,1.0,1.0,2.3694,5.83,0.8604651162790697,1.0,0.0,BRUTE_FORCE
21.786,67.0,4382.0,31532755.0,7195.973299863076,201.1383457266134,1447386.1654273386,2190.0,1239.0,0.0,0.0,0.49977179370150615,0.0,1.7675544794188862,1.0,1.0,1.0,0.0821,65.4,1.0,1.0,0.0,ANOMALY
26.074,621.0,1132.0,59056.0,52.169611307420496,43.41489606504564,2264.9382526654904,577.0,208.0,0.0,352.0,0.5097173144876325,0.31095406360424027,2.7740384615384617,578.0,1.0,1.0,0.0302,1.82,0.09822866344605476,0.9787985865724381,0.0,PORT_SCAN
58.233,191707.0,792247.0,92752234.0,117.0748945720211,13604.7773599162,1592777.8750880086,331168.0,215191.0,8031.0,0.0,0.4180110495842837,0.0,1.538949119619315,3.0,1.0,41.0,1.4914,4.13,0.0,0.9871971746185217,0.0,DOS_DDOS
14.964,143525.0,182441.0,12631011.0,69.23340148321924,12191.99411921946,844093.2237369687,96221.0,49956.0,0.0,1082.0,0.5274088609468266,0.005930684440449241,1.9261149811834415,2.0,1.0,89.0,0.0031,1.27,0.0,1.0,0.0,SYN_FLOOD
10.228,76918.0,113313.57855297058,7417798.0,65.4625694001219,11078.762079875887,725244.231521314,90075.0,23237.0,0.0,8000.0,0.7949179714405784,0.07060054145461701,3.876360976029608,3.0,1.0,1.0,0.0016,1.47,0.0,0.9999948942308772,0.0,SYN_FLOOD
21.717,6.0,30890.0,17975613.0,581.9233732599547,1422.3879909748125,827720.8177925128,11.0,28514.0,8.0,0.0,0.000356102298478472,0.0,0.00038577540857122816,2.0,2.0,2.0,1.506,5148.33,0.0,0.8295888637099385,0.000356102298478472,BENIGN
16.805,614.0,775.0,54532.0,70.36387096774193,46.11722701576912,3244.9866111276406,23.0,198.0,429.0,0.0,0.02967741935483871,0.0,0.11616161616161616,614.0,1.0,1.0,0.0018,1.26,0.0,1.0,0.0,ANOMALY
27.251,3072.0,296250.0,337250939.0,1138.399794092827,10871.160691350775,12375727.092583759,102747.0,32901.0,10734.0,0.0,0.3468253164556962,0.0,3.1229141971368652,4.0,1.0,42.0,0.2661,96.44,0.0,0.9799257383966244,0.0,DOS_DDOS
29.207,325.0,5689.0,898960.0,158.01722622605027,194.78207279076932,30778.922860957988,963.0,1918.0,476.0,1964.0,0.1692740376164528,0.34522763227280717,0.5020855057351408,2.0,1.0,1.0,0.1923,17.5,0.8769230769230769,1.0,0.0,BRUTE_FORCE
4.258,6.0,1150.0,484124.0,420.9773913043478,270.07984969469237,113697.51056834194,12.0,801.0,8.0,0.0,0.010434782608695653,0.0,0.0149812734082397,2.0,3.0,2.0,0.3872,191.67,0.0,0.9826086956521739,0.009565217391304347,BENIGN
25.476,8.0,3681.0,1347242.0,365.9989133387666,144.48893075836082,52882.79164704035,19.0,2582.0,17.0,2.0,0.005161640858462374,0.0005433306166802499,0.007358636715724245,1.0,3.0,2.0,1.7726,460.12,0.0,0.8959521869057321,0.005161640858462374,BENIGN
228.326,2.0,13.0,971.0,74.6923076923077,0.056936135175144315,4.252691327312702,2.0,6.0,2.0,0.0,0.15384615384615385,0.0,0.3333333333333333,2.0,1.0,1.0,182.6609,6.5,0.0,1.0,0.0,ANOMALY
60.639,341.0,2666.0,235886.0,88.47936984246061,43.965104965451275,3890.004782400765,458.0,972.0,162.0,878.0,0.17179294823705926,0.3293323330832708,0.4711934156378601,2.0,1.0,1.0,1.5125,7.82,0.9882697947214076,1.0,0.0,BRUTE_FORCE
36.91,314.0,550.0,29560.0,53.74545454545454,14.90111081007857,800.8669737198592,303.0,100.0,0.0,223.0,0.5509090909090909,0.40545454545454546,3.03,290.0,1.0,1.0,0.0024,1.75,0.025477707006369428,0.9490909090909091,0.0,PORT_SCAN
8.747,80758.0,89470.0,6484478.0,72.47656197608137,10228.649822796388,741337.3728135361,69510.0,10662.0,0.0,3886.0,0.7769084609366268,0.04343355314630602,6.519414743950478,2.0,1.0,1.0,0.0045,1.11,0.0,1.0,0.0,SYN_FLOOD
39.42,515.0,595.0,32078.0,53.91260504201681,15.093860984271943,813.7493658041603,419.0,143.0,0.0,307.0,0.704201680672269,0.5159663865546219,2.93006993006993,441.0,1.0,1.0,0.0111,1.16,0.03495145631067961,0.9899159663865547,0.0,PORT_SCAN
26.267,500.0,523.0,46326.0,88.5774378585086,19.91091483610614,1763.6578216012488,3.0,155.0,424.0,0.0,0.0057361376673040155,0.0,0.01935483870967742,500.0,1.0,1.0,0.0267,1.05,0.0,1.0,0.0,ANOMALY
46.328,469.0,6161.0,891060.0,144.62911864956988,132.98653082369194,19233.72474529442,1606.0,3006.0,515.0,2347.0,0.2606719688362279,0.3809446518422334,0.5342648037258816,1.0,1.0,1.0,0.3901,13.14,0.9914712153518124,1.0,0.0,BRUTE_FORCE
27.966,549052.0,582695.0,34965394.0,60.006339508662336,20835.836372738326,1250282.2713294714,403271.0,22301.0,0.0,36659.0,0.6920790464994551,0.06291284462712053,18.08309044437469,1.0,1.0,1.0,0.003,1.06,0.0,1.0,0.0,SYN_FLOOD
46.979,43.0,761.0,104093.0,136.784494086728,16.198727090827816,2215.7346899678582,129.0,255.0,68.0,111.0,0.16951379763469118,0.14586070959264127,0.5058823529411764,1.0,1.0,1.0,2.1851,17.7,0.9534883720930233,1.0,0.0,BRUTE_FORCE
17.459,5.0,9141.0,3689175.0,403.58549392845424,523.5695056990664,211305.05756343433,11.0,6118.0,6.0,0.0,0.0012033694344163659,0.0,0.0017979731938542007,2.0,2.0,1.0,5.4211,1828.2,0.0,0.9707909419100755,0.01783174707362433,BENIGN
26.025,579239.0,845375.0,54714404.0,64.72205116072749,32483.189241114316,2102378.6359269936,545123.0,90156.0,0.0,29510.0,0.6448298092562472,0.034907585391098624,6.046441723235281,3.0,1.0,1.0,0.0092,1.46,0.0,1.0,0.0,SYN_FLOOD
24.143,1010.0,1510.0,80704.0,53.44635761589404,62.54400861533364,3342.7494511866794,857.0,130.0,0.0,520.0,0.5675496688741721,0.3443708609271523,6.592307692307692,791.0,1.0,1.0,0.0437,1.5,0.04950495049504951,0.9741721854304636,0.0,PORT_SCAN
38.866,99.0,11517.0,95287834.0,8273.667969089172,296.3258374929244,2451701.590078732,3549.0,5244.0,0.0,0.0,0.30815316488668926,0.0,0.6767734553775744,1.0,1.0,1.0,0.2531,116.33,1.0,1.0,0.0,ANOMALY
6.492,88624.0,120380.0,7614598.0,63.2546768566207,18542.821934688847,1172920.2094886014,75563.0,17029.0,0.0,55.0,0.6277039375311514,0.0004568865260009968,4.4373128193082385,3.0,1.0,1.0,0.0045,1.36,0.0,1.0,0.0,SYN_FLOOD
25.753,1073.0,2212.0,184038.0,83.1998191681736,85.89290568089154,7146.2742204791675,1327.0,260.0,0.0,639.0,0.5999095840867993,0.28887884267631103,5.1038461538461535,1012.0,1.0,1.0,0.0134,2.06,0.04473438956197577,0.9502712477396021,0.0,PORT_SCAN
88.642,138.0,1646.0,397112.0,241.2588092345079,18.569075607499833,4479.9530696509555,229.0,729.0,92.0,190.0,0.1391251518833536,0.11543134872417983,0.31412894375857336,2.0,1.0,1.0,1.3181,11.93,0.9710144927536232,1.0,0.0,BRUTE_FORCE
14.47,146633.0,173180.92200760782,9947534.0,57.44012611021326,11968.273808404134,687459.1568762958,133711.0,39468.0,0.0,804.0,0.7720885098078303,0.004642543709085232,3.3878331813114424,2.0,1.0,1.0,0.0022,1.18,0.0,0.9999946760440057,0.0,SYN_FLOOD
47.475,1305.0,144488.0,160105692.0,1108.0898898178395,3043.454449710374,3372421.1058451817,13633.0,29897.0,2253.0,31202.0,0.09435385637561597,0.21594872930623996,0.45599892965849415,5.0,1.0,13.0,3.2205,110.72,0.0,0.9379464038536072,0.0,DOS_DDOS
17.446,122.0,774.0,77055.0,99.55426356589147,44.36547059497879,4416.771752837326,222.0,304.0,54.0,260.0,0.2868217054263566,0.3359173126614987,0.7302631578947368,1.0,1.0,1.0,1.2426,6.34,0.9098360655737705,1.0,0.0,BRUTE_FORCE
58.57,424.0,6883.0,1674343.0,243.25773645212843,117.51750042683967,28587.04114734506,957.0,3021.0,347.0,945.0,0.13903821008281272,0.13729478425105332,0.31678252234359483,1.0,1.0,1.0,0.2321,16.23,0.8797169811320755,1.0,0.0,BRUTE_FORCE
19.954,40.0,19653.0,1553734.0,79.05836259095304,984.9153052019645,77865.79132003608,882.0,0.0,0.0,145.0,0.04487864448175851,0.007378008446547601,882.0,1.0,2.0,1.0,0.2733,491.32,0.0,0.5134076222459676,0.4865414949371597,ANOMALY
126.097,3.0,16.0,1156.0,72.25,0.12688644456251932,9.167545619642022,3.0,8.0,3.0,0.0,0.1875,0.0,0.375,3.0,1.0,1.0,100.8773,5.33,0.0,1.0,0.0,ANOMALY
38.272,183.0,734.0,119677.0,163.04768392370573,19.17851170568562,3127.0119147157193,92.0,252.0,100.0,82.0,0.12534059945504086,0.11171662125340599,0.36507936507936506,3.0,1.0,1.0,2.185,4.01,0.9453551912568307,1.0,0.0,BRUTE_FORCE
8.573,1047.0,1523.3878660850978,77112.0,50.61875686207708,177.6960067753526,8994.750962323573,1205.0,317.0,0.0,726.0,0.7910001299253407,0.47656937288447915,3.8012618296529967,929.0,1.0,1.0,0.0256,1.46,0.10888252148997135,0.9833346013511706,0.0,PORT_SCAN
8.63,5.0,955.0,328032.0,343.4890052356021,110.66048667439165,38010.66048667439,9.0,598.0,6.0,0.0,0.009424083769633508,0.0,0.015050167224080268,3.0,3.0,1.0,2.4719,191.0,0.0,0.8219895287958116,0.0010471204188481676,BENIGN
38.364,56059.0,160518.0,40433439.0,251.89348858071992,4184.078823897404,1053942.2114482329,33051.0,31350.0,444.0,0.0,0.2059021418158711,0.0,1.0542583732057416,5.0,1.0,13.0,3.7447,2.86,0.0,0.9068266487247536,0.0,DOS_DDOS
4.744,13.0,670.0,292284.0,436.24477611940296,141.2310286677909,61611.29848229342,30.0,448.0,23.0,1.0,0.04477611940298507,0.0014925373134328358,0.06696428571428571,4.0,1.0,1.0,0.0569,51.54,0.0,0.8417910447761194,0.004477611940298508,BENIGN
10.71,1206.0,2974.0,196249.0,65.98823133826497,277.68440709617175,18323.90289449113,1626.0,422.0,0.0,504.0,0.5467383994620041,0.1694687289845326,3.853080568720379,984.0,1.0,1.0,0.0328,2.47,0.02155887230514096,0.9818426361802286,0.0,PORT_SCAN
56.451,79613.0,424674.0,95576769.0,225.05914890009748,7522.8782483924115,1693092.5758622522,95348.0,71574.0,2494.0,0.0,0.22452045569071805,0.0,1.3321597228043702,4.0,1.0,1.0,0.7671,5.33,0.0,0.9346816616981496,0.0,DOS_DDOS
21.077,316182.0,426897.0,23521351.0,55.09842186756993,20254.163305973336,1115972.4344071737,245419.0,97395.0,0.0,945.0,0.5748904302442978,0.002213648725570805,2.519831613532522,1.0,1.0,20.0,0.0036,1.35,0.0,1.0,0.0,SYN_FLOOD
16.46,1216.0,101329.0,130239777.0,1285.3159214045338,6156.075334143377,7912501.640340218,32656.0,24099.0,4051.0,0.0,0.3222769394743854,0.0,1.3550769741483049,3.0,1.0,56.0,3.5915,83.33,0.0,0.9622220687068855,0.0,DOS_DDOS
72.139,358.0,1466.0,300370.0,204.89085948158254,20.321878595489267,4163.767171710171,296.0,822.0,88.0,516.0,0.2019099590723056,0.3519781718963165,0.36009732360097324,3.0,1.0,1.0,0.6404,4.09,0.88268156424581,1.0,0.0,BRUTE_FORCE
34.98,318.0,431.0,33292.0,77.24361948955917,12.32132647226987,951.7438536306462,279.0,98.0,0.0,130.0,0.6473317865429234,0.30162412993039445,2.8469387755102042,295.0,1.0,1.0,0.0242,1.36,0.05660377358490566,0.9698375870069605,0.0,PORT_SCAN
56.532,85848.0,233157.0,56431479.0,242.03210283199732,4124.336658883464,998221.874336659,86376.0,29526.0,3505.0,0.0,0.3704628211891558,0.0,2.9254216622637674,4.0,1.0,55.0,3.3551,2.72,0.0,0.9966374588796391,0.0,DOS_DDOS
30.8,743.0,1720.0,148785.0,86.50290697674419,55.84415584415584,4830.681818181818,1022.0,242.0,0.0,363.0,0.5941860465116279,0.21104651162790697,4.223140495867769,581.0,1.0,1.0,0.0077,2.31,0.11440107671601615,0.9901162790697674,0.0,PORT_SCAN
22.318,1311.0,3414.7655818756944,249958.0,73.19916814398157,153.0049996359752,11199.838695223585,2873.0,540.0,0.0,1485.0,0.8413461864699631,0.4348761179630683,5.32037037037037,1126.0,1.0,1.0,0.0225,2.6,0.02517162471395881,0.9857192007162882,0.0,PORT_SCAN
11.61,41086.0,54152.0,3162414.0,58.39884030137391,4664.254952627046,272387.0801033592,41519.0,12202.0,0.0,2891.0,0.766712217461959,0.053386763185108585,3.402638911653827,1.0,1.0,149.0,0.0039,1.32,0.0,1.0,0.0,SYN_FLOOD
6.269,42183.0,48701.0,2684861.0,55.129483994168496,7768.543627372786,428275.80156324775,34446.0,1000.0,0.0,3344.0,0.7072955380793002,0.06866388780517854,34.446,1.0,1.0,107.0,0.0025,1.15,0.0,1.0,0.0,SYN_FLOOD
58.785,95422.0,498329.0,68927892.0,138.3180428993697,8477.145530322361,1172542.1791273286,153874.0,95261.0,5262.0,0.0,0.30877994256806246,0.0,1.615288523110192,2.0,1.0,1.0,2.2627,5.22,0.0,0.9742519500169566,0.0,DOS_DDOS
31.405,3.0,18150.0,5743836.0,316.46479338842977,577.9334500875657,182895.58987422384,6.0,11432.0,3.0,0.0,0.00033057851239669424,0.0,0.0005248425472358292,2.0,2.0,1.0,4.935,6050.0,0.0,0.8663911845730028,0.008925619834710744,BENIGN
159.179,2.0,17.0,774.0,45.529411764705884,0.10679800727482897,4.862450448865742,2.0,8.0,2.0,0.0,0.11764705882352941,0.0,0.25,2.0,1.0,1.0,127.3429,8.5,0.0,1.0,0.0,ANOMALY
11.489,74559.0,92628.0,6588423.0,71.12776914108045,8062.32048045957,573454.869875533,74992.0,2134.0,0.0,1063.0,0.8096040074275597,0.011476011573174419,35.14151827553889,3.0,1.0,124.0,0.007,1.24,0.0,1.0,0.0,SYN_FLOOD
19.714,108644.0,150333.0,8037671.0,53.46577930328005,7625.697473876434,407713.8581718576,99795.0,9211.0,0.0,4259.0,0.6638263056015645,0.028330439757072633,10.83432852024753,3.0,1.0,88.0,0.0062,1.38,0.0,1.0,0.0,SYN_FLOOD
4.338,9.0,1112.0,559328.0,502.9928057553957,256.33932687874596,128936.83725218994,20.0,643.0,13.0,0.0,0.017985611510791366,0.0,0.03110419906687403,4.0,3.0,1.0,0.4376,123.56,0.0,0.862410071942446,0.017985611510791366,BENIGN
10.092,478.0,38368.0,39791281.0,1037.0955223102585,3801.823226317875,3942853.8446294093,16972.0,9808.0,255.0,0.0,0.44234778982485407,0.0,1.7304241435562806,2.0,1.0,17.0,2.013,80.27,0.0,0.9077877397831526,0.0,DOS_DDOS
27.956,49.0,62032.0,6552085.0,105.62427456796492,2218.915438546287,234371.33352410933,2055.0,0.0,0.0,621.0,0.033128062935259224,0.010010962084085633,2055.0,1.0,1.0,1.0,0.2794,1265.96,0.0,0.23807067320092856,0.7619132060871808,ANOMALY
13.965,45644.0,67310.0,3527212.0,52.40249591442579,4819.906910132474,252575.1521661296,35358.0,10189.0,0.0,4469.0,0.5253008468281087,0.06639429505274105,3.47021297477672,1.0,1.0,128.0,0.0078,1.47,0.0,1.0,0.0,SYN_FLOOD
63.278,110.0,1966.0,505212.0,256.97456765005086,31.06924997629508,7984.007079869781,369.0,749.0,148.0,271.0,0.18769074262461852,0.13784333672431331,0.49265687583444595,1.0,1.0,1.0,0.1992,17.87,0.8727272727272727,1.0,0.0,BRUTE_FORCE
22.022,600.0,973.0,71732.0,73.72250770811922,44.18308963763509,3257.288166379076,719.0,222.0,0.0,381.0,0.7389516957862282,0.39157245632065774,3.2387387387387387,554.0,1.0,1.0,0.0412,1.62,0.035,0.9640287769784173,0.0,PORT_SCAN
12.148,188.0,4428.0,25188724.0,5688.510388437217,364.5044451761607,2073487.3230161343,2209.0,1942.0,0.0,0.0,0.49887082204155375,0.0,1.1374871266735325,1.0,1.0,1.0,0.391,23.55,1.0,1.0,0.0,ANOMALY
53.376,140032.0,456155.0,68434306.0,150.0242373754535,8546.069394484413,1282117.5434652278,105804.0,66778.0,7755.0,0.0,0.23194747399458518,0.0,1.5844140285722843,2.0,1.0,40.0,2.0179,3.26,0.0,0.9165809867260032,0.0,DOS_DDOS
9.593,57473.0,94854.0444358918,4903503.0,51.69524430045878,9887.839511716022,511154.2791618889,72439.0,22413.0,0.0,1530.0,0.7636891018280062,0.016130044945358846,3.23200820952126,1.0,1.0,31.0,0.0097,1.65,0.0,0.9999995315340314,0.0,SYN_FLOOD
100.102,1.0,12.0,731.0,60.916666666666664,0.1198777247207848,7.302551397574474,1.0,6.0,1.0,0.0,0.08333333333333333,0.0,0.16666666666666666,1.0,1.0,1.0,80.0818,12.0,0.0,1.0,0.0,ANOMALY
9.762,427.0,491.0,41968.0,85.4745417515275,50.29707027248514,4299.119032985044,356.0,102.0,0.0,74.0,0.725050916496945,0.15071283095723015,3.4901960784313726,346.0,1.0,1.0,0.0219,1.15,0.0936768149882904,0.9938900203665988,0.0,PORT_SCAN
9.715,11.0,1474.0,698592.0,473.94301221166893,151.72413793103448,71908.59495625322,19.0,1316.0,21.0,0.0,0.012890094979647219,0.0,0.014437689969604863,5.0,3.0,2.0,0.903,134.0,0.0,0.8778833107191316,0.016960651289009497,BENIGN
38.605,447.0,4058.0,752135.0,185.34622966978807,105.11591762725037,19482.839010490872,864.0,2158.0,314.0,915.0,0.21291276490882208,0.22548053228191228,0.40037071362372567,3.0,1.0,1.0,0.5126,9.08,0.8680089485458613,1.0,0.0,BRUTE_FORCE
45.444,131.0,15591.0,139527613.0,8949.240779937143,343.08159493002375,3070319.8001936446,7406.0,6308.0,0.0,0.0,0.4750176383811173,0.0,1.1740646797717185,1.0,1.0,1.0,0.4617,119.02,1.0,1.0,0.0,ANOMALY
7.984,153.0,174.0,7843.0,45.07471264367816,21.793587174348698,982.3396793587175,5.0,54.0,126.0,0.0,0.028735632183908046,0.0,0.09259259259259259,153.0,1.0,1.0,0.0177,1.14,0.0,1.0,0.0,ANOMALY
25.085,174649.0,251907.0,12243490.0,48.60321467843291,10042.136735100657,488080.12756627466,157069.0,38777.0,0.0,16899.0,0.6235197910339927,0.06708428110374066,4.050571214895427,2.0,1.0,1.0,0.0017,1.44,0.0,1.0,0.0,SYN_FLOOD
5.703,35362.0,51013.0,2904076.0,56.9281555681885,8944.941258986499,509219.00753989123,27143.0,6249.0,0.0,1091.0,0.5320800580244252,0.021386705349616765,4.343574971995519,3.0,1.0,1.0,0.0048,1.44,0.0,1.0,0.0,SYN_FLOOD
23.934,189403.0,258726.8481582963,19807418.0,76.55725774497616,10810.012875336188,827584.9419236232,201601.0,57124.0,0.0,14671.0,0.7792040193550183,0.05670459059209763,3.529182130102934,3.0,1.0,102.0,0.0099,1.37,0.0,0.9999967218002216,0.0,SYN_FLOOD
55.061,3744.0,444338.0,496335032.0,1117.0213486129928,8069.922449646755,9014275.657906685,105211.0,120145.0,11616.0,0.0,0.2367814591594687,0.0,0.875700195596987,1.0,1.0,1.0,1.9422,118.68,0.0,0.9049709905522373,0.0,DOS_DDOS
67.303,49.0,224.0,45199.0,201.78125,3.3282320253183366,671.5748183587656,30.0,86.0,24.0,49.0,0.13392857142857142,0.21875,0.3488372093023256,3.0,1.0,1.0,0.931,4.57,0.8571428571428571,1.0,0.0,BRUTE_FORCE
39.349,695.0,727.0,30180.0,41.513067400275105,18.475691885435463,766.9826425067982,28.0,272.0,577.0,0.0,0.03851444291609354,0.0,0.10294117647058823,695.0,1.0,1.0,0.0282,1.05,0.0,1.0,0.0,ANOMALY
31.212,1304.0,3197.0,275812.0,86.27213012198936,102.42855312059464,8836.72946302704,1681.0,613.0,0.0,981.0,0.5258054426024398,0.306850172036284,2.742251223491028,1044.0,1.0,1.0,0.0253,2.45,0.057515337423312884,0.9646543634657492,0.0,PORT_SCAN
84.243,428.0,2742.0,334887.0,122.13238512035011,32.54869840817635,3975.2501691535203,804.0,1110.0,274.0,573.0,0.29321663019693656,0.2089715536105033,0.7243243243243244,1.0,1.0,1.0,1.8723,6.41,0.9649532710280374,1.0,0.0,BRUTE_FORCE
38.81,42569.0,186922.0,40851834.0,218.55016530959438,4816.335995877351,1052611.028085545,85157.0,48507.0,2399.0,71934.0,0.45557505269577686,0.3848343159178695,1.7555610530438905,5.0,1.0,1.0,2.4357,4.39,0.0,0.9438375365125561,0.0,DOS_DDOS
9.636,257697.0,279351.0,16493618.0,59.04263095532144,28990.348692403488,1711666.4591116647,174550.0,39165.0,0.0,1953.0,0.6248411496647587,0.006991204613550695,4.456785395123196,1.0,1.0,1.0,0.0053,1.08,0.0,1.0,0.0,SYN_FLOOD
6.291,181.0,211.0,16643.0,78.87677725118483,33.53997774598633,2645.52535367986,108.0,25.0,0.0,32.0,0.5118483412322274,0.15165876777251186,4.32,146.0,1.0,1.0,0.0262,1.17,0.06077348066298342,0.985781990521327,0.0,PORT_SCAN
23.986,4.0,8423.0,2013148.0,239.00605484981597,351.1631785208038,83930.12590677895,7.0,6968.0,9.0,0.0,0.0008310578178796153,0.0,0.0010045924225028703,1.0,1.0,2.0,3.6959,2105.75,0.0,0.9903834738216787,0.0029680636352843407,BENIGN
14.933,178267.0,227168.0,14834938.0,65.30381919988731,15212.482421482622,993433.201633965,165130.0,29481.0,0.0,4161.0,0.7269069587265812,0.018316840400056347,5.601234693531427,2.0,1.0,1.0,0.0052,1.27,0.0,1.0,0.0,SYN_FLOOD
30.32,149.0,229.0,19893.0,86.86899563318778,7.552770448548813,656.1015831134565,173.0,22.0,0.0,69.0,0.7554585152838428,0.30131004366812225,7.863636363636363,148.0,1.0,1.0,0.0417,1.54,0.0738255033557047,0.9781659388646288,0.0,PORT_SCAN
3.092,5.0,647.0,204759.0,316.47449768160743,209.2496765847348,66222.18628719276,9.0,426.0,5.0,2.0,0.013910355486862442,0.0030911901081916537,0.02112676056338028,3.0,2.0,1.0,0.8793,129.4,0.0,0.990726429675425,0.010819165378670788,BENIGN
27.076,365.0,3125.0,349672.0,111.89504,115.4158664499926,12914.46299305658,751.0,1837.0,452.0,595.0,0.24032,0.1904,0.4088187261839956,2.0,1.0,1.0,1.6855,8.56,0.9095890410958904,1.0,0.0,BRUTE_FORCE
9.278,8.0,4577.0,1398908.0,305.63862792221977,493.31752532873463,150776.89157145936,18.0,3712.0,15.0,0.0,0.003932707013327507,0.0,0.004849137931034483,5.0,2.0,2.0,3.508,572.12,0.0,0.8470613939261525,0.005462093074065982,BENIGN
71.048,128.0,1656.0,160747.0,97.06944444444444,23.308186015088392,2262.5126674923995,308.0,989.0,211.0,474.0,0.1859903381642512,0.286231884057971,0.3114256825075834,1.0,1.0,1.0,1.2901,12.94,0.8828125,1.0,0.0,BRUTE_FORCE
39.627,989.0,2118.0,131992.0,62.319169027384326,53.44840638958286,3330.8602720367426,1193.0,228.0,0.0,1022.0,0.5632672332389046,0.4825306893295562,5.232456140350878,842.0,1.0,1.0,0.0415,2.14,0.024266936299292215,0.9608120868744098,0.0,PORT_SCAN
32.321,5.0,13042.0,9611244.0,736.9455604968563,403.5147427369203,297368.3982550045,12.0,7291.0,8.0,0.0,0.0009201042784848949,0.0,0.001645864764778494,4.0,1.0,2.0,1.2715,2608.4,0.0,0.8244134335224659,0.013494862751111792,BENIGN
264.803,4.0,15.0,1164.0,77.6,0.05664588392125467,4.395720592289362,4.0,7.0,4.0,0.0,0.26666666666666666,0.0,0.5714285714285714,4.0,1.0,1.0,211.8421,3.75,0.0,1.0,0.0,ANOMALY
16.244,944.0,95902.0,72687838.0,757.9387082646869,5903.84141836986,4474749.938438809,21502.0,19704.0,1622.0,0.0,0.22420804571333236,0.0,1.0912505075111651,2.0,1.0,17.0,0.8383,101.59,0.0,0.9654960271944276,0.0,DOS_DDOS
32.306,1283.0,124399.0,103721725.0,833.782626869991,3850.6469386491676,3210602.5196557916,48814.0,32705.0,2479.0,0.0,0.39239865272228874,0.0,1.4925546552514906,3.0,1.0,1.0,3.3984,96.96,0.0,0.970168570486901,0.0,DOS_DDOS
59.508,7.0,37581.0,26593519.0,707.6320215002262,631.5285339786248,446889.81313436845,15.0,22562.0,15.0,3.0,0.00039913786221760996,7.9827572443522e-05,0.0006648346777767928,3.0,1.0,1.0,1.3845,5368.71,0.0,0.8678055400335276,0.001277241159096352,BENIGN
24.29,723.0,1837.0,157963.0,85.98965704953729,75.62783038287361,6503.211198023879,1372.0,245.0,0.0,632.0,0.7468698965704954,0.34403919433859553,5.6,601.0,1.0,1.0,0.0343,2.54,0.0995850622406639,0.9646162221012521,0.0,PORT_SCAN
45.067,7.0,55822.0,38614688.0,691.7467665078285,1238.6446845807354,856828.4554108328,13.0,36559.0,7.0,0.0,0.0002328830926874709,0.0,0.00035558959490139227,5.0,2.0,1.0,5.957,7974.57,0.0,0.8024434810648131,0.012629429257282075,BENIGN
25.323,312118.0,459052.0,21909359.0,47.727401253017085,18127.867946135924,865196.027326936,319042.0,126692.0,0.0,5593.0,0.6950018734261042,0.012183804884849646,2.518248981782591,1.0,1.0,1.0,0.0076,1.47,0.0,1.0,0.0,SYN_FLOOD
33.388,2330.0,60328.0,50898108.0,843.6896300225434,1806.876722175632,1524443.153228705,14011.0,9004.0,539.0,15428.0,0.23224704946293595,0.25573531361888346,1.5560861839182585,4.0,1.0,35.0,1.1125,25.89,0.0,0.9639636652963798,0.0,DOS_DDOS
24.844,253.0,2296.0,271635.0,118.3079268292683,92.41668008372243,10933.625825148929,364.0,1131.0,118.0,841.0,0.15853658536585366,0.3662891986062718,0.3218390804597701,2.0,1.0,1.0,1.4546,9.08,0.9565217391304348,1.0,0.0,BRUTE_FORCE
9.758,1418.0,1870.0,132557.0,70.8860962566845,191.6376306620209,13584.443533510967,1485.0,318.0,0.0,795.0,0.7941176470588235,0.42513368983957217,4.669811320754717,1189.0,1.0,1.0,0.0049,1.32,0.04019746121297602,0.9882352941176471,0.0,PORT_SCAN
61.192,296.0,4046.0,406771.0,100.5365793376174,66.11975421623741,6647.453915544515,577.0,1724.0,244.0,1474.0,0.1426099851705388,0.3643104300543747,0.33468677494199534,1.0,1.0,1.0,2.263,13.67,0.8581081081081081,1.0,0.0,BRUTE_FORCE
195.448,2.0,13.0,849.0,65.3076923076923,0.06651385534771397,4.343866399246858,2.0,6.0,2.0,0.0,0.15384615384615385,0.0,0.3333333333333333,2.0,1.0,1.0,156.3584,6.5,0.0,1.0,0.0,ANOMALY
17.357,64215.0,91594.0,4476064.0,48.868528506234036,5277.064008757274,257882.35294117648,47046.0,9367.0,0.0,4735.0,0.51363626438413,0.051695525907810555,5.022525888758407,1.0,1.0,1.0,0.0093,1.43,0.0,1.0,0.0,SYN_FLOOD
25.003,8.0,12486.0,8028610.0,643.0089700464521,499.3800743910731,321105.8672959245,18.0,8015.0,15.0,2.0,0.0014416146083613647,0.00016017940092904052,0.002245789145352464,6.0,2.0,2.0,2.0987,1560.75,0.0,0.8581611404773346,0.019942335415665546,BENIGN
57.399,134586.0,526044.0,64182212.0,122.00920835519462,9164.68928030105,1118176.4839108696,110803.0,26791.0,20475.0,0.0,0.21063447164115548,0.0,4.135829196371916,5.0,1.0,41.0,3.6205,3.91,0.0,0.996718905642874,0.0,DOS_DDOS
68.885,468.0,3745.0,565613.0,151.03150867823766,54.36597227262829,8210.974813094286,939.0,2209.0,377.0,344.0,0.2507343124165554,0.09185580774365822,0.42507922136713444,2.0,1.0,1.0,0.8494,8.0,0.9615384615384616,1.0,0.0,BRUTE_FORCE
138.636,3.0,14.0,975.0,69.64285714285714,0.1009838714331054,7.032805331948412,3.0,7.0,3.0,0.0,0.21428571428571427,0.0,0.42857142857142855,3.0,1.0,1.0,110.9087,4.67,0.0,1.0,0.0,ANOMALY
44.967,210.0,1182.0,217897.0,184.34602368866328,26.285943024884915,4845.709075544288,369.0,483.0,155.0,163.0,0.31218274111675126,0.13790186125211507,0.7639751552795031,3.0,1.0,1.0,2.2442,5.63,0.9809523809523809,1.0,0.0,BRUTE_FORCE
56.861,4.0,68447.0,39332021.0,574.6346954577995,1203.7600464290113,691722.2876840014,8.0,45224.0,6.0,0.0,0.00011687875290370652,0.0,0.0001768972227136034,3.0,1.0,1.0,5.8402,17111.75,0.0,0.8778032638391748,0.01802854763539673,BENIGN
27.381,448.0,7884.0,1958735.0,248.4443176052765,287.9368905445382,71536.28428472298,1707.0,3625.0,447.0,1384.0,0.2165144596651446,0.17554540842212074,0.4708965517241379,1.0,1.0,1.0,0.1296,17.6,0.9330357142857143,1.0,0.0,BRUTE_FORCE
40.14,2.0,28531.0,19924999.0,698.3631488556307,710.7872446437469,496387.61833582463,5.0,18976.0,4.0,0.0,0.00017524797588587852,0.0,0.00026349072512647553,6.0,3.0,2.0,3.173,14265.5,0.0,0.8930286355192597,0.004381199397146963,BENIGN
36.904,1275.0,1937.0,119545.0,61.71657201858544,52.4875352265337,3239.3507478864076,1269.0,407.0,0.0,470.0,0.6551368094992256,0.24264326277749096,3.117936117936118,990.0,1.0,1.0,0.0134,1.52,0.07686274509803921,0.982447083118224,0.0,PORT_SCAN
19.168,2.0,9526.0,8347739.0,876.3110434600042,496.9741235392321,435503.9127712855,4.0,6003.0,4.0,0.0,0.000419903422212891,0.0,0.0006663334999167084,5.0,1.0,1.0,4.4203,4763.0,0.0,0.9009027923577577,0.004408985933235356,BENIGN
23.745,53.0,140094.0,15582260.0,111.22717603894527,5899.936828806064,656233.3122762686,3152.0,0.0,0.0,4280.0,0.022499179122589117,0.030550915813667964,3152.0,1.0,2.0,1.0,0.0229,2643.28,0.0,0.4662869216383286,0.533705940297229,ANOMALY
10.572,140254.0,201811.0,14254956.0,70.63517845905328,19089.197881195614,1348368.8989784338,125924.0,36686.0,0.0,12092.0,0.6239699520838805,0.05991744751277185,3.4324810554434935,3.0,1.0,1.0,0.0083,1.44,0.0,1.0,0.0,SYN_FLOOD
17.527,217885.0,256349.0,11190987.0,43.65527854604465,14625.948536543618,638499.8573629258,128806.0,72670.0,0.0,3012.0,0.5024634385154614,0.011749606981107786,1.7724783266822624,2.0,1.0,1.0,0.0099,1.18,0.0,1.0,0.0,SYN_FLOOD
36.053,11.0,19988.0,6126515.0,306.5096557934761,554.4060133692064,169930.79632762878,23.0,14618.0,11.0,3.0,0.001150690414248549,0.00015009005403241946,0.0015734026542618689,4.0,2.0,1.0,1.3345,1817.09,0.0,0.8785271162697619,0.0019011406844106464,BENIGN
35.612,8274.0,127579.0,95653022.0,749.7552261735866,3582.4722003818933,2685977.254857913,47089.0,9909.0,817.0,14877.0,0.3690967949270648,0.11661010040837443,4.752144515087294,4.0,1.0,41.0,1.0109,15.42,0.0,0.906120913316455,0.0,DOS_DDOS
22.905,6406.0,97963.0,82925216.0,846.4952686218267,4276.92643527614,3620397.9917048677,31084.0,22140.0,0.0,0.0,0.31730347171891427,0.0,1.403974706413731,3.0,1.0,1.0,0.2848,15.29,0.0,0.969845758092341,0.0,DOS_DDOS
71.749,443.0,7318.0,1523994.0,208.25280131183382,101.99445288436077,21240.630531435978,2130.0,3461.0,709.0,990.0,0.2910631320032796,0.1352828641705384,0.6154290667437157,2.0,1.0,1.0,1.4318,16.52,0.8826185101580135,1.0,0.0,BRUTE_FORCE
11.497,7.0,3245.0,982086.0,302.64591679506935,282.2475428372619,85421.06636513873,14.0,2843.0,11.0,3.0,0.004314329738058551,0.0009244992295839754,0.004924375659514597,1.0,3.0,1.0,0.2033,463.57,0.0,0.9916795069337442,0.008012326656394453,BENIGN
17.401,32.0,61617.0,7647137.0,124.10758394598894,3541.003390609735,439465.3755531291,2609.0,0.0,0.0,106.0,0.04234221075352581,0.0017203044614310986,2609.0,2.0,2.0,1.0,0.303,1925.53,0.0,0.12645860720255775,0.8735251635100703,ANOMALY
28.466,13.0,54573.0,3636091.0,66.6280211826361,1917.1292067729923,127734.52539872128,809.0,0.0,0.0,544.0,0.01482418045553662,0.00996829934216554,809.0,4.0,1.0,1.0,0.2904,4197.92,0.0,0.3954336393454639,0.604548036574863,ANOMALY
58.698,34.0,17174.0,78130480.0,4549.346686852218,292.5823707792429,1331058.639135916,6410.0,3847.0,0.0,0.0,0.3732386165133341,0.0,1.666233428645698,1.0,1.0,1.0,0.2937,505.12,1.0,1.0,0.0,ANOMALY
24.08,2.0,12941.0,8440967.0,652.265435437756,537.4169435215947,350538.4966777409,4.0,11523.0,2.0,3.0,0.0003090951240244185,0.0002318213430183139,0.00034713182330990195,2.0,1.0,2.0,4.7259,6470.5,0.0,0.9959817633876825,0.012209257398964531,BENIGN
26.807,263.0,3231.0,342427.0,105.98173939956669,120.52822024098184,12773.790427873317,1081.0,1201.0,331.0,1002.0,0.3345713401423708,0.31012070566388117,0.9000832639467111,2.0,1.0,1.0,2.1258,12.29,0.9581749049429658,1.0,0.0,BRUTE_FORCE
14.079,316.0,639.0,57414.0,89.84976525821597,45.38674621777115,4077.9884935009586,312.0,89.0,0.0,297.0,0.48826291079812206,0.4647887323943662,3.50561797752809,259.0,1.0,1.0,0.0244,2.02,0.028481012658227847,0.9671361502347418,0.0,PORT_SCAN
11.187,149219.0,208764.0,16072465.0,76.98868099863961,18661.30329847144,1436709.126664879,141479.0,10068.0,0.0,9032.0,0.6776982621524784,0.04326416431951869,14.052344060389352,2.0,1.0,114.0,0.0022,1.4,0.0,1.0,0.0,SYN_FLOOD
38.025,1085.0,1628.0,108924.0,66.9066339066339,42.813938198553586,2864.536489151874,936.0,190.0,0.0,332.0,0.5749385749385749,0.20393120393120392,4.926315789473684,860.0,1.0,1.0,0.0469,1.5,0.10691244239631337,0.9742014742014742,0.0,PORT_SCAN
27.712,868.0,2102.0,127112.0,60.47193149381541,75.85161662817552,4586.89376443418,1290.0,272.0,0.0,1029.0,0.6137012369172217,0.4895337773549001,4.742647058823529,741.0,1.0,1.0,0.0231,2.42,0.09907834101382489,0.9795432921027593,0.0,PORT_SCAN
58.896,7566.0,228777.0,283516672.0,1239.2708707606096,3884.423390383048,4813852.757402879,55131.0,27539.0,3671.0,13498.0,0.24098139236024602,0.05900068625779689,2.0019245433748503,1.0,1.0,1.0,1.2528,30.24,0.0,0.9941427678481666,0.0,DOS_DDOS
19.616,109.0,533.0,64769.0,121.51782363977486,27.171696574225123,3301.8454323001633,100.0,265.0,51.0,104.0,0.18761726078799248,0.1951219512195122,0.37735849056603776,3.0,1.0,1.0,0.3749,4.89,0.944954128440367,1.0,0.0,BRUTE_FORCE
39.042,3689.0,247064.0,248912514.0,1007.4819237120746,6328.159418062599,6375506.22406639,42107.0,42646.0,4745.0,98780.0,0.17042952433377587,0.39981543243855844,0.9873610655161094,2.0,1.0,48.0,2.8655,66.97,0.0,0.9888530906971473,0.0,DOS_DDOS
31.081,2.0,6069.0,1555860.0,256.3618388531883,195.26398764518515,50058.23493452591,5.0,5271.0,4.0,0.0,0.0008238589553468446,0.0,0.0009485866059571238,3.0,2.0,2.0,1.7799,3034.5,0.0,0.9021255561047948,0.007085187015982864,BENIGN
16.305,330387.0,489125.0,22446106.0,45.89032660362893,29998.466727997547,1376639.4357559031,274463.0,106512.0,0.0,9547.0,0.5611305903398927,0.019518527983644264,2.5768270241850684,1.0,1.0,1.0,0.0021,1.48,0.0,1.0,0.0,SYN_FLOOD
6.889,18.0,30179.0,3388254.0,112.27191093144239,4380.751923356075,491835.38975177816,1273.0,0.0,0.0,738.0,0.04218164949136817,0.024454090592796317,1273.0,1.0,2.0,1.0,0.2572,1676.61,0.0,0.27346830577553927,0.7264985586003513,ANOMALY
18.441,37483.0,179351.0,11315080.0,63.08902654571204,9725.665636353777,613582.7775066429,69538.0,38097.0,5751.0,0.0,0.3877201688309516,0.0,1.8252880804262803,2.0,1.0,11.0,1.1591,4.78,0.0,0.9946752457471661,0.0,DOS_DDOS
19.736,391.0,549.0,39532.0,72.00728597449908,27.81718686663964,2003.040129712201,413.0,130.0,0.0,246.0,0.7522768670309654,0.44808743169398907,3.1769230769230767,302.0,1.0,1.0,0.0263,1.4,0.11253196930946291,0.9690346083788707,0.0,PORT_SCAN
16.6,234.0,2169.0,518410.0,239.00875979714155,130.66265060240963,31229.518072289153,536.0,1198.0,197.0,428.0,0.2471184877823882,0.19732595666205624,0.44741235392320533,1.0,1.0,1.0,0.153,9.27,0.9829059829059829,1.0,0.0,BRUTE_FORCE
13.439,7.0,6793.0,3201467.0,471.28912115412925,505.4691569313193,238222.11474068012,17.0,4049.0,12.0,0.0,0.002502576181363168,0.0,0.0041985675475426035,4.0,1.0,2.0,1.5382,970.43,0.0,0.8134844693066392,0.01015751508906227,BENIGN
42.615,140391.0,498272.0,103339461.0,207.3956814751782,11692.408776252492,2424955.08623724,111091.0,45661.0,14005.0,158121.0,0.22295252392267678,0.31733872262539337,2.4329515341319725,5.0,1.0,45.0,2.713,3.55,0.0,0.9673531725643825,0.0,DOS_DDOS
5.48,560.0,1412.0,65958.0,46.712464589235125,257.6642335766423,12036.131386861312,1159.0,128.0,0.0,239.0,0.8208215297450425,0.16926345609065155,9.0546875,441.0,1.0,1.0,0.0299,2.52,0.06785714285714285,0.9553824362606232,0.0,PORT_SCAN
9.494,134.0,166.0,13589.0,81.86144578313252,17.484727196123867,1431.325047398357,125.0,28.0,0.0,33.0,0.7530120481927711,0.19879518072289157,4.464285714285714,129.0,1.0,1.0,0.0071,1.24,0.05223880597014925,0.9819277108433735,0.0,PORT_SCAN
15.373,8.0,89527.0,12517854.0,139.82210953120287,5823.65185715215,814275.287842321,1053.0,0.0,0.0,2221.0,0.011761814871491283,0.024808158432651602,1053.0,3.0,3.0,1.0,0.2785,11190.88,0.0,0.3782434349414143,0.6217453952438929,ANOMALY
26.004,394.0,6172.0,620131.0,100.4748865845755,237.34810029226273,23847.523457929547,1847.0,2544.0,139.0,2397.0,0.2992546986390149,0.38836681788723265,0.7260220125786163,1.0,1.0,1.0,1.5334,15.66,0.8654822335025381,1.0,0.0,BRUTE_FORCE
28.125,5.0,15601.0,5410233.0,346.78757771937694,554.7022222222222,192363.84,12.0,8712.0,6.0,3.0,0.0007691814627267483,0.00019229536568168707,0.0013774104683195593,3.0,2.0,1.0,4.3421,3120.2,0.0,0.9223767707198256,0.014742644702262676,BENIGN
14.11,155224.0,181187.0,13065113.0,72.1084459701855,12841.03472714387,925947.0588235294,92752.0,40865.0,0.0,8568.0,0.5119131063486895,0.047288160850392134,2.2697173620457605,2.0,1.0,1.0,0.004,1.17,0.0,1.0,0.0,SYN_FLOOD
38.527,1297.0,3092.0,255062.0,82.49094437257439,80.25540530017909,6620.3441742154855,1543.0,307.0,0.0,854.0,0.49902975420439843,0.27619663648124193,5.026058631921824,1064.0,1.0,1.0,0.0257,2.38,0.03315343099460293,0.9628072445019404,0.0,PORT_SCAN
17.56,2.0,6473.0,2160374.0,333.7515835006952,368.621867881549,123028.13211845103,4.0,4030.0,3.0,0.0,0.0006179514908079716,0.0,0.0009925558312655087,1.0,1.0,2.0,1.5786,3236.5,0.0,0.8348524640815695,0.015294299397497296,BENIGN
81.989,335.0,2282.0,330492.0,144.8255915863278,27.83300198807157,4030.9309785459022,767.0,1288.0,145.0,332.0,0.33610867659947413,0.14548641542506574,0.5954968944099379,1.0,1.0,1.0,2.2314,6.81,0.9791044776119403,1.0,0.0,BRUTE_FORCE
34.969,958.0,1753.0,124240.0,70.87278950370793,50.130115244931226,3552.8611055506303,1478.0,88.0,0.0,520.0,0.84312606959498,0.2966343411294923,16.795454545454547,939.0,1.0,1.0,0.0273,1.83,0.09290187891440502,0.9532230462065031,0.0,PORT_SCAN
7.984,89856.0,111939.0,7236122.0,64.64343973056754,14020.415831663327,906327.9058116232,72052.0,2971.0,0.0,4972.0,0.6436719999285325,0.04441704857109676,24.251767081790643,2.0,1.0,1.0,0.003,1.25,0.0,1.0,0.0,SYN_FLOOD
15.364,367.0,454.0,39461.0,86.91850220264317,29.5495964592554,2568.4066649310075,358.0,63.0,0.0,86.0,0.788546255506608,0.1894273127753304,5.682539682539683,367.0,1.0,1.0,0.0398,1.24,0.02997275204359673,0.9625550660792952,0.0,PORT_SCAN
9.757,884.0,1880.0,86084.0,45.78936170212766,192.6821768986369,8822.79389156503,1488.0,292.0,0.0,1019.0,0.7914893617021277,0.5420212765957447,5.095890410958904,837.0,1.0,1.0,0.0318,2.13,0.08031674208144797,0.9659574468085106,0.0,PORT_SCAN
11.692,109.0,797.0,114388.0,143.52321204516937,68.16626753335613,9783.441669517619,181.0,366.0,112.0,275.0,0.22710163111668757,0.3450439146800502,0.49453551912568305,3.0,1.0,1.0,2.1557,7.31,0.981651376146789,1.0,0.0,BRUTE_FORCE
35.384,170.0,1518.0,126472.0,83.31488801054019,42.90074609993217,3574.2708568844673,231.0,509.0,131.0,247.0,0.15217391304347827,0.1627140974967062,0.4538310412573674,3.0,1.0,1.0,0.2435,8.93,0.9705882352941176,1.0,0.0,BRUTE_FORCE
58.305,60.0,780.0,132114.0,169.37692307692308,13.377926421404682,2265.9120144069975,257.0,363.0,33.0,216.0,0.3294871794871795,0.27692307692307694,0.7079889807162535,1.0,1.0,1.0,2.2201,13.0,0.9,1.0,0.0,BRUTE_FORCE
5.418,1455.0,3154.0,275668.0,87.40266328471782,582.1336286452565,50880.02953119232,1894.0,466.0,0.0,1223.0,0.6005072923272036,0.38776157260621436,4.064377682403434,1160.0,1.0,1.0,0.0394,2.17,0.06254295532646048,0.9822447685478757,0.0,PORT_SCAN
24.303,421.0,3844.0,669908.0,174.27367325702394,158.16977327901904,27564.82738756532,984.0,1726.0,479.0,1213.0,0.2559833506763788,0.3155567117585848,0.5701042873696408,3.0,1.0,1.0,1.1426,9.13,0.850356294536817,1.0,0.0,BRUTE_FORCE
16.079,587.0,1368.0,105638.0,77.22076023391813,85.07991790534237,6569.935941289881,969.0,201.0,0.0,748.0,0.7083333333333334,0.5467836257309941,4.82089552238806,462.0,1.0,1.0,0.0477,2.33,0.02555366269165247,0.9605263157894737,0.0,PORT_SCAN
55.473,93058.0,373606.0,96555963.0,258.44328784869623,6734.91608530276,1740593.8564707155,180932.0,107303.0,11842.0,0.0,0.48428558427862506,0.0,1.6861783920300457,3.0,1.0,1.0,3.1144,4.01,0.0,0.989625434281034,0.0,DOS_DDOS
37.07,1230.0,2531.0,134573.0,53.169893322797314,68.27623415160507,3630.2400863231724,1756.0,577.0,0.0,1201.0,0.6937969182141446,0.474516001580403,3.0433275563258233,1099.0,1.0,1.0,0.0345,2.06,0.1040650406504065,0.9964440932437771,0.0,PORT_SCAN
38.28,56.0,733.0,100063.0,136.51159618008185,19.148380355276906,2613.975966562173,171.0,305.0,17.0,208.0,0.23328785811732605,0.2837653478854025,0.5606557377049181,2.0,1.0,1.0,1.3254,13.09,0.9464285714285714,1.0,0.0,BRUTE_FORCE
9.34,7.0,2881.0,770955.0,267.59979173897955,308.458244111349,82543.3618843683,18.0,1930.0,8.0,0.0,0.006247830614370011,0.0,0.00932642487046632,6.0,3.0,1.0,4.6085,411.57,0.0,0.810829573064908,0.0006942034015966678,BENIGN
30.796,519.0,1237.2217497022934,101668.0,82.17443641324918,40.174754828623634,3301.337836082608,972.0,264.0,0.0,175.0,0.7856311936270822,0.14144594535467017,3.6818181818181817,499.0,1.0,1.0,0.0073,2.38,0.0674373795761079,0.9836555171236205,0.0,PORT_SCAN
17.408,173812.0,197468.0,15213037.0,77.04051795733993,11343.520220588234,873910.6732536764,149611.0,25537.0,0.0,8788.0,0.757646808596836,0.044503413211254485,5.858597329365235,2.0,1.0,130.0,0.008,1.14,0.0,1.0,0.0,SYN_FLOOD
5.371,11.0,1100.0,341540.0,310.4909090909091,204.80357475330476,63589.648110221555,21.0,685.0,18.0,0.0,0.019090909090909092,0.0,0.030656934306569343,1.0,2.0,1.0,1.4375,100.0,0.0,0.9218181818181819,0.012727272727272728,BENIGN
11.361,71.0,75.0,4647.0,61.96,6.601531555320834,409.03089516767886,3.0,21.0,53.0,0.0,0.04,0.0,0.14285714285714285,71.0,1.0,1.0,0.0298,1.06,0.0,1.0,0.0,ANOMALY
56.616,3.0,24194.0,16393830.0,677.5989914854923,427.3350289670764,289561.78465451463,5.0,14665.0,4.0,0.0,0.0002066628089608994,0.0,0.00034094783498124785,6.0,3.0,2.0,4.1699,8064.67,0.0,0.8934446556997603,0.015665040919236175,BENIGN
35.82,1006.0,109658.0,92609754.0,844.5325831220705,3061.362367392518,2585420.2680067,15007.0,14386.0,3337.0,21876.0,0.13685276040051797,0.19949296904922578,1.0431669678854443,3.0,1.0,24.0,2.6778,109.0,0.0,0.9267632092505791,0.0,DOS_DDOS
5.201,8.0,1975.0,1393248.0,705.4420253164557,379.73466641030575,267880.79215535475,18.0,1402.0,13.0,0.0,0.009113924050632912,0.0,0.012838801711840228,6.0,3.0,1.0,0.6299,246.88,0.0,0.8683544303797468,0.007088607594936709,BENIGN
23.286,266.0,554.0,37830.0,68.28519855595668,23.791119127372667,1624.5812934810615,300.0,123.0,0.0,258.0,0.5415162454873647,0.4657039711191336,2.4390243902439024,262.0,1.0,1.0,0.0427,2.08,0.08646616541353383,0.9566787003610109,0.0,PORT_SCAN
27.605,35686.0,196972.0,50855608.0,258.1869910444124,7135.374026444485,1842260.749864155,73325.0,17419.0,6986.0,0.0,0.37226103202485633,0.0,4.209483896894196,4.0,1.0,1.0,1.9421,5.52,0.0,0.9170694311881892,0.0,DOS_DDOS
11.715,316.0,715.0,43454.0,60.774825174825175,61.032863849765256,3709.261630388391,588.0,104.0,0.0,310.0,0.8223776223776224,0.43356643356643354,5.653846153846154,274.0,1.0,1.0,0.0409,2.26,0.10126582278481013,0.9776223776223776,0.0,PORT_SCAN
14.67,192.0,221.0,12840.0,58.09954751131222,15.064758009543286,875.2556237218814,183.0,15.0,0.0,104.0,0.8280542986425339,0.47058823529411764,12.2,190.0,1.0,1.0,0.0168,1.15,0.026041666666666668,0.9502262443438914,0.0,PORT_SCAN
17.4,22.0,118465.0,10201789.0,86.11648166125016,6808.333333333334,586309.7126436782,3170.0,0.0,0.0,1759.0,0.026758958342126365,0.014848267420757186,3170.0,4.0,2.0,1.0,0.348,5384.77,0.0,0.34243869497319884,0.6575528637150213,ANOMALY
31.267,1194.0,90524.0,54648834.0,603.6944235782776,2895.19301499984,1747811.878338184,41239.0,21176.0,1115.0,17226.0,0.45555874685166364,0.19029207723918518,1.9474404986777485,3.0,1.0,59.0,1.1964,75.82,0.0,0.9840484291458619,0.0,DOS_DDOS
216.322,3.0,18.0,1382.0,76.77777777777777,0.08320928985493847,6.388624365529164,3.0,9.0,3.0,0.0,0.16666666666666666,0.0,0.3333333333333333,3.0,1.0,1.0,173.0577,6.0,0.0,1.0,0.0,ANOMALY
41.71,38127.0,176255.0,32778724.0,185.97330004822558,4225.725245744426,785872.0690481899,55051.0,47384.0,1188.0,0.0,0.31233723865989615,0.0,1.1618056728009454,3.0,1.0,43.0,2.5019,4.62,0.0,0.9523361039403138,0.0,DOS_DDOS
29.892,49.0,180783.0,21622960.0,119.60726395734112,6047.8723404255325,723369.4634015791,6946.0,0.0,0.0,115.0,0.03842175425786717,0.0006361217592362114,6946.0,4.0,3.0,1.0,0.0625,3689.45,0.0,0.35128856142447024,0.6487059070819712,ANOMALY
40.349,2.0,32477.0,23158687.0,713.0796255811805,804.902228060175,573959.3794146077,3.0,29728.0,4.0,3.0,9.237306401453336e-05,9.237306401453336e-05,0.00010091496232508074,4.0,2.0,1.0,5.561,16238.5,0.0,0.9380792560889245,0.00030791021338177785,BENIGN
22.885,2.0,13209.0,4008342.0,303.4553713377243,577.1902993227004,175151.49661350227,5.0,8761.0,4.0,3.0,0.0003785297902944962,0.0002271178741766977,0.0005707111060381235,3.0,2.0,2.0,4.8081,6604.5,0.0,0.9585888409417821,0.015065485653720947,BENIGN
11.936,33.0,79464.0,9863035.0,124.1195384073291,6657.506702412868,826326.658847185,1589.0,0.0,0.0,3629.0,0.019996476391825228,0.04566847880801369,1589.0,2.0,3.0,1.0,0.3713,2408.0,0.0,0.2743254807208296,0.7256619349642606,ANOMALY
275.809,4.0,10.0,600.0,60.0,0.03625697493555322,2.1754184961331933,4.0,5.0,4.0,0.0,0.4,0.0,0.8,4.0,1.0,1.0,220.6472,2.5,0.0,1.0,0.0,ANOMALY
50.427,295449.0,655648.0,146208461.0,222.99840920737958,13001.923572689235,2899408.2733456283,97942.0,186272.0,18982.0,211109.0,0.14938198545561032,0.3219852725852897,0.5258009792131936,4.0,1.0,54.0,2.914,2.22,0.0,0.951190272829323,0.0,DOS_DDOS
7.416,8.0,3505.0,1828289.0,521.6231098430814,472.62675296655874,246533.03667745413,16.0,2392.0,14.0,2.0,0.00456490727532097,0.0005706134094151213,0.006688963210702341,5.0,1.0,2.0,0.7366,438.12,0.0,0.8279600570613409,0.010841654778887305,BENIGN
25.843,7.0,15299.0,4380806.0,286.34590496110854,591.9978330689162,169516.15524513408,15.0,10426.0,10.0,0.0,0.0009804562389698673,0.0,0.0014387109150201418,2.0,3.0,1.0,0.657,2185.57,0.0,0.8080266684096999,0.007255376168377018,BENIGN
17.079,307.0,3923.0,461211.0,117.56589344889116,229.69728906844662,27004.567012120147,882.0,1828.0,241.0,1128.0,0.22482793780270202,0.287535049706857,0.4824945295404814,1.0,1.0,1.0,1.4505,12.78,0.9869706840390879,1.0,0.0,BRUTE_FORCE
31.047,276.0,2928.0,265978.0,90.83948087431693,94.30862885302928,8566.946886977808,673.0,1228.0,119.0,940.0,0.22984972677595628,0.32103825136612024,0.5480456026058632,2.0,1.0,1.0,0.2522,10.61,0.9963768115942029,1.0,0.0,BRUTE_FORCE
37.345,129.0,14307.0,125291010.0,8757.322289788215,383.10349444370064,3354960.7711875755,5630.0,6504.0,0.0,0.0,0.39351366463968684,0.0,0.8656211562115621,1.0,1.0,1.0,0.4553,110.91,1.0,1.0,0.0,ANOMALY
278.156,3.0,14.0,642.0,45.857142857142854,0.05033146867225585,2.3080573491134473,3.0,7.0,3.0,0.0,0.21428571428571427,0.0,0.42857142857142855,3.0,1.0,1.0,222.5252,4.67,0.0,1.0,0.0,ANOMALY
10.4,2.0,3160.0,616376.0,195.05569620253164,303.8461538461538,59266.92307692308,4.0,2128.0,4.0,3.0,0.0012658227848101266,0.0009493670886075949,0.0018796992481203006,6.0,3.0,2.0,1.5956,1580.0,0.0,0.8636075949367089,0.014873417721518987,BENIGN
33.367,4.0,29498.0,13654727.0,462.9034849820327,884.0471124164594,409228.4892258819,9.0,23958.0,7.0,0.0,0.0003051054308766696,0.0,0.0003756574004507889,2.0,1.0,2.0,1.4586,7374.5,0.0,0.9720998033765001,0.0049155874974574545,BENIGN
86.051,1.0,13.0,933.0,71.76923076923077,0.15107320077628383,10.842407409559447,1.0,6.0,1.0,0.0,0.07692307692307693,0.0,0.16666666666666666,1.0,1.0,1.0,68.8411,13.0,0.0,1.0,0.0,ANOMALY
9.536,5.0,1398.0,474370.0,339.3204577968526,146.6023489932886,49745.17617449665,10.0,1105.0,8.0,0.0,0.00715307582260372,0.0,0.00904977375565611,6.0,2.0,1.0,0.7845,279.6,0.0,0.9263233190271817,0.012160228898426323,BENIGN
57.201,62.0,3083.0,20979000.0,6804.7356470969835,53.89765913183336,366759.3223894687,1466.0,816.0,0.0,0.0,0.4755108660395718,0.0,1.7965686274509804,1.0,1.0,1.0,0.0893,49.73,1.0,1.0,0.0,ANOMALY
6.012,16.0,11287.0,1196359.0,105.99441835740232,1877.4118429807054,198995.1763140386,165.0,0.0,0.0,104.0,0.014618587755825285,0.009214140161247452,165.0,1.0,3.0,1.0,0.405,705.44,0.0,0.10064676176131833,0.8992646407371312,ANOMALY
28.552,293809.0,448242.7080747435,33597996.0,74.95491927645057,15699.17021836451,1176730.0364247689,332439.0,115802.0,0.0,18064.0,0.7416495438997003,0.04029959589880906,2.8707535275729263,3.0,1.0,103.0,0.0071,1.53,0.0,0.9999984203318185,0.0,SYN_FLOOD
23.544,112.0,1903.0,327565.0,172.13084603258014,80.82738702004757,13912.886510363574,349.0,806.0,84.0,179.0,0.1833946400420389,0.09406200735680505,0.43300248138957814,1.0,1.0,1.0,2.305,16.99,0.8839285714285714,1.0,0.0,BRUTE_FORCE
32.553,2.0,48779.0,24208793.0,496.29539350950205,1498.4486836850676,743673.1791232759,4.0,38919.0,4.0,0.0,8.200250107628282e-05,0.0,0.00010277756365785349,1.0,2.0,2.0,1.7698,24389.5,0.0,0.8541175505852928,0.01769203960720802,BENIGN
51.622,248.0,1057.0,242215.0,229.15326395458845,20.475766146216728,4692.088644376428,209.0,474.0,79.0,169.0,0.1977294228949858,0.1598864711447493,0.4409282700421941,1.0,1.0,1.0,1.9654,4.26,0.9395161290322581,1.0,0.0,BRUTE_FORCE
16.716,46.0,111259.0,15266277.0,137.21386135054243,6655.838717396506,913273.3309404163,1726.0,0.0,0.0,208.0,0.015513351728848901,0.0018695116799539813,1726.0,3.0,1.0,1.0,0.4644,2418.67,0.0,0.42087381694964004,0.5791171950134372,ANOMALY
14.901,78560.0,112630.71263340654,5056129.0,44.89121023727182,7558.600941776159,339314.7439769143,80811.0,31818.0,0.0,2371.0,0.717486359719891,0.021051096495475388,2.539788798793136,3.0,1.0,1.0,0.0057,1.43,0.0,0.9999936728323041,0.0,SYN_FLOOD
44.746,5594.0,341106.0,170269161.0,499.1678862289142,7623.161846868993,3805237.585482501,28745.0,23110.0,2291.0,0.0,0.08426999231910315,0.0,1.2438338381652965,5.0,1.0,1.0,2.9434,60.98,0.0,0.994972237369029,0.0,DOS_DDOS
27.667,775.0,1894.0,112523.0,59.41024287222809,68.45700654208986,4067.0473849712653,1265.0,273.0,0.0,880.0,0.6678986272439282,0.46462513199577615,4.633699633699634,609.0,1.0,1.0,0.047,2.44,0.04387096774193548,0.9535374868004224,0.0,PORT_SCAN
23.966,18684.0,90855.0,14768727.0,162.55271586594023,3790.995577067512,616236.6268880914,17287.0,20491.0,2801.0,0.0,0.19027021077541137,0.0,0.8436386706358889,2.0,1.0,1.0,0.3825,4.86,0.0,0.9697099774365747,0.0,DOS_DDOS
40.956,7994.0,909046.0,752410691.0,827.6926481168169,22195.673405606016,18371195.697822053,264263.0,95599.0,4264.0,0.0,0.2907036607608416,0.0,2.7642862373037373,4.0,1.0,41.0,2.389,113.72,0.0,0.9647718597298707,0.0,DOS_DDOS
32.293,118.0,7803.0,37931465.0,4861.138664616174,241.63131328770942,1174603.319604868,3251.0,3255.0,0.0,0.0,0.4166346277072921,0.0,0.9987711213517665,1.0,1.0,1.0,0.4748,66.13,1.0,1.0,0.0,ANOMALY
33.552,175855.0,390089.0,69815680.0,178.97372138153088,11626.400810681927,2080820.2193609918,61449.0,81864.0,6082.0,95018.0,0.15752559031400526,0.24358031115976098,0.7506229844620346,2.0,1.0,1.0,0.1928,2.22,0.0,0.9254067661482379,0.0,DOS_DDOS
17.321,4.0,24706.0,14991639.0,606.8015461831134,1426.3610646036602,865518.0994168927,8.0,22852.0,5.0,2.0,0.000323807981866753,8.095199546668825e-05,0.00035007876772273763,3.0,2.0,1.0,4.9196,6176.5,0.0,0.998947624058933,0.01109042337893629,BENIGN
17.876,276.0,295.0,25087.0,85.0406779661017,16.502573282613557,1403.3900201387335,204.0,59.0,0.0,158.0,0.6915254237288135,0.535593220338983,3.457627118644068,247.0,1.0,1.0,0.0062,1.07,0.11594202898550725,0.9559322033898305,0.0,PORT_SCAN
30.568,375.0,440.0,32699.0,74.31590909090909,14.39413766029835,1069.7134258047631,1.0,157.0,340.0,0.0,0.0022727272727272726,0.0,0.006369426751592357,375.0,1.0,1.0,0.0123,1.17,0.0,1.0,0.0,ANOMALY
22.51,4705.0,189213.0,225443365.0,1191.4792588247108,8405.730786317192,10015253.88716126,31029.0,31891.0,3690.0,24648.0,0.1639897892850914,0.13026589082145518,0.9729704305289893,3.0,1.0,8.0,2.2645,40.22,0.0,0.9878391019644528,0.0,DOS_DDOS
245.955,3.0,12.0,777.0,64.75,0.048789412697444655,3.159114472159541,3.0,6.0,3.0,0.0,0.25,0.0,0.5,3.0,1.0,1.0,196.7638,4.0,0.0,1.0,0.0,ANOMALY
5.126,474.0,502.0,45141.0,89.92231075697211,97.93211080764728,8806.281701131486,332.0,35.0,0.0,184.0,0.6613545816733067,0.3665338645418327,9.485714285714286,384.0,1.0,1.0,0.0103,1.06,0.11392405063291139,0.9920318725099602,0.0,PORT_SCAN
20.823,448.0,7332.0,1091455.0,148.86183851609383,352.11064688085287,52415.83825577486,1150.0,2349.0,619.0,1022.0,0.15684669939989088,0.13938897981451173,0.4895700297999149,2.0,1.0,1.0,2.0298,16.37,0.9933035714285714,1.0,0.0,BRUTE_FORCE
75.923,371.0,1613.0,117249.0,72.69001859888407,21.245208961711207,1544.3146345639661,201.0,776.0,235.0,206.0,0.12461252324860508,0.1277123372597644,0.25902061855670105,3.0,1.0,1.0,0.1062,4.35,0.921832884097035,1.0,0.0,BRUTE_FORCE
26.137,419.0,3415.0,409002.0,119.76632503660322,130.6576883345449,15648.391169606304,726.0,1632.0,214.0,1327.0,0.21259150805270863,0.38857979502196194,0.44485294117647056,3.0,1.0,1.0,0.9816,8.15,0.9498806682577565,1.0,0.0,BRUTE_FORCE
17.927,351610.0,429632.0,33750815.0,78.55749804483837,23965.638422491214,1882680.593518157,272348.0,104703.0,0.0,4480.0,0.6339099508416506,0.010427528675703858,2.6011480091305885,1.0,1.0,160.0,0.0011,1.22,0.0,1.0,0.0,SYN_FLOOD
78.568,381.0,3600.0,793353.0,220.37583333333333,45.820181244272476,10097.660625190918,1125.0,1238.0,255.0,1346.0,0.3125,0.3738888888888889,0.9087237479806138,3.0,1.0,1.0,1.3394,9.45,0.9501312335958005,1.0,0.0,BRUTE_FORCE
26.199,428939.0,474867.0,29246733.0,61.589314481739095,18125.386465132255,1116330.127104088,262041.0,105986.0,0.0,3047.0,0.5518197726942491,0.006416533471477277,2.472411450568943,2.0,1.0,1.0,0.006,1.11,0.0,1.0,0.0,SYN_FLOOD
13.948,46634.0,65858.0,4296085.0,65.23254578031522,4721.680527674218,308007.2411815314,36421.0,9351.0,0.0,1886.0,0.5530231710650186,0.028637371314039296,3.894877553202866,1.0,1.0,1.0,0.0024,1.41,0.0,1.0,0.0,SYN_FLOOD
25.567,385.0,720.0,40164.0,55.78333333333333,28.161301677944223,1570.931278601322,556.0,51.0,0.0,211.0,0.7722222222222223,0.29305555555555557,10.901960784313726,383.0,1.0,1.0,0.0292,1.87,0.05714285714285714,0.9597222222222223,0.0,PORT_SCAN
23.414,54.0,44716.0,5547984.0,124.0715627515878,1909.797557017169,236951.56743828478,790.0,0.0,0.0,370.0,0.017667054298237766,0.008274443152339207,790.0,4.0,2.0,1.0,0.1031,828.07,0.0,0.14679309419447178,0.853184542445657,ANOMALY
26.539,66.0,1073.0,249049.0,232.1053122087605,40.43106371754776,9384.26466709371,256.0,426.0,83.0,342.0,0.2385834109972041,0.31873252562907733,0.6009389671361502,3.0,1.0,1.0,2.4863,16.26,0.8939393939393939,1.0,0.0,BRUTE_FORCE
54.373,303.0,4570.0,1153116.0,252.32297592997813,84.049068471484,21207.51108086734,1137.0,2229.0,577.0,1061.0,0.2487964989059081,0.2321663019693654,0.5100942126514132,1.0,1.0,1.0,0.8776,15.08,0.9207920792079208,1.0,0.0,BRUTE_FORCE
29.883,9946.0,354908.0,305963490.0,862.0924014110699,11876.585349529834,10238713.984539704,161973.0,104178.0,3711.0,116591.0,0.45638024502124497,0.32851048722485826,1.554771640845476,3.0,1.0,1.0,2.5589,35.68,0.0,0.9128619247805065,0.0,DOS_DDOS
23.278,128.0,155.0,7386.0,47.651612903225804,6.6586476501417655,317.2953002835295,2.0,26.0,101.0,0.0,0.012903225806451613,0.0,0.07692307692307693,128.0,1.0,1.0,0.0239,1.21,0.0,1.0,0.0,ANOMALY
38.493,5.0,8902.0,3857071.0,433.2813974387778,231.26282700750784,100201.88086145533,12.0,5482.0,5.0,0.0,0.0013480116827679174,0.0,0.0021889821233126595,6.0,1.0,2.0,1.503,1780.4,0.0,0.9780948101550213,0.017861154796674904,BENIGN
18.059,168308.0,218002.0,17145439.0,78.64808121026412,12071.654022924857,949412.4259372058,130702.0,36820.0,0.0,859.0,0.5995449583031348,0.003940330822653004,3.54975556762629,1.0,1.0,1.0,0.0087,1.3,0.0,1.0,0.0,SYN_FLOOD
28.672,357235.0,402117.0,22328410.0,55.527147571477954,14024.727957589286,778753.1389508928,221040.0,48888.0,0.0,3156.0,0.5496907616439991,0.007848462014786742,4.521354933726068,1.0,1.0,1.0,0.0075,1.13,0.0,1.0,0.0,SYN_FLOOD
19.515,1284.0,2681.0,153665.0,57.316299888101454,137.38150140917242,7874.19933384576,1979.0,325.0,0.0,1118.0,0.7381574039537486,0.4170085788884744,6.0892307692307694,1118.0,1.0,1.0,0.0421,2.09,0.11604361370716511,0.9645654606490116,0.0,PORT_SCAN
9.755,389.0,905.0,69141.0,76.3988950276243,92.77293695540747,7087.749871860584,750.0,62.0,0.0,376.0,0.8287292817679558,0.4154696132596685,12.096774193548388,315.0,1.0,1.0,0.0128,2.33,0.06683804627249357,0.9823204419889503,0.0,PORT_SCAN
16.713,323.0,4973.0,1282920.0,257.97707621154234,297.5528032070843,76761.80218991204,1280.0,1941.0,344.0,1552.0,0.2573899054896441,0.31208526040619344,0.6594538897475528,2.0,1.0,1.0,0.7112,15.4,0.8792569659442725,1.0,0.0,BRUTE_FORCE
20.494,18094.0,52775.0,6819266.0,129.21394599715774,2575.143944569142,332744.5105884649,14629.0,11528.0,114.0,0.0,0.2771956418758882,0.0,1.268997224149896,1.0,1.0,1.0,0.2793,2.92,0.0,0.9880814779725249,0.0,DOS_DDOS
52.486,1862.0,195510.0,213057008.0,1089.7499258349956,3724.9933315550816,4059311.2067980035,82955.0,30579.0,2822.0,73494.0,0.4243005472865838,0.3759091606567439,2.712809444389941,3.0,1.0,24.0,1.0927,105.0,0.0,0.9834739911001995,0.0,DOS_DDOS
17.878,1092.0,1681.0,126716.0,75.38132064247472,94.02617742476787,7087.817429242645,1190.0,215.0,0.0,795.0,0.7079119571683522,0.4729327781082689,5.534883720930233,1055.0,1.0,1.0,0.0122,1.54,0.07326007326007326,0.9892920880428316,0.0,PORT_SCAN
6.421,93766.0,138568.0,8903178.0,64.25132786790601,21580.439183927738,1386571.873539947,83437.0,21879.0,0.0,3612.0,0.6021375786617401,0.026066624328849375,3.8135655194478724,3.0,1.0,1.0,0.0013,1.48,0.0,1.0,0.0,SYN_FLOOD
17.771,181544.0,219176.0,16180083.0,73.822329999635,12333.352090484497,910476.7880254347,190240.0,6216.0,0.0,10815.0,0.867978245793335,0.049343906267109536,30.604890604890606,1.0,1.0,1.0,0.004,1.21,0.0,1.0,0.0,SYN_FLOOD
46.974,494.0,6937.0,705259.0,101.66628225457691,147.67743858304596,15013.816153616895,1511.0,3831.0,812.0,2571.0,0.21781750036038633,0.370621306040075,0.3944139911250326,2.0,1.0,1.0,0.75,14.04,0.9311740890688259,1.0,0.0,BRUTE_FORCE
7.563,57266.0,66217.0,4894832.0,73.92107766887658,8755.388073515802,647207.7218035172,39858.0,11311.0,0.0,3479.0,0.6019300179712158,0.05253937810532039,3.523826363716736,3.0,1.0,1.0,0.0014,1.16,0.0,1.0,0.0,SYN_FLOOD
78.989,377.0,3341.0,828972.0,248.12092187967676,42.29702870019876,10494.777753864462,411.0,1630.0,139.0,295.0,0.12301706076025141,0.08829691709069142,0.25214723926380367,2.0,1.0,1.0,2.37,8.86,0.8594164456233422,1.0,0.0,BRUTE_FORCE
37.62,602.0,1079.0,56763.0,52.60704355885079,28.681552365762894,1508.8516746411485,506.0,96.0,0.0,370.0,0.468952734012975,0.34291010194624655,5.270833333333333,528.0,1.0,1.0,0.0238,1.79,0.04817275747508306,0.9508804448563485,0.0,PORT_SCAN
20.734,1068.0,2318.0,174949.0,75.47411561691113,111.79704832642037,8437.783351017652,1475.0,263.0,0.0,926.0,0.6363244176013805,0.3994823123382226,5.608365019011407,913.0,1.0,1.0,0.015,2.17,0.02153558052434457,0.9969801553062986,0.0,PORT_SCAN
39.556,488.0,544.0,42247.0,77.65992647058823,13.75265446455658,1068.030134492871,7.0,141.0,302.0,0.0,0.012867647058823529,0.0,0.04964539007092199,488.0,1.0,1.0,0.0144,1.11,0.0,1.0,0.0,ANOMALY
5.672,4.0,556.0,238040.0,428.1294964028777,98.02538787023978,41967.55994358251,8.0,482.0,5.0,0.0,0.014388489208633094,0.0,0.016597510373443983,4.0,1.0,1.0,0.2927,139.0,0.0,0.8687050359712231,0.01079136690647482,BENIGN
31.057,6.0,14721.0,8853173.0,601.3975273418926,473.99942042051714,285062.0794023892,12.0,9056.0,11.0,0.0,0.0008151620134501732,0.0,0.001325088339222615,4.0,1.0,1.0,2.3029,2453.5,0.0,0.9591739691597039,0.019088377148291556,BENIGN
52.34,477.0,4455.0,804261.0,180.52996632996633,85.11654566297287,15366.087122659534,634.0,2090.0,562.0,659.0,0.14231200897867566,0.14792368125701458,0.3033492822966507,1.0,1.0,1.0,2.3786,9.34,0.9643605870020965,1.0,0.0,BRUTE_FORCE
38.934,239.0,258.0,14722.0,57.06201550387597,6.626598859608569,378.12708686495097,153.0,59.0,0.0,47.0,0.5930232558139535,0.1821705426356589,2.593220338983051,192.0,1.0,1.0,0.0417,1.08,0.029288702928870293,0.9496124031007752,0.0,PORT_SCAN
31.409,902.0,1211.0,63155.0,52.15111478117259,38.555827947403614,2010.7294087681876,676.0,228.0,0.0,585.0,0.5582163501238646,0.48307184145334436,2.9649122807017543,781.0,1.0,1.0,0.041,1.34,0.09866962305986696,0.9900908340214699,0.0,PORT_SCAN
3.465,4.0,1649.0,532257.0,322.7756215888417,475.90187590187594,153609.52380952382,7.0,1186.0,9.0,0.0,0.004244996967859308,0.0,0.005902192242833052,2.0,3.0,1.0,0.7809,412.25,0.0,0.9714978775015161,0.008489993935718617,BENIGN
46.291,229.0,3836.0,963294.0,251.1193952033368,82.86707999395131,20809.531010347586,957.0,1266.0,126.0,949.0,0.2494786235662148,0.24739311783107404,0.7559241706161137,3.0,1.0,1.0,2.4701,16.75,0.9301310043668122,1.0,0.0,BRUTE_FORCE
19.283,3.0,7725.0,4758390.0,615.9728155339806,400.6119379764559,246766.06337188196,7.0,4348.0,5.0,1.0,0.0009061488673139158,0.00012944983818770226,0.001609935602575897,2.0,2.0,1.0,4.8462,2575.0,0.0,0.8652427184466019,0.012815533980582524,BENIGN
14.341,20.0,2927.0,23749834.0,8114.053296891015,204.10013248727427,1656079.3529042606,1231.0,598.0,0.0,0.0,0.42056713358387426,0.0,2.0585284280936453,1.0,1.0,1.0,0.3162,146.35,1.0,1.0,0.0,ANOMALY
15.754,915.0,1154.0,66927.0,57.99566724436742,73.25123778088104,4248.254411578012,854.0,176.0,0.0,252.0,0.7400346620450606,0.21837088388214904,4.8522727272727275,887.0,1.0,1.0,0.0095,1.26,0.10601092896174863,0.9783362218370883,0.0,PORT_SCAN
21.893,2.0,2770.0,960536.0,346.7638989169675,126.52445987301877,43874.11501393139,5.0,2499.0,4.0,3.0,0.0018050541516245488,0.0010830324909747292,0.0020008003201280513,1.0,3.0,1.0,1.3516,1385.0,0.0,0.9281588447653429,0.007220216606498195,BENIGN
8.974,372.0,405.0,29608.0,73.10617283950617,45.13037664363717,3299.3091152217517,10.0,114.0,221.0,0.0,0.024691358024691357,0.0,0.08771929824561403,372.0,1.0,1.0,0.0246,1.09,0.0,1.0,0.0,ANOMALY
55.337,194.0,1062.0,88176.0,83.02824858757062,19.191499358476243,1593.4365795037677,331.0,362.0,73.0,144.0,0.3116760828625235,0.13559322033898305,0.914364640883978,2.0,1.0,1.0,2.2824,5.47,0.9123711340206185,1.0,0.0,BRUTE_FORCE
238.416,1.0,13.0,734.0,56.46153846153846,0.05452654184282934,3.0786524394335952,1.0,6.0,1.0,0.0,0.07692307692307693,0.0,0.16666666666666666,1.0,1.0,1.0,190.7329,13.0,0.0,1.0,0.0,ANOMALY
6.489,9.0,3182.0,1436394.0,451.4123192960402,490.36831561103406,221358.29865926952,19.0,2147.0,13.0,0.0,0.005971087366436203,0.0,0.008849557522123894,5.0,1.0,1.0,0.6789,353.56,0.0,0.8768070395977373,0.0028284098051539913,BENIGN
31.675,750.0,791.0,62624.0,79.17067003792667,24.972375690607734,1977.0797158642463,631.0,135.0,0.0,431.0,0.797724399494311,0.5448798988621998,4.674074074074074,621.0,1.0,1.0,0.0226,1.05,0.08666666666666667,0.9797724399494311,0.0,PORT_SCAN
11.977,157.0,370.0,17232.0,46.57297297297297,30.8925440427486,1438.7576187693078,234.0,59.0,0.0,57.0,0.6324324324324324,0.15405405405405406,3.9661016949152543,137.0,1.0,1.0,0.0493,2.36,0.03184713375796178,0.9648648648648649,0.0,PORT_SCAN
11.164,1172.0,38904.0,48532638.0,1247.4973781616286,3484.7724829810104,4347244.536008599,3338.0,5719.0,1375.0,0.0,0.08580094591815751,0.0,0.5836684735093548,5.0,1.0,1.0,1.9621,33.19,0.0,0.9812615669339914,0.0,DOS_DDOS
7.741,14.0,2640.0,1871709.0,708.9806818181818,341.0412091461052,241791.62898850278,27.0,2010.0,31.0,0.0,0.010227272727272727,0.0,0.013432835820895522,6.0,2.0,2.0,1.4028,188.57,0.0,0.9810606060606061,0.015909090909090907,BENIGN
19.219,124778.0,158829.0,11599288.0,73.03003859496691,8264.165669389666,603532.3377907278,96434.0,11950.0,0.0,7532.0,0.6071561238816588,0.04742207027683861,8.06979079497908,3.0,1.0,1.0,0.0054,1.27,0.0,1.0,0.0,SYN_FLOOD
25.013,98.0,759.0,109010.0,143.6231884057971,30.344221005077358,4358.133770439371,192.0,294.0,38.0,70.0,0.25296442687747034,0.0922266139657444,0.6530612244897959,1.0,1.0,1.0,1.1921,7.74,0.8571428571428571,1.0,0.0,BRUTE_FORCE
9.216,588.0,1170.0,58046.0,49.61196581196581,126.95312500000001,6298.394097222223,628.0,93.0,0.0,573.0,0.5367521367521367,0.4897435897435897,6.752688172043011,570.0,1.0,1.0,0.0359,1.99,0.061224489795918366,0.9786324786324786,0.0,PORT_SCAN
54.483,3.0,38317.0,17786333.0,464.1890805647624,703.2835930473726,326456.5644329424,5.0,23169.0,5.0,1.0,0.0001304903828587833,2.6098076571756663e-05,0.00021580560231343606,4.0,1.0,2.0,5.8812,12772.33,0.0,0.9586345486337657,0.003105671112039043,BENIGN
29.686,6.0,41865.0,32093805.0,766.6022930849158,1410.2607289631476,1081109.108670754,14.0,29028.0,8.0,2.0,0.000334408216887615,4.777260241251642e-05,0.00048229295852280556,3.0,2.0,1.0,5.0235,6977.5,0.0,0.8007882479398065,0.018607428639675145,BENIGN
39.823,223.0,238.0,13259.0,55.71008403361345,5.976445772543505,332.9482962107325,10.0,33.0,150.0,0.0,0.04201680672268908,0.0,0.30303030303030304,223.0,1.0,1.0,0.0194,1.07,0.0,1.0,0.0,ANOMALY
4.387,847.0,1977.0,167057.0,84.50025290844714,450.64964668338274,38080.00911784819,1193.0,310.0,0.0,411.0,0.603439554881133,0.2078907435508346,3.8483870967741933,696.0,1.0,1.0,0.0483,2.33,0.09445100354191263,0.9539706626201315,0.0,PORT_SCAN
18.315,732.0,1816.0,91116.0,50.17400881057269,99.15369915369915,4974.938574938575,922.0,289.0,0.0,509.0,0.5077092511013216,0.2802863436123348,3.190311418685121,713.0,1.0,1.0,0.0161,2.48,0.08333333333333333,0.9515418502202643,0.0,PORT_SCAN
80.288,158.0,865.0,122134.0,141.19537572254336,10.77371462734157,1521.1986847349542,211.0,269.0,41.0,288.0,0.24393063583815028,0.3329479768786127,0.7843866171003717,1.0,1.0,1.0,1.133,5.47,0.9873417721518988,1.0,0.0,BRUTE_FORCE
24.391,12.0,77621.0,6691488.0,86.20718619961093,3182.3623467672505,274342.50338239514,1648.0,0.0,0.0,909.0,0.021231367799951044,0.011710748379948725,1648.0,4.0,2.0,1.0,0.4018,6468.42,0.0,0.14056762989397198,0.8594194869944989,ANOMALY
26.666,11655.0,394321.0,435835124.0,1105.280023128365,14787.407185179629,16344225.755643891,131188.0,110111.0,8377.0,110678.0,0.3326934147559983,0.2806799536418299,1.1914159348293993,5.0,1.0,45.0,0.1845,33.83,0.0,0.9333664704644186,0.0,DOS_DDOS
8.496,117653.0,166108.8835924476,7882230.0,47.45218816435642,19551.422268414262,927757.7683615818,131630.0,34477.0,0.0,4820.0,0.7924320310463201,0.029017111522018257,3.817907590567625,3.0,1.0,1.0,0.0083,1.41,0.0,0.9999946806430308,0.0,SYN_FLOOD
29.797,44.0,108166.0,14609120.0,135.0620342806427,3630.0969896298284,490288.2840554418,884.0,0.0,0.0,950.0,0.008172623560083575,0.008782796812307009,884.0,3.0,1.0,1.0,0.2389,2458.32,0.0,0.370652515577908,0.6293382393728159,ANOMALY
22.811,9.0,44140.0,5809968.0,131.62591753511555,1935.0313445267634,254700.27618254352,1481.0,0.0,0.0,373.0,0.03355233348436792,0.008450385138196646,1481.0,2.0,3.0,1.0,0.1153,4904.44,0.0,0.32707294970548256,0.6729043951064794,ANOMALY
6.05,53760.0,59162.0,4595103.0,77.6698387478449,9778.842975206611,759521.1570247934,37546.0,2078.0,0.0,1930.0,0.634630337040668,0.03262229133565464,18.068334937439847,3.0,1.0,1.0,0.0098,1.1,0.0,1.0,0.0,SYN_FLOOD
8.879,52758.0,74695.0,3404427.0,45.57770935136221,8412.546457934452,383424.5973645681,46487.0,4481.0,0.0,3994.0,0.6223575875225918,0.053470781176785595,10.37424681990627,3.0,1.0,4.0,0.0085,1.42,0.0,1.0,0.0,SYN_FLOOD
26.535,5.0,4561.0,2833009.0,621.1376891032668,171.88618805351422,106764.98963632938,11.0,3297.0,9.0,0.0,0.0024117518088138568,0.0,0.0033363663936912345,1.0,3.0,1.0,3.865,912.2,0.0,0.8081561061170796,0.00986625739969305,BENIGN
8.849,7.0,4128.0,2553910.0,618.6797480620155,466.4933890835122,288610.0124307831,15.0,2279.0,15.0,1.0,0.003633720930232558,0.00024224806201550387,0.006581834137779728,3.0,3.0,1.0,2.6332,589.71,0.14285714285714285,0.8539244186046512,0.0031492248062015503,BENIGN
51.925,31143.0,907668.0,1049163365.0,1155.8888988044087,17480.365912373618,20205360.90515166,215081.0,162367.0,4630.0,95184.0,0.2369599897759974,0.10486653710387499,1.3246595675229573,1.0,1.0,29.0,1.1889,29.15,0.0,0.950116121753769,0.0,DOS_DDOS
6.933,390.0,513.0,37397.0,72.89863547758284,73.9939420164431,5394.057406606087,16.0,106.0,378.0,0.0,0.031189083820662766,0.0,0.1509433962264151,390.0,1.0,1.0,0.0094,1.32,0.0,1.0,0.0,ANOMALY
21.057,25026.0,150155.0,31955269.0,212.81521760847124,7130.882841810325,1517560.3837203782,14549.0,15102.0,5276.0,15623.0,0.09689321034930572,0.10404581932003597,0.9633823334657661,2.0,1.0,38.0,2.6905,6.0,0.0,0.937644434084779,0.0,DOS_DDOS
52.16,115.0,3992.0,36965087.0,9259.79133266533,76.53374233128835,708686.4838957055,1851.0,1315.0,0.0,0.0,0.46367735470941884,0.0,1.4076045627376426,1.0,1.0,1.0,0.2058,34.71,1.0,1.0,0.0,ANOMALY
34.313,762.0,1287.0,92460.0,71.84149184149184,37.50765016174628,2694.605543088625,599.0,202.0,0.0,274.0,0.4654234654234654,0.2128982128982129,2.9653465346534653,630.0,1.0,1.0,0.0188,1.69,0.08661417322834646,0.9953379953379954,0.0,PORT_SCAN
39.972,567.0,847.0,46963.0,55.446280991735534,21.189832883018113,1174.8974281997398,593.0,187.0,0.0,259.0,0.7001180637544274,0.30578512396694213,3.171122994652406,521.0,1.0,1.0,0.0292,1.49,0.06701940035273368,0.9704840613931524,0.0,PORT_SCAN
51.0,444.0,6732.0,1209514.0,179.6663695781343,132.0,23715.960784313724,978.0,3601.0,474.0,2288.0,0.14527629233511585,0.33986928104575165,0.2715912246598167,1.0,1.0,1.0,2.2943,15.16,0.8716216216216216,1.0,0.0,BRUTE_FORCE
27.75,473.0,4128.0,923672.0,223.7577519379845,148.75675675675674,33285.47747747748,1185.0,1708.0,432.0,1000.0,0.2870639534883721,0.24224806201550386,0.6937939110070258,2.0,1.0,1.0,0.2893,8.73,0.9408033826638478,1.0,0.0,BRUTE_FORCE
41.43,117.0,3260.0,26332193.0,8077.35981595092,78.68694182959209,635582.7419744147,1067.0,1030.0,0.0,0.0,0.3273006134969325,0.0,1.0359223300970875,1.0,1.0,1.0,0.2106,27.86,1.0,1.0,0.0,ANOMALY
37.889,34748.0,126619.0,17438782.0,137.72642336458193,3341.8406397635194,460259.7587690358,16325.0,29673.0,1647.0,0.0,0.1289300973787504,0.0,0.5501634482526202,1.0,1.0,1.0,1.7724,3.64,0.0,0.9168292278410033,0.0,DOS_DDOS
26.038,13.0,117732.0,11880504.0,100.91142595046377,4521.545433597051,456275.5972040863,743.0,0.0,0.0,619.0,0.006310943498793871,0.00525770393775694,743.0,4.0,3.0,1.0,0.2769,9056.31,0.0,0.46725614106615027,0.532735365066422,ANOMALY
39.456,618.0,806.0,63180.0,78.38709677419355,20.427818329278182,1601.2773722627735,509.0,94.0,0.0,354.0,0.6315136476426799,0.4392059553349876,5.414893617021277,479.0,1.0,1.0,0.0254,1.3,0.021035598705501618,0.9578163771712159,0.0,PORT_SCAN
34.817,106.0,212.0,9474.0,44.68867924528302,6.088979521498119,272.1084527673263,142.0,37.0,0.0,81.0,0.6698113207547169,0.38207547169811323,3.8378378378378377,93.0,1.0,1.0,0.0276,2.0,0.0660377358490566,0.9528301886792453,0.0,PORT_SCAN
28.686,619.0,656.0,33629.0,51.263719512195124,22.86829812452067,1172.3140207766855,29.0,260.0,487.0,0.0,0.04420731707317073,0.0,0.11153846153846154,619.0,1.0,1.0,0.0013,1.06,0.0,1.0,0.0,ANOMALY
57.66,85264.0,348065.0,88914605.0,255.45402439199574,6036.50711064863,1542050.034686091,156493.0,23044.0,525.0,0.0,0.4496085501271314,0.0,6.791051900711682,2.0,1.0,1.0,0.1363,4.08,0.0,0.9294011176073435,0.0,DOS_DDOS
14.907,130668.0,293283.0,63381097.0,216.1090039313564,19674.17991547595,4251767.424699806,105744.0,62019.0,8799.0,0.0,0.3605527766696331,0.0,1.705025879166062,2.0,1.0,46.0,0.9948,2.24,0.0,0.962115090202978,0.0,DOS_DDOS
57.843,3280.0,315469.0,189994577.0,602.2606880549278,5453.883788876787,3284659.80326055,57452.0,82244.0,7020.0,0.0,0.18211615087377842,0.0,0.6985555177277369,4.0,1.0,35.0,3.7027,96.18,0.0,0.9214344357131763,0.0,DOS_DDOS
39.588,325603.0,605119.0,125847542.0,207.97155931312685,15285.414772153177,3178931.5449125995,249857.0,42140.0,19888.0,0.0,0.4129055607244195,0.0,5.929212149976269,1.0,1.0,1.0,0.9856,1.86,0.0,0.9490645641601073,0.0,DOS_DDOS
26.574,152.0,185.0,15704.0,84.88648648648649,6.961691879280499,590.9535636336268,0.0,70.0,157.0,0.0,0.0,0.0,0.0,152.0,1.0,1.0,0.0204,1.22,0.0,1.0,0.0,ANOMALY
45.916,250.0,4411.0,489420.0,110.95443210156427,96.06673055144176,10659.029532189215,703.0,1424.0,657.0,848.0,0.1593742915438676,0.1922466560870551,0.4936797752808989,2.0,1.0,1.0,0.9505,17.64,0.944,1.0,0.0,BRUTE_FORCE
37.846,868.0,1922.0,157213.0,81.79656607700312,50.78475928763938,4154.018918776093,1309.0,261.0,0.0,223.0,0.6810613943808532,0.11602497398543184,5.015325670498084,693.0,1.0,1.0,0.0227,2.21,0.05184331797235023,0.9802289281997919,0.0,PORT_SCAN
22.848,4.0,10766.0,2322099.0,215.68818502693665,471.2009803921569,101632.48424369749,9.0,7518.0,9.0,3.0,0.0008359650752368568,0.00027865502507895226,0.0011971268954509178,1.0,1.0,1.0,3.5512,2691.5,0.0,0.8408879806799182,0.010867545978079138,BENIGN
86.007,456.0,7202.0,546102.0,75.82643710080534,83.73737021405233,6349.50643552269,2299.0,4036.0,298.0,1466.0,0.31921688419883365,0.2035545681755068,0.569623389494549,2.0,1.0,1.0,0.6666,15.79,0.8574561403508771,1.0,0.0,BRUTE_FORCE
33.105,769.0,1011.0,51255.0,50.6973293768546,30.539193475305847,1548.2555505210694,596.0,206.0,0.0,175.0,0.5895153313550939,0.17309594460929772,2.8932038834951457,615.0,1.0,1.0,0.0204,1.31,0.0377113133940182,0.9535113748763601,0.0,PORT_SCAN
143.49,4.0,15.0,1157.0,77.13333333333334,0.10453690152623876,8.063279671057217,4.0,7.0,4.0,0.0,0.26666666666666666,0.0,0.5714285714285714,4.0,1.0,1.0,114.7924,3.75,0.0,1.0,0.0,ANOMALY
11.05,1437.0,1989.0,96673.0,48.60382101558572,180.0,8748.68778280543,1043.0,496.0,0.0,390.0,0.5243841126194068,0.19607843137254902,2.1028225806451615,1128.0,1.0,1.0,0.029,1.38,0.1022964509394572,0.9527400703871292,0.0,PORT_SCAN
10.87,308.0,4527.0,1097076.0,242.34062292909212,416.46734130634775,100926.95492180313,1290.0,2153.0,525.0,821.0,0.2849569251159708,0.18135630660481555,0.5991639572689271,3.0,1.0,1.0,0.8186,14.7,0.9545454545454546,1.0,0.0,BRUTE_FORCE
26.068,339.0,360.0,28502.0,79.17222222222222,13.810035292312413,1093.3711830596899,13.0,109.0,261.0,0.0,0.03611111111111111,0.0,0.11926605504587157,339.0,1.0,1.0,0.0046,1.06,0.0,1.0,0.0,ANOMALY
8.184,707.0,1622.0,139084.0,85.74845869297164,198.1915933528837,16994.62365591398,787.0,166.0,0.0,747.0,0.48520345252774355,0.46054254007398276,4.740963855421687,690.0,1.0,1.0,0.0388,2.29,0.10891089108910891,0.9778051787916153,0.0,PORT_SCAN
82.474,153.0,2395.0,310878.0,129.80292275574112,29.03945485850086,3769.4061158668183,291.0,883.0,196.0,872.0,0.12150313152400835,0.36409185803757826,0.32955832389580975,3.0,1.0,1.0,1.3949,15.65,0.8496732026143791,1.0,0.0,BRUTE_FORCE
19.372,59.0,68814.0,8324262.0,120.96756473973319,3552.240346892422,429705.86413380137,429.0,0.0,0.0,2051.0,0.006234196529775918,0.029804981544453164,429.0,1.0,2.0,1.0,0.3195,1166.34,0.0,0.17322056558258495,0.8267649024907723,ANOMALY
14.899,252969.0,324634.78679709736,23434527.0,72.18735623255004,21789.031934834376,1572892.6102422983,235394.0,89238.0,0.0,5119.0,0.7251040540739262,0.01576848880092283,2.637822452318519,2.0,1.0,1.0,0.0084,1.28,0.0,0.9999975763623328,0.0,SYN_FLOOD
16.79,656.0,1624.0,128700.0,79.2487684729064,96.72424061941632,7665.276950565813,775.0,91.0,0.0,278.0,0.4772167487684729,0.17118226600985223,8.516483516483516,525.0,1.0,1.0,0.0118,2.48,0.042682926829268296,0.9938423645320197,0.0,PORT_SCAN
57.424,3.0,55056.0,35017166.0,636.0281531531532,958.7628865979382,609800.1880746726,6.0,41733.0,3.0,3.0,0.00010897994768962511,5.448997384481256e-05,0.0001437711163827187,3.0,1.0,1.0,2.741,18352.0,0.0,0.9106727695437373,0.014040249927346702,BENIGN
55.019,35803.0,832437.0,529770634.0,636.4092826243908,15129.991457496502,9628867.00957851,409279.0,67189.0,7401.0,277526.0,0.4916636334040894,0.33338979406249364,6.0914584232538065,1.0,1.0,39.0,1.6251,23.25,0.0,0.9835471032642711,0.0,DOS_DDOS
22.683,5.0,11855.0,3764294.0,317.5279628848587,522.6380990168849,165952.21090684654,11.0,7139.0,8.0,0.0,0.0009278785322648671,0.0,0.0015408320493066256,1.0,2.0,1.0,2.4175,2371.0,0.0,0.9422184732180514,0.003121045972163644,BENIGN
26.596,8.0,4890.0,2896192.0,592.2683026584867,183.86223492254473,108895.77380057151,19.0,2946.0,9.0,0.0,0.003885480572597137,0.0,0.006449422946367957,2.0,1.0,1.0,3.6624,611.25,0.0,0.9325153374233128,0.01901840490797546,BENIGN
11.802,183.0,374.0,19120.0,51.12299465240642,31.68954414506016,1620.0643958651076,291.0,49.0,0.0,169.0,0.7780748663101604,0.45187165775401067,5.938775510204081,151.0,1.0,1.0,0.0401,2.04,0.1092896174863388,0.9919786096256684,0.0,PORT_SCAN
49.627,3367.0,330672.0,350961574.0,1061.3586091353366,6663.147077195881,7071988.514316803,105443.0,85762.0,8575.0,0.0,0.31887489717907774,0.0,1.229483920617523,3.0,1.0,1.0,3.2225,98.21,0.0,0.9272965355397493,0.0,DOS_DDOS
32.042,6.0,10304.0,3494073.0,339.0986995341615,321.5779289682292,109046.65751201547,12.0,9491.0,7.0,0.0,0.0011645962732919255,0.0,0.0012643557054051206,1.0,1.0,1.0,1.5298,1717.33,0.0,0.811626552795031,0.015722049689440992,BENIGN
16.551,1162.0,1250.0,107981.0,86.3848,75.52413751434959,6524.137514349587,1096.0,77.0,0.0,277.0,0.8768,0.2216,14.233766233766234,1058.0,1.0,1.0,0.0373,1.08,0.0774526678141136,0.9824,0.0,PORT_SCAN
23.149,449.0,545.0,36050.0,66.14678899082568,23.543133612683054,1557.3026912609616,416.0,81.0,0.0,261.0,0.763302752293578,0.47889908256880737,5.135802469135802,414.0,1.0,1.0,0.0426,1.21,0.06904231625835189,0.9889908256880734,0.0,PORT_SCAN
24.182,698.0,705.0,41973.0,59.53617021276596,29.153916135968903,1735.7125134397486,19.0,204.0,437.0,0.0,0.02695035460992908,0.0,0.09313725490196079,698.0,1.0,1.0,0.0101,1.01,0.0,1.0,0.0,ANOMALY
14.496,330648.0,386006.0,26545992.0,68.7709310217976,26628.44922737307,1831263.2450331126,228843.0,77740.0,0.0,11922.0,0.5928482976948545,0.030885530276731448,2.943696938512992,1.0,1.0,1.0,0.0039,1.17,0.0,1.0,0.0,SYN_FLOOD
29.286,263614.0,356382.0,16165438.0,45.35986104797661,12169.022741241548,551985.180632384,212289.0,36194.0,0.0,27875.0,0.5956782329073859,0.07821663271433461,5.865309167265292,1.0,1.0,64.0,0.003,1.35,0.0,1.0,0.0,SYN_FLOOD
17.608,815.0,2087.0,108728.0,52.09774796358409,118.52567014993184,6174.920490686051,1133.0,342.0,0.0,749.0,0.5428845232390992,0.35888835649257306,3.3128654970760234,635.0,1.0,1.0,0.0299,2.56,0.05521472392638037,0.9966459032103497,0.0,PORT_SCAN
45.96,212.0,2633.0,373228.0,141.75009494872768,57.288946910356835,8120.7136640557,645.0,1538.0,256.0,484.0,0.2449677174325864,0.18382073680212685,0.41937581274382313,3.0,1.0,1.0,1.9856,12.42,0.9669811320754716,1.0,0.0,BRUTE_FORCE
16.788,573.0,1324.0,104328.0,78.79758308157099,78.86585656421254,6214.4388849177985,603.0,288.0,0.0,476.0,0.4554380664652568,0.3595166163141994,2.09375,493.0,1.0,1.0,0.0383,2.31,0.1099476439790576,0.9539274924471299,0.0,PORT_SCAN
9.355,11.0,2912.0,1312855.0,450.8430631868132,311.2773917691074,140337.2528059861,22.0,2752.0,11.0,0.0,0.007554945054945055,0.0,0.007994186046511628,2.0,1.0,1.0,0.9897,264.73,0.0,0.9955357142857143,0.009271978021978022,BENIGN
27.357,96.0,577.0,118428.0,205.24783362218372,21.091493950360054,4328.983441166794,168.0,206.0,47.0,130.0,0.29116117850953205,0.22530329289428075,0.8155339805825242,1.0,1.0,1.0,2.2051,6.01,0.9166666666666666,1.0,0.0,BRUTE_FORCE
26.033,9.0,8791.0,1585592.0,180.36537367762483,337.6867821611032,60907.00265048208,22.0,4944.0,14.0,0.0,0.0025025594357866,0.0,0.004449838187702265,5.0,2.0,1.0,1.9369,976.78,0.0,0.973268115117734,0.014901603913092936,BENIGN
3.408,6.0,1013.0,699043.0,690.0720631786772,297.2417840375587,205118.25117370894,12.0,637.0,13.0,0.0,0.011846001974333662,0.0,0.018838304552590265,6.0,3.0,1.0,1.1652,168.83,0.0,0.8232971372161896,0.004935834155972359,BENIGN
16.185,7.0,9510.0,1597836.0,168.01640378548896,587.5810936051901,98723.26227988879,16.0,5486.0,8.0,0.0,0.0016824395373291271,0.0,0.002916514764855997,4.0,2.0,1.0,3.7419,1358.57,0.0,0.9565720294426919,0.01650893796004206,BENIGN
45.768,58.0,1007.0,73126.0,72.61767626613704,22.002272330012236,1597.7538891802133,161.0,465.0,26.0,402.0,0.15988083416087387,0.39920556107249255,0.34623655913978496,1.0,1.0,1.0,0.6249,17.36,0.9137931034482759,1.0,0.0,BRUTE_FORCE
20.051,227.0,337.0,19149.0,56.82195845697329,16.80714178843948,955.014712483168,184.0,53.0,0.0,51.0,0.5459940652818991,0.1513353115727003,3.4716981132075473,184.0,1.0,1.0,0.01,1.48,0.048458149779735685,0.9881305637982196,0.0,PORT_SCAN
70.36,252.0,1754.0,410286.0,233.9144811858609,24.928936895963616,5831.239340534395,546.0,849.0,47.0,179.0,0.3112884834663626,0.10205245153933866,0.6431095406360424,3.0,1.0,1.0,2.0977,6.96,0.8492063492063492,1.0,0.0,BRUTE_FORCE
34.559,121.0,3232.0,28856483.0,8928.367264851486,93.52122457247027,834991.8400416679,1347.0,1377.0,0.0,0.0,0.41676980198019803,0.0,0.9782135076252724,1.0,1.0,1.0,0.1826,26.71,1.0,1.0,0.0,ANOMALY
10.991,991.0,1659.0,133408.0,80.41470765521399,150.94167955600037,12137.931034482759,1254.0,226.0,0.0,821.0,0.755877034358047,0.4948764315852923,5.548672566371682,843.0,1.0,1.0,0.0406,1.67,0.07164480322906155,0.9596142254370102,0.0,PORT_SCAN
3.325,10.0,207.0,38000.0,183.57487922705315,62.25563909774436,11428.571428571428,24.0,133.0,22.0,0.0,0.11594202898550725,0.0,0.18045112781954886,6.0,1.0,2.0,0.9286,20.7,0.1,0.9371980676328503,0.014492753623188406,BENIGN
18.663,299835.0,366384.0,16974425.0,46.32960227520852,19631.57048705996,909522.8527032095,188300.0,23527.0,0.0,26179.0,0.5139416568409101,0.07145235599807852,8.003570365962512,2.0,1.0,1.0,0.0071,1.22,0.0,1.0,0.0,SYN_FLOOD
5.612,566.0,972.2789848673253,58329.0,59.992040255770235,173.24999730351485,10393.620812544546,828.0,142.0,0.0,106.0,0.851607422238985,0.10902220622866232,5.830985915492958,543.0,1.0,1.0,0.0342,1.72,0.04240282685512368,0.9976560381302119,0.0,PORT_SCAN
138.183,3.0,7.5,479.0,63.86666666666667,0.05427585158811142,3.4664177214273826,3.0,3.0,3.0,0.0,0.4,0.0,1.0,3.0,1.0,1.0,110.5463,2.5,0.0,0.9333333333333333,0.0,ANOMALY
4.749,1001.0,1798.0,97817.0,54.403225806451616,378.60602232048853,20597.388923984,1357.0,251.0,0.0,214.0,0.7547274749721913,0.11902113459399333,5.4063745019920315,844.0,1.0,1.0,0.0496,1.8,0.053946053946053944,0.9660734149054505,0.0,PORT_SCAN
30.035,5.0,20082.0,17196937.0,856.3358729210238,668.6199433993675,572563.2428833029,12.0,18902.0,10.0,3.0,0.0005975500448162533,0.00014938751120406333,0.0006348534546608824,3.0,2.0,1.0,5.6194,4016.4,0.0,0.8480231052683995,0.012847325963549447,BENIGN
10.482,37.0,642.0,63884.0,99.50778816199377,61.24785346307957,6094.638427780958,205.0,317.0,59.0,141.0,0.31931464174454827,0.21962616822429906,0.6466876971608833,2.0,1.0,1.0,1.624,17.35,0.8648648648648649,1.0,0.0,BRUTE_FORCE
55.098,3524.0,380795.0,416848691.0,1094.680053572132,6911.2308976732365,7565586.609314313,153113.0,78870.0,7620.0,28769.0,0.40208773749655324,0.07554983652621489,1.9413338404970204,5.0,1.0,1.0,0.9902,108.06,0.0,0.9292769075224202,0.0,DOS_DDOS
23.068,605.0,645.0,57444.0,89.06046511627908,27.96081151378533,2490.2028784463323,469.0,85.0,0.0,120.0,0.7271317829457364,0.18604651162790697,5.517647058823529,483.0,1.0,1.0,0.0214,1.07,0.05289256198347107,0.958139534883721,0.0,PORT_SCAN
77.238,122.0,1686.0,193707.0,114.89145907473309,21.82863357414744,2507.9235609415055,288.0,865.0,96.0,148.0,0.1708185053380783,0.08778173190984578,0.3329479768786127,1.0,1.0,1.0,2.2952,13.82,0.8852459016393442,1.0,0.0,BRUTE_FORCE
21.008,12753.0,222541.0,281660485.0,1265.6565981100111,10593.154988575781,13407296.506092917,81690.0,26327.0,3561.0,0.0,0.367078425997906,0.0,3.1028981653815473,2.0,1.0,35.0,2.5815,17.45,0.0,0.9940280667382639,0.0,DOS_DDOS
17.492,347406.0,392950.0,20001427.0,50.900692200025446,22464.555225245826,1143461.410930711,261158.0,14910.0,0.0,19733.0,0.6646087288459092,0.05021758493447003,17.515627095908787,1.0,1.0,1.0,0.0059,1.13,0.0,1.0,0.0,SYN_FLOOD
26.601,3.0,27786.0,16810285.0,604.9911826099475,1044.5471974737793,631941.844291568,7.0,24847.0,3.0,0.0,0.0002519254300726985,0.0,0.0002817241518090715,5.0,1.0,2.0,2.0943,9262.0,0.0,0.827647016483121,0.015475419275894336,BENIGN
56.435,63935.0,266226.0,21600135.0,81.13458114534268,4717.391689554354,382743.59883051296,62187.0,77713.0,8881.0,0.0,0.2335872529354759,0.0,0.8002136064751071,1.0,1.0,50.0,2.7947,4.16,0.0,0.9748784866992706,0.0,DOS_DDOS
25.577,461.0,3202.0,399173.0,124.6636477201749,125.1906009305235,15606.71697227978,1055.0,1035.0,306.0,1025.0,0.32948157401623984,0.32011242973141785,1.0193236714975846,3.0,1.0,1.0,2.0318,6.95,0.9501084598698482,1.0,0.0,BRUTE_FORCE
24.398,395788.0,475604.0,21212749.0,44.60170435908865,19493.56504631527,869446.2251004181,338497.0,75604.0,0.0,26128.0,0.7117202546656463,0.05493645974382049,4.477236654145283,1.0,1.0,11.0,0.001,1.2,0.0,1.0,0.0,SYN_FLOOD
61.521,307.0,2795.0,344399.0,123.21967799642218,45.4316412281985,5598.072202987598,797.0,1106.0,298.0,973.0,0.2851520572450805,0.3481216457960644,0.720614828209765,1.0,1.0,1.0,0.3249,9.1,0.9413680781758957,1.0,0.0,BRUTE_FORCE
21.394,4.0,5789.0,2528599.0,436.79374676109865,270.58988501449005,118191.96971113398,8.0,3891.0,5.0,2.0,0.0013819312489203662,0.00034548281223009154,0.0020560267283474686,6.0,1.0,1.0,2.4725,1447.25,0.0,0.8267403696666091,0.013819312489203662,BENIGN
29.172,3481.0,389580.0,455372876.0,1168.881554494584,13354.586589880708,15609929.932812285,189945.0,111777.0,15390.0,0.0,0.4875635299553365,0.0,1.6993209694302047,2.0,1.0,16.0,0.7907,111.92,0.0,0.9963165460239232,0.0,DOS_DDOS
3.659,3.0,945.0,292302.0,309.3142857142857,258.26728614375514,79885.76113692267,7.0,673.0,5.0,0.0,0.007407407407407408,0.0,0.010401188707280832,2.0,1.0,1.0,1.4459,315.0,0.0,0.8201058201058201,0.010582010582010581,BENIGN
59.827,32497.0,1246678.0,1662199250.0,1333.3027854826987,20838.049709997158,27783429.722366158,193721.0,229190.0,2094.0,0.0,0.15538976383637154,0.0,0.8452419390025743,5.0,1.0,1.0,2.49,38.36,0.0,0.9710679100778228,0.0,DOS_DDOS
7.232,672.0,1076.0,95634.0,88.87918215613382,148.78318584070797,13223.727876106193,779.0,55.0,0.0,357.0,0.7239776951672863,0.33178438661710036,14.163636363636364,656.0,1.0,1.0,0.0432,1.6,0.043154761904761904,0.9758364312267658,0.0,PORT_SCAN
17.787,8132.0,319245.0,344792066.0,1080.023386427352,17948.220610558274,19384498.004160345,113563.0,56923.0,9361.0,44834.0,0.3557236605115194,0.14043759495058655,1.9950283716599617,2.0,1.0,1.0,0.9697,39.26,0.0,0.9295055521621325,0.0,DOS_DDOS
77.938,147.0,2404.0,396245.0,164.8273710482529,30.845030665400703,5084.105314480741,771.0,1120.0,192.0,911.0,0.3207154742096506,0.37895174708818635,0.6883928571428571,3.0,1.0,1.0,0.695,16.35,0.9387755102040817,1.0,0.0,BRUTE_FORCE
52.52,1653.0,124434.0,105171740.0,845.2009900830963,2369.268849961919,2002508.377760853,41828.0,32216.0,1302.0,0.0,0.3361460694022534,0.0,1.298361062825925,5.0,1.0,10.0,2.9569,75.28,0.0,0.9105871385634151,0.0,DOS_DDOS
184.05,4.0,8.5,647.0,76.11764705882354,0.04618310241782124,3.5153490899212168,4.0,3.0,4.0,0.0,0.47058823529411764,0.0,1.3333333333333333,4.0,1.0,1.0,147.2399,2.12,0.0,0.9411764705882353,0.0,ANOMALY
9.086,71.0,73.0,4968.0,68.05479452054794,8.034338542813119,546.7752586396654,1.0,20.0,62.0,0.0,0.0136986301369863,0.0,0.05,71.0,1.0,1.0,0.0298,1.03,0.0,1.0,0.0,ANOMALY
64.458,90.0,378.0,82239.0,217.56349206349208,5.864283719631388,1275.8540444940893,118.0,130.0,38.0,94.0,0.31216931216931215,0.24867724867724866,0.9076923076923077,3.0,1.0,1.0,1.7954,4.2,0.9555555555555556,1.0,0.0,BRUTE_FORCE
44.819,43820.0,260747.0,20661699.0,79.24040928562937,5817.7781744349495,461003.123675227,127699.0,43560.0,8121.0,78813.0,0.4897429308870284,0.3022585111238097,2.9315656565656565,1.0,1.0,1.0,2.5156,5.95,0.0,0.9610810479123442,0.0,DOS_DDOS
8.021,918.0,1676.0,98407.0,58.7153937947494,208.95150230644555,12268.669741927439,830.0,263.0,0.0,677.0,0.49522673031026254,0.4039379474940334,3.155893536121673,725.0,1.0,1.0,0.0024,1.83,0.08169934640522876,0.9516706443914081,0.0,PORT_SCAN
26.467,836.0,1476.0,65752.0,44.547425474254744,55.7675596025239,2484.301205274493,868.0,144.0,0.0,658.0,0.5880758807588076,0.44579945799457993,6.027777777777778,785.0,1.0,1.0,0.0149,1.77,0.0729665071770335,0.9735772357723578,0.0,PORT_SCAN
24.828,404009.0,516332.0,22623846.0,43.81647079785874,20796.358949573063,911223.0546157564,377429.0,133279.0,0.0,37969.0,0.730981229131644,0.07353601946034721,2.8318714876312097,1.0,1.0,1.0,0.0024,1.28,0.0,1.0,0.0,SYN_FLOOD
43.405,495.0,4084.0,707226.0,173.16993143976492,94.09054256422071,16293.652804976386,1235.0,1638.0,540.0,1144.0,0.3023996082272282,0.2801175318315377,0.753968253968254,2.0,1.0,1.0,0.6074,8.25,0.9616161616161616,1.0,0.0,BRUTE_FORCE
27.866,197797.0,229129.0,10056701.0,43.891000266225575,8222.529247111175,360895.0333740042,134655.0,17892.0,0.0,13197.0,0.5876820481039066,0.05759637584068363,7.525989268947016,1.0,1.0,54.0,0.0045,1.16,0.0,1.0,0.0,SYN_FLOOD
22.336,1116.0,78593.0,90380692.0,1149.983993485425,3518.66941260745,4046413.50286533,38499.0,5012.0,1899.0,19570.0,0.48985278587151526,0.24900436425635872,7.681364724660814,5.0,1.0,47.0,0.5955,70.42,0.0,0.9440535416640159,0.0,DOS_DDOS
76.761,174.0,2185.0,419389.0,191.9400457665904,28.464975703807927,5463.568739333777,353.0,1283.0,116.0,401.0,0.16155606407322654,0.18352402745995422,0.2751363990646921,1.0,1.0,1.0,1.3895,12.56,0.8850574712643678,1.0,0.0,BRUTE_FORCE
6.509,863.0,1264.266197194944,106237.0,84.03056273727039,194.2335531103002,16321.55477031802,1024.0,238.0,0.0,632.0,0.8099560063157364,0.4998947226479935,4.302521008403361,690.0,1.0,1.0,0.0357,1.46,0.03476245654692932,0.9768512380858734,0.0,PORT_SCAN
54.744,138.0,5937.0,26688013.0,4495.201785413508,108.45024112231478,487505.71752155485,2841.0,2089.0,0.0,0.0,0.4785245073269328,0.0,1.359980852082336,1.0,1.0,1.0,0.2926,43.02,1.0,1.0,0.0,ANOMALY
62.27,333.0,5572.0,1014232.0,182.0229720028715,89.48129115143729,16287.650554038863,1065.0,1886.0,767.0,1650.0,0.19113424264178033,0.2961234745154343,0.5646871686108166,2.0,1.0,1.0,1.041,16.73,0.9429429429429429,1.0,0.0,BRUTE_FORCE
26.09,384.0,3884.0,762804.0,196.39649845520083,148.8692985818321,29237.408968953623,1246.0,1306.0,368.0,578.0,0.3208032955715757,0.14881565396498456,0.9540581929555896,3.0,1.0,1.0,0.1503,10.11,0.9817708333333334,1.0,0.0,BRUTE_FORCE
6.945,14.0,1293.0,303229.0,234.51585460170148,186.17710583153348,43661.483081353486,27.0,1195.0,14.0,0.0,0.02088167053364269,0.0,0.022594142259414227,2.0,1.0,1.0,0.7768,92.36,0.0,0.9311678267594741,0.006187161639597835,BENIGN
88.414,158.0,1604.0,394776.0,246.11970074812967,18.14192322482865,4465.08471509037,330.0,949.0,159.0,612.0,0.2057356608478803,0.38154613466334164,0.34773445732349845,1.0,1.0,1.0,2.3257,10.15,0.9177215189873418,1.0,0.0,BRUTE_FORCE
21.772,134.0,990.0,80686.0,81.5010101010101,45.47124747381959,3705.9525996693,276.0,479.0,91.0,212.0,0.2787878787878788,0.21414141414141413,0.5762004175365344,1.0,1.0,1.0,1.5613,7.39,0.8880597014925373,1.0,0.0,BRUTE_FORCE
26.358,198.0,5001.0,34129752.0,6824.58548290342,189.7336671978147,1294853.630776235,2381.0,2199.0,0.0,0.0,0.4761047790441912,0.0,1.0827648931332423,1.0,1.0,1.0,0.1425,25.26,1.0,1.0,0.0,ANOMALY
14.066,377665.0,456901.0,30520705.0,66.79938323619339,32482.653206313094,2169821.2000568747,407843.0,22983.0,0.0,11689.0,0.8926288189345175,0.02558322262371936,17.745420528216506,1.0,1.0,1.0,0.0097,1.21,0.0,1.0,0.0,SYN_FLOOD
23.213,116.0,5271.0,48707039.0,9240.568962246252,227.07103778055398,2098265.5839400333,2059.0,1468.0,0.0,0.0,0.3906279643331436,0.0,1.4025885558583107,1.0,1.0,1.0,0.116,45.44,1.0,1.0,0.0,ANOMALY
26.146,430138.0,478074.0,36483659.0,76.31383216824173,18284.78543563069,1395382.0469670312,292014.0,93847.0,0.0,19952.0,0.610813388722248,0.041734124842597586,3.1115965347853423,1.0,1.0,1.0,0.0049,1.11,0.0,1.0,0.0,SYN_FLOOD
28.143,148.0,1819.0,128493.0,70.63936228697087,64.63418967416409,4565.717940518069,602.0,551.0,183.0,495.0,0.3309510720175921,0.2721275426058274,1.0925589836660616,3.0,1.0,1.0,1.1314,12.29,0.9932432432432432,1.0,0.0,BRUTE_FORCE
53.979,33.0,18365.0,120724256.0,6573.605009528996,340.22490227681135,2236504.12197336,8441.0,4228.0,0.0,0.0,0.4596242853253471,0.0,1.9964522232734154,1.0,1.0,1.0,0.2833,556.52,1.0,1.0,0.0,ANOMALY
20.37,1214.0,3248.8502764093532,189943.0,58.46468253068468,159.49191342215772,9324.644084437898,2500.0,746.0,0.0,1606.0,0.7695029894584781,0.4943287204281263,3.351206434316354,1132.0,1.0,1.0,0.0203,2.68,0.08978583196046129,0.9504900925791121,0.0,PORT_SCAN
8.25,41021.0,54673.0,2946149.0,53.88672653777916,6627.030303030303,357108.9696969697,35265.0,4898.0,0.0,1628.0,0.6450167358659668,0.029777038026082343,7.199877501020825,3.0,1.0,1.0,0.0072,1.33,0.0,1.0,0.0,SYN_FLOOD
32.879,411.0,463.0,35163.0,75.94600431965442,14.081936798564435,1069.4668329328751,14.0,133.0,297.0,0.0,0.03023758099352052,0.0,0.10526315789473684,411.0,1.0,1.0,0.0014,1.13,0.0,1.0,0.0,ANOMALY
27.064,929.0,1865.0,155669.0,83.4686327077748,68.9107301211942,5751.884422110553,1091.0,161.0,0.0,373.0,0.5849865951742628,0.2,6.77639751552795,810.0,1.0,1.0,0.0243,2.01,0.08503767491926803,0.9753351206434316,0.0,PORT_SCAN
6.548,634.0,821.0,65522.0,79.80755176613886,125.38179596823457,10006.41417226634,625.0,190.0,0.0,364.0,0.761266747868453,0.44336175395858707,3.289473684210526,572.0,1.0,1.0,0.0434,1.29,0.09621451104100946,0.9780755176613886,0.0,PORT_SCAN
20.176,362.0,699.0,35971.0,51.46065808297568,34.6451229183188,1782.8608247422683,429.0,136.0,0.0,74.0,0.6137339055793991,0.10586552217453506,3.1544117647058822,316.0,1.0,1.0,0.0111,1.93,0.08287292817679558,0.994277539341917,0.0,PORT_SCAN
10.969,539.0,649.0,47926.0,73.84591679506934,59.16674263834443,4369.2223539064635,27.0,133.0,477.0,0.0,0.04160246533127889,0.0,0.20300751879699247,539.0,1.0,1.0,0.006,1.2,0.0,1.0,0.0,ANOMALY
51.32,8651.0,418556.0,388644181.0,928.5356822026205,8155.806703039751,7572957.540919719,189481.0,40750.0,12261.0,121527.0,0.45270166954959434,0.29034824491824274,4.649840490797546,3.0,1.0,19.0,2.6607,48.38,0.0,0.9873015797169316,0.0,DOS_DDOS
18.587,446.0,474.0,32591.0,68.75738396624473,25.50169473287782,1753.429816538441,14.0,71.0,326.0,0.0,0.029535864978902954,0.0,0.19718309859154928,446.0,1.0,1.0,0.0276,1.06,0.0,1.0,0.0,ANOMALY
55.505,1229.0,134155.0,174365376.0,1299.7307293801946,2416.9894604089723,3141435.474281596,40305.0,15990.0,1741.0,19459.0,0.30043606276322166,0.14504863776974394,2.520637898686679,1.0,1.0,1.0,0.821,109.16,0.0,0.9478439118929597,0.0,DOS_DDOS
14.812,139166.0,171921.0,10205808.0,59.363358751984926,11606.872805833109,689022.9543613287,125826.0,32692.0,0.0,13336.0,0.7318826670389307,0.0775705120375056,3.848831518414291,3.0,1.0,172.0,0.0034,1.24,0.0,1.0,0.0,SYN_FLOOD
11.785,6.0,2779.0,1654972.0,595.527887729399,235.80823080186678,140430.37759864234,12.0,2501.0,11.0,0.0,0.004318100035984167,0.0,0.004798080767692923,6.0,1.0,1.0,0.0837,463.17,0.16666666666666666,0.9086002159050018,0.009715725080964376,BENIGN
16.375,189193.0,260550.0,14123774.0,54.20753790059489,15911.45038167939,862520.5496183207,174078.0,37709.0,0.0,14768.0,0.6681174438687392,0.05668009978890808,4.616351534116524,2.0,1.0,1.0,0.0073,1.38,0.0,1.0,0.0,SYN_FLOOD
32.249,587.0,1062.0,56892.0,53.570621468926554,32.93125368228472,1764.1477255108684,520.0,220.0,0.0,301.0,0.4896421845574388,0.2834274952919021,2.3636363636363638,472.0,1.0,1.0,0.0321,1.81,0.06303236797274275,0.9538606403013182,0.0,PORT_SCAN
45.579,3.0,28965.0,13022040.0,449.5784567581564,635.4900283025078,285702.62620943855,6.0,17971.0,3.0,0.0,0.00020714655618850336,0.0,0.00033387123699293305,3.0,1.0,1.0,2.0349,9655.0,0.0,0.8714655618850337,0.005282237182806836,BENIGN
55.062,5.0,58520.0,43730029.0,747.2663875598087,1062.80193236715,794196.1606915841,9.0,39690.0,12.0,0.0,0.0001537935748462064,0.0,0.00022675736961451248,3.0,1.0,2.0,2.8275,11704.0,0.0,0.9336807928913192,0.011209842788790158,BENIGN
7.0,1347.0,3119.0,223137.0,71.54119910227637,445.57142857142856,31876.714285714286,1416.0,492.0,0.0,1594.0,0.4539916639948702,0.5110612375761462,2.8780487804878048,1066.0,1.0,1.0,0.0159,2.32,0.03934669636228656,0.983969220904136,0.0,PORT_SCAN
21.026,2.0,10020.0,6479156.0,646.6223552894212,476.55283934176737,308149.7193950347,4.0,7725.0,4.0,1.0,0.0003992015968063872,9.98003992015968e-05,0.000517799352750809,1.0,1.0,2.0,1.4039,5010.0,0.0,0.8349301397205589,0.001996007984031936,BENIGN
8.997,348.0,805.0,39180.0,48.67080745341615,89.47426920084473,4354.7849283094365,573.0,43.0,0.0,360.0,0.7118012422360248,0.4472049689440994,13.325581395348838,347.0,1.0,1.0,0.0279,2.31,0.05172413793103448,0.9875776397515528,0.0,PORT_SCAN
200.039,3.0,10.0,416.0,41.6,0.04999025190087933,2.0795944790765803,3.0,5.0,3.0,0.0,0.3,0.0,0.6,3.0,1.0,1.0,160.0312,3.33,0.0,1.0,0.0,ANOMALY
11.972,196260.0,246013.0,10400010.0,42.2742294106409,20549.03107250251,868694.4537253592,129863.0,7807.0,0.0,13370.0,0.5278704783893534,0.0543467215147167,16.634174458819007,3.0,1.0,163.0,0.0023,1.25,0.0,1.0,0.0,SYN_FLOOD
38.468,273.0,621.0,51582.0,83.06280193236715,16.14328792762816,1340.9067276697513,357.0,131.0,0.0,299.0,0.5748792270531401,0.48148148148148145,2.7251908396946565,267.0,1.0,1.0,0.0436,2.27,0.09157509157509157,0.9565217391304348,0.0,PORT_SCAN
6.977,520.0,1171.0,62316.0,53.21605465414176,167.83717930342553,8931.632506808084,944.0,177.0,0.0,616.0,0.8061485909479078,0.5260461144321094,5.333333333333333,427.0,1.0,1.0,0.0262,2.25,0.05,0.9906063193851409,0.0,PORT_SCAN
83.9,27.0,269.0,22772.0,84.6542750929368,3.206197854588796,271.41835518474375,84.0,138.0,11.0,65.0,0.31226765799256506,0.241635687732342,0.6086956521739131,2.0,1.0,1.0,2.2481,9.96,0.9259259259259259,1.0,0.0,BRUTE_FORCE
7.246,391.0,490.0,34638.0,70.68979591836735,67.62351642285398,4780.292575213911,4.0,186.0,276.0,0.0,0.00816326530612245,0.0,0.021505376344086023,391.0,1.0,1.0,0.0055,1.25,0.0,1.0,0.0,ANOMALY
44.853,96762.0,545092.0,62575677.0,114.79837715468214,12152.854881501795,1395128.018192763,75896.0,109967.0,2048.0,0.0,0.13923521167069045,0.0,0.6901706875699073,1.0,1.0,41.0,0.971,5.63,0.0,0.9572806058426835,0.0,DOS_DDOS
25.136,7.0,19179.0,12187795.0,635.4760415037281,763.0092297899428,484874.0849777212,18.0,11426.0,15.0,0.0,0.0009385265133740028,0.0,0.0015753544547523193,3.0,1.0,1.0,3.4004,2739.86,0.0,0.858491057927942,0.015954950727358048,BENIGN
25.422,221397.0,261668.0,13506306.0,51.61619303850681,10292.974588938714,531284.163323106,178693.0,54193.0,0.0,303.0,0.6828997049696562,0.0011579558830273476,3.2973446755115976,3.0,1.0,103.0,0.0044,1.18,0.0,1.0,0.0,SYN_FLOOD
24.632,2247.0,165216.0,182177955.0,1102.6653290238235,6707.372523546605,7395987.1305618705,75285.0,18210.0,6252.0,28998.0,0.45567620569436373,0.17551568855316677,4.134266886326194,4.0,1.0,44.0,3.195,73.53,0.0,0.9748026825489057,0.0,DOS_DDOS
14.756,51143.0,92030.0,7296321.0,79.28198413560796,6236.785036595284,494464.69232854433,41027.0,19867.0,3441.0,0.0,0.44580028251657067,0.0,2.0650828006241504,2.0,1.0,1.0,0.4425,1.8,0.0,0.9243616212104748,0.0,DOS_DDOS
8.104,138255.0,161612.0,6851893.0,42.39717966487637,19942.250740375126,845495.187561698,95687.0,45797.0,0.0,6248.0,0.5920785585228819,0.038660495507759324,2.089372666331856,2.0,1.0,1.0,0.004,1.17,0.0,1.0,0.0,SYN_FLOOD
49.378,152161.0,854866.0,118653149.0,138.79736590296022,17312.68986188181,2402955.7495240797,149302.0,167490.0,31340.0,0.0,0.17464959420540763,0.0,0.8914084422950624,3.0,1.0,1.0,2.9179,5.62,0.0,0.9204097484284086,0.0,DOS_DDOS
48.644,136.0,10745.0,76990666.0,7165.255095393206,220.89055176383522,1582737.151550037,5290.0,4623.0,0.0,0.0,0.4923220102373197,0.0,1.144278606965174,1.0,1.0,1.0,0.2002,79.01,1.0,1.0,0.0,ANOMALY
46.864,6.0,56819.0,31737763.0,558.5765852971717,1212.4231819733698,677231.2009218164,13.0,34115.0,7.0,0.0,0.00022879670532744328,0.0,0.0003810640480726953,4.0,1.0,2.0,5.4501,9469.83,0.0,0.8007884686460515,0.0003167954381456907,BENIGN
22.269,1313.0,1504.0,83142.0,55.28058510638298,67.53783286182586,3733.5309174188337,936.0,313.0,0.0,753.0,0.6223404255319149,0.5006648936170213,2.990415335463259,1117.0,1.0,1.0,0.0433,1.15,0.10891089108910891,0.9800531914893617,0.0,PORT_SCAN
29.397,588.0,660.0,40771.0,61.77424242424242,22.451270537809982,1386.9102289349255,4.0,145.0,506.0,0.0,0.006060606060606061,0.0,0.027586206896551724,588.0,1.0,1.0,0.0101,1.12,0.0,1.0,0.0,ANOMALY
20.241,34.0,10160.0,1398984.0,137.69527559055118,501.95148461044414,69116.34800652142,249.0,0.0,0.0,407.0,0.02450787401574803,0.04005905511811023,249.0,1.0,2.0,1.0,0.355,298.82,0.0,0.2534448818897638,0.7464566929133858,ANOMALY
31.997,3741.0,153883.0,162445662.0,1055.643976267684,4809.294621370754,5076902.897146608,53436.0,9554.0,3729.0,0.0,0.34725083342539464,0.0,5.593050031400461,2.0,1.0,11.0,3.0976,41.13,0.0,0.9114587056399992,0.0,DOS_DDOS
16.102,1351.0,2855.0,227838.0,79.8031523642732,177.3071668115762,14149.67084834182,1949.0,509.0,0.0,848.0,0.682661996497373,0.2970227670753065,3.8290766208251474,1170.0,1.0,1.0,0.0332,2.11,0.076980014803849,0.9716287215411559,0.0,PORT_SCAN
40.088,438365.0,671783.0,78343472.0,116.62020622730851,16757.708042306924,1954287.3677908601,224891.0,156560.0,15501.0,0.0,0.3347673281401881,0.0,1.4364524782830863,3.0,1.0,24.0,3.7093,1.53,0.0,0.9267293158653911,0.0,DOS_DDOS
9.299,67402.0,78833.0,4816532.0,61.097915847424304,8477.578234218734,517962.3615442521,60422.0,14571.0,0.0,1873.0,0.7664556721170068,0.023759085662095822,4.146729805778602,3.0,1.0,1.0,0.0035,1.17,0.0,1.0,0.0,SYN_FLOOD
11.051,589.0,1482.0,72899.0,49.189608636977056,134.10551081350104,6596.597592978011,1046.0,190.0,0.0,503.0,0.7058029689608637,0.33940620782726044,5.505263157894737,581.0,1.0,1.0,0.0357,2.52,0.11544991511035653,0.956140350877193,0.0,PORT_SCAN
78.24,4.0,18.0,1096.0,60.888888888888886,0.23006134969325154,14.008179959100206,4.0,9.0,4.0,0.0,0.2222222222222222,0.0,0.4444444444444444,4.0,1.0,1.0,62.592,4.5,0.0,1.0,0.0,ANOMALY
8.035,1268.0,2901.0,182762.0,62.99965529127887,361.045426260112,22745.7373988799,2361.0,198.0,0.0,583.0,0.8138572905894519,0.2009651844191658,11.924242424242424,1073.0,1.0,1.0,0.0141,2.29,0.030757097791798107,0.9813857290589452,0.0,PORT_SCAN
23.067,522.0,845.1857067319977,65110.0,77.03632406628702,36.640469360211455,2822.64707157411,696.0,147.0,0.0,353.0,0.823487660115739,0.4176596896851377,4.73469387755102,406.0,1.0,1.0,0.0325,1.62,0.10344827586206896,0.9690178069465377,0.0,PORT_SCAN
41.301,6.0,40113.0,27164916.0,677.2097823648194,971.2355633035519,657730.2244497711,14.0,28280.0,9.0,0.0,0.0003490140353501359,0.0,0.0004950495049504951,4.0,2.0,1.0,2.1095,6685.5,0.0,0.9719542293022212,0.01690225114052801,BENIGN
22.732,1356.0,3271.0,274067.0,83.786915316417,143.89407003343305,12056.440260425832,2813.0,371.0,0.0,1739.0,0.8599816569856313,0.5316416997859982,7.5822102425876015,1193.0,1.0,1.0,0.0465,2.41,0.08997050147492626,0.9596453683888719,0.0,PORT_SCAN
25.246,53.0,179331.0,20734740.0,115.62273115077706,7103.3431038580375,821307.929969104,7719.0,0.0,0.0,4320.0,0.043043310972447596,0.024089532763437442,7719.0,1.0,1.0,1.0,0.4272,3383.6,0.0,0.4513720438741768,0.5486223798450909,ANOMALY
13.273,263273.0,374325.16315299063,18451872.0,49.29369921214334,28202.001292322057,1390180.968884201,314307.0,60017.0,0.0,5474.0,0.8396630281345511,0.014623649540126477,5.236966192912008,3.0,1.0,1.0,0.005,1.42,0.0,0.9999995641410018,0.0,SYN_FLOOD
8.679,175149.0,191500.0,14351912.0,74.94471018276762,22064.7540039175,1653636.5940776586,147576.0,17640.0,0.0,9632.0,0.7706318537859008,0.0502976501305483,8.365986394557822,2.0,1.0,1.0,0.0054,1.09,0.0,1.0,0.0,SYN_FLOOD
49.003,320.0,2887.0,469953.0,162.78247315552477,58.91476032079669,9590.290390384262,594.0,1252.0,340.0,503.0,0.2057499134049186,0.17422930377554555,0.4744408945686901,3.0,1.0,1.0,2.368,9.02,0.88125,1.0,0.0,BRUTE_FORCE
53.34,8306.0,177564.0,242264465.0,1364.3782805073101,3328.908886389201,4541890.982377202,81545.0,36058.0,5831.0,0.0,0.4592428645446149,0.0,2.261495368572855,3.0,1.0,1.0,2.1242,21.38,0.0,0.9363271834380843,0.0,DOS_DDOS
49.502,407086.0,503935.0,89942084.0,178.47953406689354,10180.093733586522,1816938.386327825,45638.0,136341.0,15803.0,0.0,0.0905632670880173,0.0,0.3347342325492699,2.0,1.0,1.0,3.2045,1.24,0.0,0.9937531626102573,0.0,DOS_DDOS
23.409,902.0,1238.0,72997.0,58.96365105008078,52.885642274338934,3118.330556623521,1021.0,134.0,0.0,658.0,0.8247172859450727,0.531502423263328,7.619402985074627,766.0,1.0,1.0,0.0457,1.37,0.10753880266075388,0.9927302100161551,0.0,PORT_SCAN
3.642,4.0,1804.0,357440.0,198.13747228381374,495.3322350356947,98143.87699066447,9.0,1411.0,8.0,0.0,0.004988913525498891,0.0,0.0063784549964564135,4.0,2.0,1.0,0.2422,451.0,0.0,0.9423503325942351,0.008869179600886918,BENIGN
21.72,1460.0,1950.0,144345.0,74.02307692307693,89.77900552486189,6645.718232044199,1556.0,99.0,0.0,746.0,0.7979487179487179,0.38256410256410256,15.717171717171718,1132.0,1.0,1.0,0.0382,1.34,0.11232876712328767,0.9871794871794872,0.0,PORT_SCAN
25.067,31717.0,115905.0,7588135.0,65.46857340062982,4623.8081940399725,302714.1261419396,11034.0,25422.0,953.0,0.0,0.09519865407014365,0.0,0.43403351427897097,5.0,1.0,1.0,3.1826,3.65,0.0,0.9864285406151589,0.0,DOS_DDOS
9.12,122664.0,160976.0,8586520.0,53.34037372030613,17650.877192982458,941504.3859649124,109445.0,28126.0,0.0,4925.0,0.6798839578570719,0.030594622800914423,3.8912394225983076,1.0,1.0,1.0,0.0042,1.31,0.0,1.0,0.0,SYN_FLOOD
32.848,187.0,283.0,24072.0,85.06007067137809,8.615440818314662,732.8300048709207,136.0,32.0,0.0,55.0,0.48056537102473496,0.19434628975265017,4.25,160.0,1.0,1.0,0.0148,1.51,0.11229946524064172,0.9717314487632509,0.0,PORT_SCAN
33.246,50612.0,127374.0,12512853.0,98.2371049036695,3831.2578956866987,376371.68381158635,29685.0,34386.0,1404.0,0.0,0.23305384144330868,0.0,0.8632873844006281,5.0,1.0,1.0,3.5539,2.52,0.0,0.9032848147973683,0.0,DOS_DDOS
29.685,373.0,875.0,48227.0,55.116571428571426,29.476166414013814,1624.6252315984505,533.0,44.0,0.0,327.0,0.6091428571428571,0.3737142857142857,12.113636363636363,340.0,1.0,1.0,0.008,2.35,0.045576407506702415,0.9908571428571429,0.0,PORT_SCAN
5.712,14.0,1795.0,1085713.0,604.8540389972145,314.2507002801121,190075.80532212887,35.0,1094.0,24.0,0.0,0.019498607242339833,0.0,0.031992687385740404,1.0,3.0,1.0,0.9914,128.21,0.0,0.8551532033426184,0.005571030640668524,BENIGN
38.088,705.0,769.0,46172.0,60.041612483745126,20.190086116362107,1212.2453266120563,3.0,77.0,632.0,0.0,0.0039011703511053317,0.0,0.03896103896103896,705.0,1.0,1.0,0.0292,1.09,0.0,1.0,0.0,ANOMALY
56.079,2927.0,96732.0,92360697.0,954.8101662324774,1724.9237682554967,1646974.749906382,32997.0,28766.0,825.0,0.0,0.3411177273291155,0.0,1.1470833623027186,3.0,1.0,1.0,2.1922,33.05,0.0,0.9234793036430551,0.0,DOS_DDOS
47.014,417.0,2021.0,273054.0,135.1083621969322,42.987195303526605,5807.929552899136,370.0,1166.0,105.0,538.0,0.1830776843146957,0.26620484908461156,0.31732418524871353,3.0,1.0,1.0,1.8989,4.85,0.9112709832134293,1.0,0.0,BRUTE_FORCE
22.858,156618.0,216538.0,16288415.0,75.22197027773416,9473.182255665412,712591.4340712223,131695.0,30486.0,0.0,4422.0,0.6081842447976799,0.020421357914084365,4.319851735222725,1.0,1.0,171.0,0.0024,1.38,0.0,1.0,0.0,SYN_FLOOD
7.221,736.0,1162.6198183651964,79195.0,68.11771032026539,161.0053757603097,10967.317546046253,983.0,178.0,0.0,268.0,0.8455042520969868,0.23051387544454982,5.522471910112359,649.0,1.0,1.0,0.0074,1.58,0.09239130434782608,0.9805440970402493,0.0,PORT_SCAN
27.368,273.0,4490.0,964944.0,214.9095768374165,164.06021631102018,35258.11166325636,1242.0,1554.0,99.0,365.0,0.27661469933184857,0.08129175946547884,0.7992277992277992,2.0,1.0,1.0,1.3612,16.45,0.989010989010989,1.0,0.0,BRUTE_FORCE
38.72,178.0,240.0,21354.0,88.975,6.198347107438017,551.4979338842975,148.0,38.0,0.0,106.0,0.6166666666666667,0.44166666666666665,3.8947368421052633,152.0,1.0,1.0,0.0257,1.35,0.0449438202247191,0.9875,0.0,PORT_SCAN
76.369,252.0,2747.0,347653.0,126.55733527484529,35.970092576830915,4552.279066113213,818.0,1216.0,74.0,557.0,0.2977793957044048,0.20276665453221696,0.6726973684210527,2.0,1.0,1.0,1.8466,10.9,0.873015873015873,1.0,0.0,BRUTE_FORCE
23.35,14764.0,275661.0,221334841.0,802.9240298772768,11805.610278372591,9479008.17987152,42695.0,69548.0,924.0,0.0,0.15488226481076395,0.0,0.6138925634094439,2.0,1.0,1.0,2.8939,18.67,0.0,0.9621165126731747,0.0,DOS_DDOS
4.544,894.0,966.0,86084.0,89.11387163561076,212.5880281690141,18944.54225352113,492.0,156.0,0.0,270.0,0.5093167701863354,0.2795031055900621,3.1538461538461537,854.0,1.0,1.0,0.0408,1.08,0.03467561521252797,0.9699792960662525,0.0,PORT_SCAN
25.983,65116.0,363868.0,47367993.0,130.1790566908879,14004.079590501482,1823037.8709155987,105294.0,35320.0,5343.0,0.0,0.28937416865456705,0.0,2.9811438278595697,3.0,1.0,1.0,3.3829,5.59,0.0,0.9533127397847571,0.0,DOS_DDOS
57.721,73.0,12683.0,117107903.0,9233.454466608846,219.72938791774226,2028861.2983143053,4769.0,4543.0,0.0,0.0,0.3760151383742017,0.0,1.0497468633061853,1.0,1.0,1.0,0.2544,173.74,1.0,1.0,0.0,ANOMALY
46.25,1397.0,156773.0,81908787.0,522.467433805566,3389.6864864864865,1771000.8,33283.0,18631.0,5285.0,39518.0,0.21230058747360833,0.25207146638770705,1.7864312167892222,3.0,1.0,42.0,0.0655,112.22,0.0,0.9565613976896532,0.0,DOS_DDOS
35.046,483.0,802.0,69564.0,86.73815461346634,22.88420932488729,1984.934086629002,509.0,190.0,0.0,322.0,0.6346633416458853,0.4014962593516209,2.6789473684210527,416.0,1.0,1.0,0.0487,1.66,0.07453416149068323,0.9800498753117207,0.0,PORT_SCAN
31.431,375.0,2408.0,399635.0,165.96137873754154,76.61226177977156,12714.676593172346,565.0,1373.0,359.0,435.0,0.2346345514950166,0.18064784053156147,0.4115076474872542,3.0,1.0,1.0,1.6004,6.42,0.9973333333333333,1.0,0.0,BRUTE_FORCE
7.244,5.0,3118.0,2322692.0,744.9300833867864,430.42517945886254,320636.664826063,9.0,2613.0,9.0,0.0,0.0028864656831302116,0.0,0.003444316877152698,4.0,1.0,1.0,0.4897,623.6,0.0,0.8717126363053239,0.008659397049390635,BENIGN
13.76,636.0,68213.0,43975134.0,644.6738011815929,4957.34011627907,3195867.2965116277,13805.0,8263.0,2464.0,21733.0,0.20238077785759312,0.31860495799920835,1.6707007140263828,1.0,1.0,1.0,0.9559,107.25,0.0,0.9786257751455001,0.0,DOS_DDOS
26.402,1413.0,2066.0,180197.0,87.22023233301064,78.25164760245436,6825.1268843269445,1683.0,334.0,0.0,880.0,0.8146176185866408,0.4259438528557599,5.038922155688622,1175.0,1.0,1.0,0.0431,1.46,0.09766454352441614,0.9641819941916747,0.0,PORT_SCAN
10.031,36.0,14547.0,1245897.0,85.64631882862446,1450.2043664639616,124204.6655368358,20.0,0.0,0.0,438.0,0.001374853921770812,0.03010930088678078,20.0,4.0,3.0,1.0,0.3007,404.08,0.0,0.48862308379734654,0.5113081735065649,ANOMALY
6.613,4.0,1363.0,975249.0,715.516507703595,206.109178890065,147474.51988507484,7.0,907.0,4.0,0.0,0.005135730007336757,0.0,0.007717750826901874,1.0,1.0,1.0,0.7557,340.75,0.0,0.9618488628026413,0.010271460014673514,BENIGN
14.424,144.0,189.0,13089.0,69.25396825396825,13.103161397670549,907.4459234608985,7.0,54.0,132.0,0.0,0.037037037037037035,0.0,0.12962962962962962,144.0,1.0,1.0,0.0141,1.31,0.0,1.0,0.0,ANOMALY
24.982,5.0,10658.0,9279744.0,870.6834302871083,426.62717156352574,371457.20919061726,9.0,6487.0,12.0,0.0,0.000844436104334772,0.0,0.0013873901649452752,6.0,3.0,1.0,1.5415,2131.6,0.0,0.9948395571401764,0.004034528054043911,BENIGN
12.093,140.0,4661.0,32898971.0,7058.350354001287,385.4295873645911,2720497.0644174316,1573.0,954.0,0.0,0.0,0.33748122720446255,0.0,1.648846960167715,1.0,1.0,1.0,0.2985,33.29,1.0,1.0,0.0,ANOMALY
16.308,216225.0,295879.0,16352218.0,55.26657180807019,18143.18126073093,1002711.4299730194,180620.0,39133.0,0.0,14937.0,0.6104522456815117,0.05048347466362939,4.615541870032964,1.0,1.0,1.0,0.0066,1.37,0.0,1.0,0.0,SYN_FLOOD
17.755,178381.0,238173.0,17768669.0,74.60404411919068,13414.41847366939,1000769.8676429176,156225.0,29481.0,0.0,18579.0,0.6559307730095351,0.07800632313486415,5.299175740307317,3.0,1.0,1.0,0.0017,1.34,0.0,1.0,0.0,SYN_FLOOD
26.949,549561.0,738788.159177368,40407397.0,54.69415893859637,27414.306993853872,1499402.4639133178,564673.0,174113.0,0.0,55202.0,0.7643232948248071,0.07471965991099097,3.2431409486942386,2.0,1.0,175.0,0.008,1.34,0.0,0.9999997845426106,0.0,SYN_FLOOD
7.668,470.0,957.0,55469.0,57.96133751306165,124.80438184663537,7233.828899321857,492.0,171.0,0.0,146.0,0.5141065830721003,0.15256008359456635,2.8771929824561404,366.0,1.0,1.0,0.0035,2.04,0.06808510638297872,0.9655172413793104,0.0,PORT_SCAN
74.848,183.0,893.0,205131.0,229.70996640537513,11.93084651560496,2740.634352287302,300.0,329.0,65.0,166.0,0.335946248600224,0.1858902575587906,0.9118541033434651,2.0,1.0,1.0,1.4167,4.88,0.9781420765027322,1.0,0.0,BRUTE_FORCE
51.937,499.0,4244.0,832162.0,196.07964184731387,81.71438473535245,16022.52729268152,1366.0,1541.0,188.0,1501.0,0.32186616399622997,0.35367577756833174,0.8864373783257625,3.0,1.0,1.0,1.2717,8.51,0.9278557114228457,1.0,0.0,BRUTE_FORCE
34.995,28.0,7836.0,31420514.0,4009.764420622767,223.91770252893272,897857.2367481069,3508.0,1778.0,0.0,0.0,0.4476773864216437,0.0,1.9730033745781776,1.0,1.0,1.0,0.4694,279.86,1.0,1.0,0.0,ANOMALY
44.258,21133.0,117816.0,25776614.0,218.7870408093977,2662.027204121289,582417.0545438112,13409.0,22725.0,1242.0,0.0,0.11381306443946493,0.0,0.59005500550055,1.0,1.0,19.0,2.3107,5.57,0.0,0.9366130236979697,0.0,DOS_DDOS
12.356,1173.0,115916.0,117767927.0,1015.9764570896166,9381.353188734218,9531233.975396568,55449.0,10877.0,3620.0,7990.0,0.4783550157010249,0.06892922461092515,5.097821090374184,3.0,1.0,1.0,2.3235,98.82,0.0,0.9562096690707064,0.0,DOS_DDOS
24.754,46.0,139995.0,11547019.0,82.48165291617558,5655.449624303143,466470.8329966874,2966.0,0.0,0.0,3891.0,0.021186470945390907,0.027793849780349298,2966.0,1.0,2.0,1.0,0.3027,3043.37,0.0,0.2048716025572342,0.7951212543305118,ANOMALY
28.288,416.0,5514.0,665172.0,120.63329706202394,194.92364253393666,23514.281674208145,841.0,3031.0,714.0,1168.0,0.15252085600290172,0.21182444686253174,0.2774661827779611,2.0,1.0,1.0,2.4391,13.25,0.9903846153846154,1.0,0.0,BRUTE_FORCE
8.935,14.0,25996.0,3148444.0,121.11263271272503,2909.4571908226076,352372.02014549525,629.0,0.0,0.0,389.0,0.024196030158485923,0.014963840590860132,629.0,3.0,2.0,1.0,0.3978,1856.86,0.0,0.49619172180335436,0.5037698107401138,ANOMALY
42.16,68.0,791.0,135709.0,171.56637168141592,18.761859582542694,3218.904174573055,99.0,354.0,54.0,167.0,0.12515802781289506,0.2111251580278129,0.2796610169491525,1.0,1.0,1.0,0.1864,11.63,0.9852941176470589,1.0,0.0,BRUTE_FORCE
34.719,33295.0,185844.0,19730771.0,106.16845849206862,5352.803940205651,568298.942941905,86519.0,28852.0,7354.0,0.0,0.4655463722261682,0.0,2.9987175932344377,2.0,1.0,39.0,2.2019,5.58,0.0,0.9035911840037881,0.0,DOS_DDOS
18.29,2.0,15187.0,6471957.0,426.1511160861263,830.3444505194095,353852.21432476764,3.0,12791.0,4.0,0.0,0.00019753736748534932,0.0,0.00023453991087483386,5.0,2.0,1.0,2.9733,7593.5,0.0,0.9518667281227365,0.011325475735826694,BENIGN
8.62,267377.0,334042.0,20866152.0,62.46565401955443,38751.97215777262,2420667.285382831,271642.0,35493.0,0.0,5013.0,0.8131971428742494,0.015007094916208141,7.653396444369312,2.0,1.0,1.0,0.0037,1.25,0.0,1.0,0.0,SYN_FLOOD
33.117,871.0,1244.2974070847358,85181.0,68.45710640800141,37.57276948650952,2572.1230787812906,992.0,250.0,0.0,172.0,0.7972370547039527,0.1382306183559273,3.968,684.0,1.0,1.0,0.0334,1.43,0.06888633754305395,0.9692216612630715,0.0,PORT_SCAN
18.333,1568.0,127925.0,172160661.0,1345.7937150674222,6977.854142802597,9390752.250040911,24614.0,26953.0,4175.0,0.0,0.19240961500879422,0.0,0.9132193076837458,5.0,1.0,25.0,0.6548,81.58,0.0,0.9898846980652726,0.0,DOS_DDOS
18.499,74520.0,90366.0,5152101.0,57.01371090897019,4884.912697983675,278507.00037839886,66726.0,18521.0,0.0,5533.0,0.738397184781887,0.061228780736117566,3.6027212353544624,2.0,1.0,1.0,0.0036,1.21,0.0,1.0,0.0,SYN_FLOOD
9.673,3.0,4155.0,3108918.0,748.2353790613719,429.5461594127985,321401.63341259176,7.0,2398.0,5.0,0.0,0.0016847172081829122,0.0,0.0029190992493744786,1.0,3.0,1.0,0.1976,1385.0,0.0,0.9020457280385078,0.0161251504211793,BENIGN
72.137,400.0,5542.0,981034.0,177.01804402742692,76.82603934180794,13599.595214660992,1327.0,1838.0,157.0,1436.0,0.23944424395525082,0.25911223385059545,0.7219804134929271,3.0,1.0,1.0,0.4404,13.86,0.9375,1.0,0.0,BRUTE_FORCE
23.062,1413.0,2999.0,193885.0,64.64988329443148,130.040759691267,8407.11993755962,2376.0,513.0,0.0,921.0,0.7922640880293431,0.3071023674558186,4.631578947368421,1157.0,1.0,1.0,0.0364,2.12,0.05732484076433121,0.9716572190730244,0.0,PORT_SCAN
58.285,2.0,81566.0,61162556.0,749.8535664369958,1399.4338165908896,1049370.4383632152,5.0,70269.0,4.0,2.0,6.130005149204325e-05,2.45200205968173e-05,7.115513241970143e-05,1.0,2.0,2.0,2.3293,40783.0,0.0,0.8911433685604296,0.004045803398474854,BENIGN
11.777,137.0,1880.0,12467797.0,6631.806914893617,159.63318332342703,1058656.4490107838,565.0,576.0,0.0,0.0,0.300531914893617,0.0,0.9809027777777778,1.0,1.0,1.0,0.3105,13.72,1.0,1.0,0.0,ANOMALY
52.392,17785.0,1155338.0,821578391.0,711.1151810119636,22051.8018018018,15681371.029928232,526858.0,285968.0,24358.0,208224.0,0.45602066235162353,0.1802277774988791,1.8423669781234264,3.0,1.0,1.0,1.6144,64.96,0.0,0.9625927650609605,0.0,DOS_DDOS
20.477,523.0,643.0,57762.0,89.83203732503888,31.401084143185038,2820.8233627972845,4.0,104.0,462.0,0.0,0.006220839813374806,0.0,0.038461538461538464,523.0,1.0,1.0,0.0213,1.23,0.0,1.0,0.0,ANOMALY
26.843,42130.0,115520.0,26553066.0,229.85687326869805,4303.542823082368,989198.8972916589,22526.0,13509.0,3643.0,17140.0,0.19499653739612188,0.14837257617728533,1.6674809386335037,5.0,1.0,19.0,2.7761,2.74,0.0,0.9543109418282548,0.0,DOS_DDOS
30.9,4.0,15426.0,6360881.0,412.34804874886555,499.2233009708738,205853.75404530746,9.0,10752.0,5.0,0.0,0.0005834305717619603,0.0,0.0008370535714285714,5.0,1.0,1.0,1.2037,3856.5,0.0,0.8870737715545184,0.01782704524828212,BENIGN
5.082,10.0,2258.0,711003.0,314.8817537643933,444.31326249508066,139906.13931523022,22.0,1600.0,20.0,0.0,0.00974313551815766,0.0,0.01375,5.0,3.0,2.0,0.9356,225.8,0.0,0.8835252435783879,0.010186005314437556,BENIGN
38.53,233.0,345.0,28541.0,82.72753623188406,8.954061770049313,740.7474695042823,258.0,29.0,0.0,161.0,0.7478260869565218,0.4666666666666667,8.89655172413793,182.0,1.0,1.0,0.049,1.48,0.11587982832618025,0.9536231884057971,0.0,PORT_SCAN
8.945,4.0,3508.0,610933.0,174.1542189281642,392.1743991056456,68298.82615986584,9.0,2355.0,9.0,1.0,0.002565564424173318,0.00028506271379703536,0.003821656050955414,6.0,3.0,1.0,0.853,877.0,0.0,0.9640820980615735,0.0014253135689851768,BENIGN
30.415,473.0,507.0,33603.0,66.27810650887574,16.669406542824266,1104.8167022850566,21.0,55.0,383.0,0.0,0.04142011834319527,0.0,0.38181818181818183,473.0,1.0,1.0,0.0265,1.07,0.0,1.0,0.0,ANOMALY
19.623,843.0,992.0,52566.0,52.98991935483871,50.55292259083728,2678.7952912398714,851.0,88.0,0.0,183.0,0.8578629032258065,0.1844758064516129,9.670454545454545,660.0,1.0,1.0,0.0467,1.18,0.07947805456702253,0.9868951612903226,0.0,PORT_SCAN
17.92,193762.0,228052.0,13368522.0,58.620498833599356,12726.11607142857,746011.2723214285,123989.0,42835.0,0.0,5174.0,0.5436874046270149,0.022687808043779487,2.894572195634411,3.0,1.0,186.0,0.0054,1.18,0.0,1.0,0.0,SYN_FLOOD
19.764,63.0,786.0,113260.0,144.0966921119593,39.769277474195505,5730.621331714228,141.0,345.0,36.0,97.0,0.17938931297709923,0.12340966921119594,0.40869565217391307,2.0,1.0,1.0,1.3442,12.48,0.9682539682539683,1.0,0.0,BRUTE_FORCE
9.256,298.0,458.0,27726.0,60.53711790393013,49.48141745894555,2995.4624027657733,362.0,86.0,0.0,249.0,0.7903930131004366,0.5436681222707423,4.209302325581396,293.0,1.0,1.0,0.0152,1.54,0.05704697986577181,0.9890829694323144,0.0,PORT_SCAN
67.642,490.0,3906.0,978677.0,250.5573476702509,57.74518790100825,14468.48112119689,1302.0,1804.0,335.0,515.0,0.3333333333333333,0.1318484383000512,0.7217294900221729,2.0,1.0,1.0,1.8593,7.97,0.8836734693877552,1.0,0.0,BRUTE_FORCE
6.175,972.0,1454.0,89047.0,61.242778541953236,235.46558704453443,14420.566801619434,1036.0,357.0,0.0,267.0,0.7125171939477304,0.18363136176066025,2.9019607843137254,779.0,1.0,1.0,0.0436,1.5,0.08436213991769548,0.9965612104539202,0.0,PORT_SCAN
32.96,172.0,243.0,13562.0,55.81069958847737,7.372572815533981,411.46844660194176,9.0,57.0,151.0,0.0,0.037037037037037035,0.0,0.15789473684210525,172.0,1.0,1.0,0.0269,1.41,0.0,1.0,0.0,ANOMALY
45.631,10913.0,1111762.0,605886926.0,544.9789847107564,24364.182244526746,13277967.302930025,314649.0,242496.0,38217.0,0.0,0.2830183078752467,0.0,1.297543052256532,5.0,1.0,56.0,3.7899,101.88,0.0,0.9233585965341503,0.0,DOS_DDOS
23.258,640046.0,700740.0,42013348.0,59.95568684533493,30128.987875139737,1806404.1620087712,462993.0,74182.0,0.0,6665.0,0.6607200958986215,0.009511373690669863,6.2413119085492434,3.0,1.0,1.0,0.0034,1.09,0.0,1.0,0.0,SYN_FLOOD
72.435,94.0,391.0,29748.0,76.08184143222506,5.397942983364396,410.6854421205218,72.0,119.0,34.0,31.0,0.18414322250639387,0.0792838874680307,0.6050420168067226,2.0,1.0,1.0,2.0121,4.16,0.925531914893617,1.0,0.0,BRUTE_FORCE
13.868,1380.0,82899.0,47012061.0,567.1004595954113,5977.718488606864,3389966.90222094,35504.0,11232.0,1001.0,0.0,0.4282801963835511,0.0,3.160968660968661,1.0,1.0,1.0,1.7585,60.07,0.0,0.9386241088553541,0.0,DOS_DDOS
168.84,4.0,11.0,728.0,66.18181818181819,0.06515043828476665,4.311774461028192,4.0,5.0,4.0,0.0,0.36363636363636365,0.0,0.8,4.0,1.0,1.0,135.0717,2.75,0.0,1.0,0.0,ANOMALY
48.147,193.0,1069.0,197685.0,184.92516370439662,22.202837144578062,4105.863293663157,240.0,331.0,31.0,417.0,0.2245088868101029,0.3900841908325538,0.7250755287009063,1.0,1.0,1.0,1.8622,5.54,0.9585492227979274,1.0,0.0,BRUTE_FORCE
41.388,109015.0,211154.0,21872470.0,103.58539265180863,5101.816951773461,528473.7121871074,35656.0,15636.0,7710.0,0.0,0.1688625363478788,0.0,2.280378613456127,1.0,1.0,38.0,1.4705,1.94,0.0,0.9984608390084961,0.0,DOS_DDOS
28.84,3536.0,205062.0,274740987.0,1339.7947303742283,7110.332871012482,9526386.511789182,23509.0,25732.0,2206.0,0.0,0.1146433761496523,0.0,0.9136095134462926,1.0,1.0,32.0,2.9973,57.99,0.0,0.9940115672333245,0.0,DOS_DDOS
49.51,19556.0,997750.0,877183339.0,879.1614522676022,20152.494445566554,17717296.283579074,487702.0,170436.0,17389.0,388349.0,0.48880180405913304,0.3892247557003257,2.861496397474712,2.0,1.0,1.0,1.4253,51.02,0.0,0.9680430969681784,0.0,DOS_DDOS
16.716,4179.0,260385.0,230876214.0,886.6724811337059,15576.992103374012,13811690.236898778,36479.0,76585.0,6461.0,13937.0,0.14009639572171975,0.05352458858997254,0.4763204282823007,4.0,1.0,48.0,2.1561,62.31,0.0,0.9722756687213165,0.0,DOS_DDOS
44.92,97733.0,280073.0,45203715.0,161.39976006255512,6234.928762243989,1006316.0062333036,107909.0,62040.0,7267.0,0.0,0.3852888354107679,0.0,1.7393455834945197,3.0,1.0,1.0,2.4428,2.87,0.0,0.9069849646342204,0.0,DOS_DDOS
22.217,79039.0,93894.0,4609027.0,49.08755618037361,4226.223162443174,207454.96691722557,56199.0,7369.0,0.0,1473.0,0.5985366477091187,0.015687903380407694,7.6264079250916,3.0,1.0,1.0,0.0047,1.19,0.0,1.0,0.0,SYN_FLOOD
7.176,49885.0,63742.0,3508458.0,55.041542468074425,8882.664437012263,488915.55183946487,32500.0,8653.0,0.0,2257.0,0.509867904991999,0.03540836497129052,3.7559228013405757,3.0,1.0,1.0,0.0093,1.28,0.0,1.0,0.0,SYN_FLOOD
24.77,19.0,139694.0,17041620.0,121.99249788824145,5639.644731530077,687994.3480016149,6900.0,0.0,0.0,4189.0,0.04939367474623105,0.02998697152347273,6900.0,4.0,2.0,1.0,0.4824,7352.32,0.0,0.4247068592781365,0.5752859822182771,ANOMALY
26.311,29542.0,139834.0,22836920.0,163.31450148032667,5314.659267986774,867960.9288890578,14548.0,21861.0,2340.0,0.0,0.10403764463578243,0.0,0.6654773340652304,5.0,1.0,7.0,0.6293,4.73,0.0,0.9462505542285853,0.0,DOS_DDOS
12.678,578.0,1288.0,101951.0,79.15450310559007,101.59331124783088,8041.5680706736075,993.0,113.0,0.0,440.0,0.7709627329192547,0.3416149068322981,8.787610619469026,554.0,1.0,1.0,0.0475,2.23,0.03633217993079585,0.9650621118012422,0.0,PORT_SCAN
10.245,507.0,1245.0,112030.0,89.9839357429719,121.52269399707176,10935.09028794534,658.0,141.0,0.0,454.0,0.5285140562248996,0.3646586345381526,4.666666666666667,422.0,1.0,1.0,0.0404,2.46,0.11045364891518737,0.983132530120482,0.0,PORT_SCAN
36.304,1166.0,3120.8940891210696,169046.0,54.16588809894797,85.9655709872485,4656.40149845747,2454.0,665.0,0.0,289.0,0.7863131301232701,0.09260166854344949,3.6902255639097743,1129.0,1.0,1.0,0.0352,2.68,0.051457975986277875,0.9529320493017951,0.0,PORT_SCAN
10.927,66530.0,79700.0,3468560.0,43.52020075282309,7293.859247734968,317430.21872426104,67778.0,8034.0,0.0,2415.0,0.850414052697616,0.030301129234629864,8.436395319890465,2.0,1.0,1.0,0.001,1.2,0.0,1.0,0.0,SYN_FLOOD
16.648,8906.0,207617.0,118181516.0,569.2285121160598,12470.987506006728,7098841.662662182,90121.0,50794.0,1768.0,18836.0,0.43407331769556445,0.09072474797343184,1.7742449895656967,1.0,1.0,45.0,0.9015,23.31,0.0,0.9216056488630507,0.0,DOS_DDOS
24.208,95715.0,118412.0,8948646.0,75.57212106881059,4891.440846001322,369656.55981493724,85739.0,25650.0,0.0,2015.0,0.7240735736242948,0.01701685639968922,3.3426510721247564,1.0,1.0,1.0,0.0022,1.24,0.0,1.0,0.0,SYN_FLOOD
5.248,7.0,2030.0,1556877.0,766.9344827586207,386.8140243902439,296661.0137195122,12.0,1675.0,11.0,3.0,0.005911330049261084,0.001477832512315271,0.007164179104477612,1.0,1.0,1.0,0.7157,290.0,0.0,0.9408866995073891,0.007389162561576354,BENIGN
18.645,172569.0,197650.0,13342775.0,67.50708322792815,10600.697237865379,715622.1507106463,159027.0,33667.0,0.0,844.0,0.8045889198077409,0.004270174550973944,4.723527489826833,1.0,1.0,1.0,0.0011,1.15,0.0,1.0,0.0,SYN_FLOOD
22.025,1381.0,134010.0,184416657.0,1376.1410118647862,6084.4494892167995,8373060.476730988,63059.0,35570.0,914.0,0.0,0.47055443623610177,0.0,1.7728141692437447,4.0,1.0,22.0,1.2052,97.04,0.0,0.9717110663383329,0.0,DOS_DDOS
28.889,362454.0,415993.0,23835695.0,57.29830790421954,14399.702308837273,825078.5766208592,262928.0,67711.0,0.0,7592.0,0.6320490969799972,0.018250307096513645,3.883091373632054,2.0,1.0,1.0,0.0012,1.15,0.0,1.0,0.0,SYN_FLOOD
29.851,94.0,138.0,8609.0,62.38405797101449,4.622960704834009,288.39904860808684,0.0,39.0,76.0,0.0,0.0,0.0,0.0,94.0,1.0,1.0,0.0146,1.47,0.0,1.0,0.0,ANOMALY
21.916,308685.0,423929.6006550768,30324763.0,71.53254444403196,19343.383859056252,1383681.4655959117,312910.0,111017.0,0.0,4493.0,0.7381178372929754,0.010598457840776385,2.818577335002747,2.0,1.0,1.0,0.0085,1.37,0.0,0.9999985831254155,0.0,SYN_FLOOD
21.186,515419.0,600876.0,46768414.0,77.83371943628968,28361.93712829227,2207515.057113188,494730.0,50663.0,0.0,11796.0,0.8233479120484093,0.019631338246160604,9.765114580660443,2.0,1.0,103.0,0.0041,1.17,0.0,1.0,0.0,SYN_FLOOD
6.792,260.0,418.0,33258.0,79.56459330143541,61.54299175500589,4896.643109540636,362.0,30.0,0.0,79.0,0.8660287081339713,0.18899521531100477,12.066666666666666,209.0,1.0,1.0,0.0427,1.61,0.10384615384615385,0.9545454545454546,0.0,PORT_SCAN
52.544,351.0,5429.0,1186373.0,218.525142751888,103.3229293544458,22578.657886723508,1046.0,3193.0,697.0,1755.0,0.19266899981580402,0.323263952845828,0.32759160663952397,2.0,1.0,1.0,0.8794,15.47,0.8660968660968661,1.0,0.0,BRUTE_FORCE
25.765,297.0,770.0,53799.0,69.86883116883116,29.885503590141663,2088.065204735106,380.0,118.0,0.0,254.0,0.4935064935064935,0.32987012987012987,3.2203389830508473,246.0,1.0,1.0,0.01,2.59,0.08080808080808081,0.951948051948052,0.0,PORT_SCAN
24.378,74.0,1230.0,257228.0,209.12845528455284,50.45532857494462,10551.644925752727,265.0,616.0,118.0,283.0,0.21544715447154472,0.23008130081300812,0.4301948051948052,2.0,1.0,1.0,2.3178,16.62,0.9459459459459459,1.0,0.0,BRUTE_FORCE
30.045,4.0,16617.0,5188833.0,312.2605163386893,553.0703944083874,172702.0469296056,8.0,12824.0,7.0,0.0,0.0004814346753324908,0.0,0.0006238303181534623,1.0,1.0,2.0,2.9735,4154.25,0.0,0.9349461394956972,0.013600529578142865,BENIGN
5.61,9.0,2735.0,1515421.0,554.0844606946984,487.5222816399287,270128.5204991087,19.0,1819.0,9.0,0.0,0.006946983546617916,0.0,0.010445299615173173,4.0,1.0,2.0,1.0228,303.89,0.0,0.8603290676416819,0.006581352833638025,BENIGN
19.212,569.0,67865.0,45245854.0,666.7038090326383,3532.4276493858006,2355082.9689777223,10088.0,17813.0,321.0,0.0,0.14864805127827305,0.0,0.5663279627238533,1.0,1.0,8.0,1.4464,119.27,0.0,0.9234509688351875,0.0,DOS_DDOS
12.569,65292.0,106870.4976791846,5660087.0,52.96210949621532,8502.704883378517,450321.1870474978,78907.0,27961.0,0.0,5832.0,0.7383422152376566,0.05457071995217171,2.8220378384177964,3.0,1.0,161.0,0.0055,1.64,0.0,0.99999534315648,0.0,SYN_FLOOD
10.258,12.0,2007.0,1513292.0,754.006975585451,195.6521739130435,147523.1039188926,31.0,1722.0,13.0,0.0,0.015445939212755356,0.0,0.018002322880371662,5.0,3.0,2.0,0.1868,167.25,0.0,0.9202790234180369,0.016940707523667164,BENIGN
22.179,258218.0,386655.0,27143198.0,70.20004396684382,17433.38292979846,1223824.2481626766,319190.0,65662.0,0.0,13372.0,0.825516287129353,0.03458380209747708,4.861106880692029,2.0,1.0,122.0,0.0076,1.5,0.0,1.0,0.0,SYN_FLOOD
52.334,433.0,3297.0,669592.0,203.0912951167728,62.999197462452706,12794.588603966828,719.0,1654.0,450.0,1118.0,0.2180770397330907,0.3390961480133455,0.4347037484885127,2.0,1.0,1.0,1.6806,7.61,0.9815242494226328,1.0,0.0,BRUTE_FORCE
63.32,174.0,2468.0,600843.0,243.4534035656402,38.97662665824384,9488.992419456728,460.0,1463.0,299.0,519.0,0.18638573743922204,0.21029173419773095,0.3144224196855776,3.0,1.0,1.0,0.9104,14.18,0.9482758620689655,1.0,0.0,BRUTE_FORCE
11.004,6.0,4349.0,2626029.0,603.8236376178431,395.21992002908036,238643.12977099238,14.0,4042.0,6.0,0.0,0.0032191308346746377,0.0,0.0034636318654131617,3.0,2.0,2.0,0.454,724.83,0.0,0.8946884341227869,0.011266957921361233,BENIGN
53.55,3721.0,352264.0,309582950.0,878.8378886289828,6578.225957049487,5781194.211017741,167634.0,63504.0,8224.0,0.0,0.47587604750982215,0.0,2.6397392290249435,1.0,1.0,36.0,3.6411,94.67,0.0,0.9480049054118502,0.0,DOS_DDOS
28.965,96.0,1536.0,248356.0,161.69010416666666,53.02951838425686,8574.348351458657,273.0,842.0,216.0,431.0,0.177734375,0.2805989583333333,0.32422802850356297,2.0,1.0,1.0,0.3944,16.0,0.9479166666666666,1.0,0.0,BRUTE_FORCE
29.861,107655.0,343583.0,76605892.0,222.96182290741976,11506.078162151302,2565416.161548508,91193.0,93358.0,11374.0,19922.0,0.2654176720035625,0.05798307832459697,0.9768097002934939,2.0,1.0,12.0,1.1769,3.19,0.0,0.9629056152370752,0.0,DOS_DDOS
18.424,908.0,86664.0,46680864.0,538.6419274439213,4703.864524533217,2533698.653929657,32595.0,23479.0,2223.0,0.0,0.3761077263915813,0.0,1.3882618510158014,2.0,1.0,59.0,1.013,95.44,0.0,0.9472791470506785,0.0,DOS_DDOS
27.561,1248.0,1962.0,101151.0,51.555045871559635,71.18754762163927,3670.0772831174486,1294.0,350.0,0.0,674.0,0.6595310907237513,0.3435270132517839,3.697142857142857,1107.0,1.0,1.0,0.0256,1.57,0.06570512820512821,0.9770642201834863,0.0,PORT_SCAN
35.121,547.0,790.0,70596.0,89.3620253164557,22.49366475897611,2010.0794396514905,30.0,227.0,519.0,0.0,0.0379746835443038,0.0,0.13215859030837004,547.0,1.0,1.0,0.0246,1.44,0.0,1.0,0.0,ANOMALY
10.202,24.0,1688.0,11891714.0,7044.854265402843,165.45775338168986,1165625.7596549697,601.0,686.0,0.0,0.0,0.35604265402843605,0.0,0.8760932944606414,1.0,1.0,1.0,0.4754,70.33,1.0,1.0,0.0,ANOMALY
185.458,3.0,12.0,660.0,55.0,0.06470467706974085,3.558757238835747,3.0,6.0,3.0,0.0,0.25,0.0,0.5,3.0,1.0,1.0,148.3663,4.0,0.0,1.0,0.0,ANOMALY
41.395,34734.0,200205.0,28036973.0,140.0413226442896,4836.453677980432,677303.3699722188,60126.0,11140.0,4677.0,53576.0,0.30032216977597964,0.2676057041532429,5.397307001795332,3.0,1.0,11.0,2.1608,5.76,0.0,0.9001873080092905,0.0,DOS_DDOS
22.169,633.0,857.0,49999.0,58.34189031505251,38.657584915873514,2255.356579006721,576.0,118.0,0.0,393.0,0.6721120186697783,0.45857642940490084,4.88135593220339,616.0,1.0,1.0,0.0471,1.35,0.04739336492890995,0.9661610268378062,0.0,PORT_SCAN
58.741,6993.0,329599.0,445591768.0,1351.9208735463396,5611.055310600773,7585702.797024225,80829.0,23149.0,9149.0,0.0,0.24523436054114242,0.0,3.4916843060175387,4.0,1.0,1.0,1.9216,47.13,0.0,0.9307461491084621,0.0,DOS_DDOS
53.697,164.0,15670.0,78034524.0,4979.867517549457,291.82263441160586,1453238.0579920665,7676.0,7645.0,0.0,0.0,0.4898532227185705,0.0,1.0040549378678876,1.0,1.0,1.0,0.277,95.55,1.0,1.0,0.0,ANOMALY
79.146,372.0,4244.0,579539.0,136.55490103675777,53.62241932630834,7322.404164455563,1131.0,2137.0,430.0,1344.0,0.26649387370405275,0.3166823751178134,0.5292466073935423,3.0,1.0,1.0,1.0261,11.41,0.9193548387096774,1.0,0.0,BRUTE_FORCE
22.741,361.0,1445.0,186653.0,129.17162629757786,63.541620860999956,8207.774504199464,315.0,494.0,63.0,379.0,0.2179930795847751,0.2622837370242215,0.6376518218623481,1.0,1.0,1.0,0.8852,4.0,0.9113573407202216,1.0,0.0,BRUTE_FORCE
39.377,1190.0,2295.0,135376.0,58.98736383442266,58.28275389186581,3437.9460090916014,1943.0,249.0,0.0,535.0,0.8466230936819172,0.23311546840958605,7.803212851405623,958.0,1.0,1.0,0.0028,1.93,0.03697478991596639,0.9995642701525055,0.0,PORT_SCAN
24.029,168941.0,253049.00085589522,16825306.0,66.49030797628626,10530.983430683558,700208.3315993175,195723.0,57324.0,0.0,6402.0,0.7734588926966723,0.025299447847437942,3.4143290768264603,1.0,1.0,1.0,0.0011,1.5,0.0,0.99999999661767,0.0,SYN_FLOOD
42.148,486.0,3899.0,342312.0,87.79481918440626,92.50735503463983,8121.666508493878,1233.0,1946.0,209.0,1085.0,0.31623493203385483,0.27827648114901254,0.6336073997944501,1.0,1.0,1.0,1.1312,8.02,0.9876543209876543,1.0,0.0,BRUTE_FORCE
26.109,273744.0,390403.0,17855533.0,45.73615725288996,14952.813206174114,683884.2161706691,299953.0,13034.0,0.0,9393.0,0.7683163295364022,0.024059753639188223,23.013119533527696,1.0,1.0,1.0,0.0011,1.43,0.0,1.0,0.0,SYN_FLOOD
34.544,412.0,822.0,45436.0,55.27493917274939,23.795738767948126,1315.3080129689672,455.0,56.0,0.0,402.0,0.5535279805352799,0.48905109489051096,8.125,320.0,1.0,1.0,0.0449,2.0,0.10679611650485436,0.9805352798053528,0.0,PORT_SCAN
30.371,1919.0,160457.0,81584451.0,508.4505568470057,5283.230713509598,2686261.5982351587,52903.0,46213.0,122.0,0.0,0.3297020385523847,0.0,1.144764460216822,4.0,1.0,1.0,3.5896,83.61,0.0,0.9433617729360514,0.0,DOS_DDOS
20.858,1227.0,84204.0,70344717.0,835.408258515035,4037.012177581743,3372553.312877553,7857.0,17066.0,684.0,0.0,0.09330910645575032,0.0,0.4603890776983476,1.0,1.0,1.0,1.2541,68.63,0.0,0.9890741532468766,0.0,DOS_DDOS
11.972,20.0,89587.0,9864246.0,110.10800674204962,7483.043768793853,823943.033745406,1431.0,0.0,0.0,2096.0,0.015973299697500755,0.02339625168830299,1431.0,4.0,2.0,1.0,0.2746,4479.35,0.0,0.15385044705146952,0.8461383906147097,ANOMALY
22.06,8.0,6022.0,3903162.0,648.1504483560279,272.9827742520399,176933.907524932,19.0,4796.0,18.0,0.0,0.003155097974094985,0.0,0.00396163469557965,3.0,2.0,1.0,4.1596,752.75,0.0,0.9995018266356692,0.01959481899701096,BENIGN
29.53,764.0,1073.0,70467.0,65.67287977632805,36.335929563156114,2386.2851337622756,10.0,339.0,649.0,0.0,0.009319664492078284,0.0,0.029498525073746312,764.0,1.0,1.0,0.0143,1.4,0.0,1.0,0.0,ANOMALY
32.643,829.0,909.0,47767.0,52.54895489548955,27.846705266060106,1463.3152590141838,727.0,87.0,0.0,435.0,0.7997799779977998,0.47854785478547857,8.35632183908046,686.0,1.0,1.0,0.0399,1.1,0.032569360675512665,0.9823982398239824,0.0,PORT_SCAN
24.782,325007.0,359800.0,20200230.0,56.142940522512504,14518.602211282383,815117.0204180453,251607.0,15672.0,0.0,15156.0,0.6992968315730962,0.04212340188993886,16.05455589586524,3.0,1.0,130.0,0.0025,1.11,0.0,1.0,0.0,SYN_FLOOD
6.117,56036.0,62346.0,4630820.0,74.27613640008983,10192.251103482098,757041.0331862024,42701.0,10028.0,0.0,3480.0,0.6849036024765021,0.05581753440477336,4.258177104108496,1.0,1.0,1.0,0.0096,1.11,0.0,1.0,0.0,SYN_FLOOD
50.743,250.0,3806.0,845481.0,222.14424592748293,75.00541946672448,16662.022347910057,1190.0,1562.0,345.0,810.0,0.31266421439831843,0.21282186022070415,0.7618437900128041,3.0,1.0,1.0,0.2619,15.22,0.864,1.0,0.0,BRUTE_FORCE
17.64,217307.0,258580.0,11997146.0,46.39626421223606,14658.730158730159,680110.3174603174,175820.0,29606.0,0.0,10254.0,0.6799443112383015,0.03965503905947869,5.9386610822130645,1.0,1.0,30.0,0.003,1.19,0.0,1.0,0.0,SYN_FLOOD
170.862,1.0,13.0,888.0,68.3076923076923,0.07608479357610236,5.197176668890684,1.0,6.0,1.0,0.0,0.07692307692307693,0.0,0.16666666666666666,1.0,1.0,1.0,136.6897,13.0,0.0,1.0,0.0,ANOMALY
16.223,902.0,2217.0,108281.0,48.84122688317546,136.65783147383345,6674.536152376257,1285.0,418.0,0.0,396.0,0.5796120884077582,0.17861975642760486,3.074162679425837,823.0,1.0,1.0,0.0095,2.46,0.07206208425720621,0.9918809201623816,0.0,PORT_SCAN
18.784,30.0,69674.0,5975947.0,85.77011510750064,3709.2206132879046,318140.2789608177,3163.0,0.0,0.0,253.0,0.045397135229784426,0.0036311967161351435,3163.0,4.0,2.0,1.0,0.0991,2322.47,0.0,0.2538967190056549,0.7460889284381549,ANOMALY
42.354,7.0,58579.0,26660041.0,455.11260007852644,1383.0807007602589,629457.4538414318,15.0,47881.0,10.0,1.0,0.00025606445996005395,1.707096399733693e-05,0.00031327666506547483,6.0,1.0,1.0,5.627,8368.43,0.0,0.9887673056897524,0.003345908943478038,BENIGN
40.917,116.0,2064.0,285541.0,138.34350775193798,50.44358090769118,6978.541926338686,611.0,962.0,87.0,783.0,0.29602713178294576,0.3793604651162791,0.6351351351351351,3.0,1.0,1.0,0.1095,17.79,0.9655172413793104,1.0,0.0,BRUTE_FORCE
32.155,60.0,734.0,64642.0,88.06811989100818,22.826932047893017,2010.3249883377391,112.0,290.0,79.0,111.0,0.15258855585831063,0.15122615803814715,0.38620689655172413,3.0,1.0,1.0,1.8127,12.23,0.95,1.0,0.0,BRUTE_FORCE
12.831,39383.0,109423.0,11748793.0,107.37041572612705,8528.018081209571,915656.8466993999,36785.0,21445.0,1967.0,0.0,0.3361724683110498,0.0,1.7153182560037306,1.0,1.0,45.0,0.9792,2.78,0.0,0.970828801988613,0.0,DOS_DDOS
21.188,357353.0,481225.0,32871194.0,68.3073281728921,22712.1483858788,1551406.173305645,243015.0,104693.0,0.0,19583.0,0.5049924671411502,0.04069406202919632,2.321215363013764,1.0,1.0,1.0,0.0024,1.35,0.0,1.0,0.0,SYN_FLOOD
7.779,224708.0,277312.7498606973,14770756.0,53.26389070614245,35648.894441534554,1898798.8173287055,200664.0,76646.0,0.0,16054.0,0.723601782106303,0.057891315880948195,2.618062260261462,1.0,1.0,161.0,0.0061,1.23,0.0,0.9999972959746796,0.0,SYN_FLOOD
12.269,634066.0,754829.0,55090915.0,72.98462963134696,61523.270030157306,4490253.076860379,474856.0,30565.0,0.0,14226.0,0.6290908271939737,0.018846652685575144,15.535939800425323,2.0,1.0,93.0,0.0071,1.19,0.0,1.0,0.0,SYN_FLOOD
31.9,6.0,34611.0,17782246.0,513.7744069804397,1084.9843260188088,557437.1786833856,11.0,25053.0,7.0,3.0,0.00031781803472884343,8.667764583513912e-05,0.00043906917335249273,4.0,1.0,1.0,3.902,5768.5,0.0,0.857733090635925,0.004044956805639825,BENIGN
45.805,2.0,43065.0,17588304.0,408.4129571577847,940.1812029254448,383982.18535094423,5.0,29126.0,2.0,1.0,0.00011610356437942645,2.322071287588529e-05,0.0001716679255647875,6.0,2.0,2.0,2.3711,21532.5,0.0,0.8873563218390804,0.004156507604783467,BENIGN
18.125,22551.0,43294.0,3492872.0,80.67796923361205,2388.634482758621,192710.17931034483,14991.0,11567.0,1680.0,0.0,0.34626045179470594,0.0,1.296014524077116,5.0,1.0,12.0,0.9686,1.92,0.0,0.9974823301150275,0.0,DOS_DDOS
44.634,2.0,66552.0,34456471.0,517.7375736266379,1491.0606264282833,771978.110857194,4.0,53851.0,2.0,2.0,6.0103377809832915e-05,3.0051688904916458e-05,7.427902917308871e-05,4.0,3.0,1.0,5.5281,33276.0,0.0,0.9656959971150378,0.019398365188123573,BENIGN
48.119,6630.0,285777.0,276785808.0,968.5377339673942,5938.963818865729,5752110.559238555,26851.0,17973.0,5197.0,0.0,0.09395787624616397,0.0,1.4939631669726812,5.0,1.0,1.0,3.2814,43.1,0.0,0.9261417118942392,0.0,DOS_DDOS
35.818,2.0,46429.0,35510802.0,764.8409830063107,1296.2476966888157,991423.3625551399,4.0,33638.0,3.0,0.0,8.615305089491482e-05,0.0,0.0001189131339556454,4.0,2.0,2.0,3.043,23214.5,0.0,0.8855887484115531,0.00030153567813220183,BENIGN
18.496,365.0,915.0,71443.0,78.07978142076503,49.47015570934256,3862.6189446366784,609.0,70.0,0.0,342.0,0.6655737704918033,0.3737704918032787,8.7,292.0,1.0,1.0,0.0199,2.51,0.09315068493150686,0.9759562841530055,0.0,PORT_SCAN
45.667,3866.0,175894.0,245100569.0,1393.4561099298442,3851.6653163115598,5367126.568419209,44592.0,48496.0,5342.0,18194.0,0.2535163223304945,0.10343729746324491,0.9194985153414714,1.0,1.0,52.0,0.5021,45.5,0.0,0.9621703980806622,0.0,DOS_DDOS
23.742,675.0,1642.3660934899985,141872.0,86.38268931777844,69.17555780852491,5975.570718557829,1262.0,378.0,0.0,796.0,0.7684035885801032,0.4846666057922045,3.3386243386243386,603.0,1.0,1.0,0.049,2.43,0.05037037037037037,0.9602000469023951,0.0,PORT_SCAN
35.391,49.0,8027.0,70916234.0,8834.712096673726,226.8090757537227,2003792.8851968015,3262.0,2931.0,0.0,0.0,0.4063784726547901,0.0,1.1129307403616513,1.0,1.0,1.0,0.1935,163.82,1.0,1.0,0.0,ANOMALY
34.781,4.0,4707.0,3292582.0,699.5075419587848,135.3325091285472,94666.11080762485,9.0,2759.0,9.0,1.0,0.0019120458891013384,0.00021244954323348204,0.0032620514679231605,1.0,3.0,2.0,3.4287,1176.75,0.0,0.8396005948587211,0.018058211174845976,BENIGN
42.858,11191.0,315814.0,356377711.0,1128.4417758554087,7368.845956414206,8315313.617060993,62430.0,86695.0,11139.0,0.0,0.19767964688075892,0.0,0.7201107330295865,5.0,1.0,1.0,1.2847,28.22,0.0,0.9632346887725053,0.0,DOS_DDOS
48.533,125309.0,370442.0,80236468.0,216.5965738226227,7632.78593946387,1653235.2832093628,128000.0,87728.0,9606.0,0.0,0.3455331738841708,0.0,1.4590552617180377,1.0,1.0,52.0,2.9644,2.96,0.0,0.9911970024997165,0.0,DOS_DDOS
22.937,247351.0,262965.0,18384446.0,69.9121403989124,11464.66407987095,801519.2047783057,139641.0,39847.0,0.0,1062.0,0.5310250413553135,0.004038560264674006,3.504429442618014,3.0,1.0,1.0,0.0055,1.06,0.0,1.0,0.0,SYN_FLOOD
10.777,357614.0,389250.0,20278603.0,52.096603725112395,36118.58587733136,1881655.6555627726,221511.0,88581.0,0.0,23341.0,0.5690712909441233,0.05996403339755941,2.50066041250381,3.0,1.0,1.0,0.0057,1.09,0.0,1.0,0.0,SYN_FLOOD
26.798,51.0,195323.0,20128937.0,103.05461722377805,7288.715575789239,751135.793715949,5220.0,0.0,0.0,4740.0,0.026724963265974823,0.0242674953794484,5220.0,3.0,3.0,1.0,0.1693,3829.86,0.0,0.4590703603774261,0.5409245198978103,ANOMALY
52.706,20333.0,597454.0,707791795.0,1184.679983730965,11335.597465184228,13429055.420635222,229568.0,44433.0,11789.0,0.0,0.3842438078914862,0.0,5.166610402178561,2.0,1.0,1.0,1.9647,29.38,0.0,0.9181359569104902,0.0,DOS_DDOS
13.873,61912.0,87231.0,6293945.0,72.15261776203414,6287.825272111296,453683.0534131046,44484.0,2552.0,0.0,5254.0,0.5099563228668708,0.06023088122341828,17.43103448275862,3.0,1.0,1.0,0.0094,1.41,0.0,1.0,0.0,SYN_FLOOD
86.556,57.0,663.0,53882.0,81.26998491704374,7.659780951060585,622.5102823605528,99.0,320.0,87.0,159.0,0.1493212669683258,0.2398190045248869,0.309375,2.0,1.0,1.0,0.0927,11.63,0.9824561403508771,1.0,0.0,BRUTE_FORCE
15.374,25.0,111610.0,7491528.0,67.12237254726278,7259.659164823728,487285.54702744895,5000.0,0.0,0.0,2325.0,0.04479885314935938,0.02083146671445211,5000.0,4.0,3.0,1.0,0.4244,4464.4,0.0,0.47639996416091746,0.5235910760684527,ANOMALY
24.037,1344.0,1919.9778763240288,166305.0,86.61818557951614,79.87593611199522,6918.708657486375,1551.0,367.0,0.0,311.0,0.8078218083270469,0.1619810331332763,4.226158038147139,1044.0,1.0,1.0,0.0431,1.43,0.0974702380952381,0.9562610187546473,0.0,PORT_SCAN
31.789,473.0,773.5721096275714,46263.0,59.8043794808901,24.334584593021845,1455.3147315109,652.0,120.0,0.0,399.0,0.8428432099418617,0.5157890195809859,5.433333333333334,428.0,1.0,1.0,0.0219,1.64,0.040169133192389,0.9708209366048131,0.0,PORT_SCAN
85.753,40.0,239.0,18038.0,75.47280334728033,2.7870745046820518,210.34832600608726,30.0,112.0,25.0,27.0,0.12552301255230125,0.11297071129707113,0.26785714285714285,1.0,1.0,1.0,0.7889,5.97,0.925,1.0,0.0,BRUTE_FORCE
47.973,447.0,7930.0,1190081.0,150.0732660781841,165.30131532320263,24807.308277572803,2166.0,2545.0,474.0,1627.0,0.27313997477931906,0.2051702395964691,0.8510805500982318,1.0,1.0,1.0,1.8612,17.74,0.9530201342281879,1.0,0.0,BRUTE_FORCE
38.543,5.0,54617.0,38780279.0,710.0404452826043,1417.04070778092,1006156.2151363413,10.0,32956.0,6.0,0.0,0.0001830931761173261,0.0,0.00030343488287413523,5.0,1.0,1.0,2.5553,10923.4,0.0,0.8748558141238076,0.013365801856564805,BENIGN
12.985,192856.0,269836.0,12865591.0,47.679297795698126,20780.59299191375,990804.0816326531,195061.0,69104.0,0.0,17434.0,0.7228872352095347,0.06460961472894647,2.8227164852975224,2.0,1.0,195.0,0.0071,1.4,0.0,1.0,0.0,SYN_FLOOD
16.916,54.0,95700.0,13039179.0,136.25056426332287,5657.365807519508,770819.2835185623,166.0,0.0,0.0,3337.0,0.0017345872518286312,0.034869383490073146,166.0,3.0,3.0,1.0,0.3962,1772.22,0.0,0.40522466039707417,0.5947648902821316,ANOMALY
57.57,290.0,3073.0,694894.0,226.12886430198503,53.37849574431127,12070.418620809449,708.0,1075.0,456.0,691.0,0.23039375203384316,0.2248616986657989,0.6586046511627907,2.0,1.0,1.0,2.4085,10.6,0.8517241379310345,1.0,0.0,BRUTE_FORCE
37.643,3.0,27244.0,15578744.0,571.8229334899428,723.7467789496055,413855.0062428606,6.0,25711.0,4.0,0.0,0.0002202319776831596,0.0,0.0002333631519583058,3.0,3.0,2.0,3.2638,9081.33,0.0,0.8348627220672442,0.011598884157979739,BENIGN
21.571,34822.0,82356.0,6264971.0,76.07182233231337,3817.9036669602706,290434.8894348894,37231.0,15996.0,2815.0,24417.0,0.45207392296857546,0.2964811307008597,2.3275193798449614,2.0,1.0,1.0,0.0676,2.37,0.0,0.92056437903735,0.0,DOS_DDOS
22.489,1430.0,163342.0,160482066.0,982.4911290421325,7263.195339943973,7136024.989995109,16241.0,26530.0,6212.0,0.0,0.09942941803088,0.0,0.6121748963437618,2.0,1.0,57.0,1.2804,114.23,0.0,0.9946676298808634,0.0,DOS_DDOS
52.14,56695.0,336308.0,47076945.0,139.98163885485923,6450.095895665516,902894.99424626,128800.0,17702.0,7546.0,0.0,0.38298226625593207,0.0,7.276014009716416,3.0,1.0,1.0,0.6398,5.93,0.0,0.962837636928054,0.0,DOS_DDOS
22.793,150652.0,176333.0,12777165.0,72.46042998190923,7736.2786820515075,560574.0797613303,110840.0,24017.0,0.0,10606.0,0.6285834188722474,0.06014756171561761,4.615064329433318,3.0,1.0,139.0,0.0072,1.17,0.0,1.0,0.0,SYN_FLOOD
20.226,180.0,1387.0,8883722.0,6404.990627253064,68.57510135469198,439222.88143973105,606.0,339.0,0.0,0.0,0.43691420331651043,0.0,1.7876106194690264,1.0,1.0,1.0,0.1847,7.71,1.0,1.0,0.0,ANOMALY
35.693,687.0,1265.0,105116.0,83.09565217391304,35.44112290925392,2945.003221920265,853.0,270.0,0.0,287.0,0.6743083003952569,0.22687747035573122,3.1592592592592594,543.0,1.0,1.0,0.0116,1.84,0.10771470160116449,0.9762845849802372,0.0,PORT_SCAN
81.84,433.0,2321.0,408670.0,176.0749676863421,28.36021505376344,4993.52394916911,811.0,699.0,335.0,811.0,0.3494183541576906,0.3494183541576906,1.1602288984263234,2.0,1.0,1.0,0.9533,5.36,0.9745958429561201,1.0,0.0,BRUTE_FORCE
32.053,591.0,844.0,38866.0,46.04976303317535,26.331388637569027,1212.5542070944998,510.0,92.0,0.0,324.0,0.6042654028436019,0.38388625592417064,5.543478260869565,530.0,1.0,1.0,0.004,1.43,0.047377326565143825,0.9632701421800948,0.0,PORT_SCAN
42.851,112389.0,365065.0,92310764.0,252.86117266788105,8519.404447970875,2154226.5991458776,123820.0,91522.0,10473.0,85591.0,0.339172476134387,0.2344541383041376,1.3528987565831165,5.0,1.0,1.0,1.5067,3.25,0.0,0.9295632284661636,0.0,DOS_DDOS
19.558,198261.0,293550.0,22622089.0,77.06383580309998,15009.203395030167,1156666.7859699356,190826.0,30493.0,0.0,17234.0,0.6500630216317492,0.058708908192812125,6.258026432295937,2.0,1.0,1.0,0.0097,1.48,0.0,1.0,0.0,SYN_FLOOD
33.058,446.0,7490.0,990516.0,132.24512683578104,226.57148042833808,29962.97416661625,2309.0,2525.0,860.0,1418.0,0.3082777036048064,0.18931909212283043,0.9144554455445545,1.0,1.0,1.0,0.7259,16.79,0.8834080717488789,1.0,0.0,BRUTE_FORCE
43.172,2.0,58817.0,34187936.0,581.2594317969294,1362.3876586676552,791900.6763643102,4.0,50840.0,3.0,0.0,6.800754883792101e-05,0.0,7.867820613690008e-05,3.0,3.0,1.0,1.8425,29408.5,0.0,0.8220242446911608,0.01962017783974021,BENIGN
81.374,432.0,1820.0,149152.0,81.95164835164834,22.365866247204266,1832.9196057708853,588.0,960.0,261.0,230.0,0.3230769230769231,0.12637362637362637,0.6125,3.0,1.0,1.0,2.4365,4.21,0.9120370370370371,1.0,0.0,BRUTE_FORCE
43.792,164.0,1117.0,82505.0,73.86302596239928,25.50694190719766,1884.019912312751,262.0,501.0,41.0,256.0,0.23455684870188004,0.22918531781557744,0.5229540918163673,1.0,1.0,1.0,0.9313,6.81,0.9329268292682927,1.0,0.0,BRUTE_FORCE
6.217,271209.0,369065.0,16335678.0,44.26233319333993,59363.841080907194,2627582.113559595,275334.0,51030.0,0.0,27712.0,0.7460311869182935,0.07508704428759162,5.395532039976485,1.0,1.0,1.0,0.0014,1.36,0.0,1.0,0.0,SYN_FLOOD
8.485,4.0,1042.0,490350.0,470.58541266794623,122.80494991160873,57790.21803182086,7.0,606.0,9.0,0.0,0.0067178502879078695,0.0,0.01155115511551155,3.0,3.0,1.0,0.3975,260.5,0.0,0.8714011516314779,0.011516314779270634,BENIGN
12.537,1049.0,2065.0,92213.0,44.65520581113802,164.71245114461195,7355.268405519661,1320.0,163.0,0.0,460.0,0.639225181598063,0.22276029055690072,8.098159509202453,902.0,1.0,1.0,0.0173,1.97,0.07721639656816015,0.9975786924939467,0.0,PORT_SCAN
6.719,14.0,1127.0,525881.0,466.62023070097604,167.73329364488762,78267.74817681202,33.0,1053.0,26.0,0.0,0.029281277728482696,0.0,0.03133903133903134,4.0,3.0,1.0,0.6112,80.5,0.0,0.7994676131322094,0.01685891748003549,BENIGN
58.965,2.0,24542.0,17140599.0,698.4189960068454,416.21300771644195,290691.0709743068,4.0,19374.0,3.0,0.0,0.00016298590171950127,0.0,0.00020646226902033653,1.0,2.0,1.0,4.9626,12271.0,0.0,0.9221742319289381,0.01051259066090783,BENIGN
29.091,444.0,1044.0,83991.0,80.45114942528735,35.88738785191296,2887.1816025574917,821.0,163.0,0.0,221.0,0.7863984674329502,0.21168582375478928,5.03680981595092,396.0,1.0,1.0,0.0436,2.35,0.1036036036036036,0.9521072796934866,0.0,PORT_SCAN
23.585,6.0,4149.0,838120.0,202.0053024825259,175.91689633241467,35536.14585541658,15.0,3303.0,9.0,0.0,0.0036153289949385392,0.0,0.004541326067211626,1.0,3.0,1.0,1.9357,691.5,0.0,0.9503494818028441,0.008435767654856591,BENIGN
14.253,866.0,992.974785147337,62311.0,62.75184519489519,69.6677741631472,4371.781379358731,769.0,222.0,0.0,376.0,0.774440611687734,0.37866016904367755,3.463963963963964,808.0,1.0,1.0,0.0281,1.15,0.10277136258660508,0.9939829437396535,0.0,PORT_SCAN
40.291,74377.0,161693.0,12115000.0,74.92593989844953,4013.1294830110946,300687.4984487851,74705.0,31216.0,5837.0,0.0,0.46201752704198695,0.0,2.3931637621732444,2.0,1.0,1.0,3.6108,2.17,0.0,0.9108681266350429,0.0,DOS_DDOS
15.069,16384.0,81639.0,6446591.0,78.96460025233038,5417.678678080828,427804.8311102263,19163.0,9079.0,1519.0,0.0,0.23472849985913596,0.0,2.1106950104637074,3.0,1.0,51.0,3.7158,4.98,0.0,0.9342471122870197,0.0,DOS_DDOS
22.482,359854.0,406728.0,27813298.0,68.3830422296965,18091.273018414733,1237136.2868072237,240210.0,13072.0,0.0,29015.0,0.5905912550893964,0.0713376015420625,18.37591799265606,3.0,1.0,1.0,0.0039,1.13,0.0,1.0,0.0,SYN_FLOOD
34.201,572.0,641.0,50423.0,78.66302652106084,18.74214204263033,1474.3136165609192,450.0,101.0,0.0,165.0,0.7020280811232449,0.2574102964118565,4.455445544554456,468.0,1.0,1.0,0.0483,1.12,0.033216783216783216,0.9563182527301092,0.0,PORT_SCAN
35.322,3620.0,329766.0,338438371.0,1026.298560191166,9335.994564294208,9581517.779287696,150475.0,38990.0,8901.0,0.0,0.4563084126319875,0.0,3.8593229033085406,4.0,1.0,1.0,1.9974,91.1,0.0,0.9390992400671991,0.0,DOS_DDOS
7.959,4.0,1957.0,1554770.0,794.4660194174758,245.88516145244378,195347.40545294635,10.0,1190.0,6.0,3.0,0.005109862033725089,0.0015329586101175269,0.008403361344537815,4.0,2.0,1.0,0.9984,489.25,0.0,0.99795605518651,0.0030659172202350538,BENIGN
82.596,480.0,3115.0,654837.0,210.22054574638844,37.713690735628845,7928.192648554409,676.0,1543.0,111.0,1069.0,0.21701444622792937,0.3431781701444623,0.43810758263123784,2.0,1.0,1.0,0.7916,6.49,0.9104166666666667,1.0,0.0,BRUTE_FORCE
85.982,282.0,3751.0,880054.0,234.61850173287124,43.625409969528505,10235.328324533042,969.0,2014.0,319.0,421.0,0.2583311117035457,0.11223673687016796,0.4811320754716981,3.0,1.0,1.0,1.8046,13.3,0.9148936170212766,1.0,0.0,BRUTE_FORCE
55.518,6891.0,559442.0,691651072.0,1236.3231076679976,10076.767895097086,12458140.999315538,68366.0,112275.0,25.0,0.0,0.12220391032493091,0.0,0.6089156089957694,1.0,1.0,37.0,1.6852,81.18,0.0,0.9430915090393642,0.0,DOS_DDOS
3.559,8.0,617.0,415007.0,672.6207455429497,173.36330429896037,116607.75498735599,20.0,488.0,13.0,2.0,0.03241491085899514,0.0032414910858995136,0.040983606557377046,4.0,1.0,1.0,1.14,77.12,0.0,0.8298217179902755,0.01620745542949757,BENIGN
49.444,138.0,12453.0,106036279.0,8514.91841323376,251.86069088261465,2144573.2343661515,5601.0,4701.0,0.0,0.0,0.44977113948446157,0.0,1.1914486279514998,1.0,1.0,1.0,0.3191,90.24,1.0,1.0,0.0,ANOMALY
13.109,286724.0,325241.0,15212512.0,46.77304521877623,24810.51186207949,1160463.193226028,234419.0,80385.0,0.0,11993.0,0.7207547633908394,0.03687419482783536,2.9162032717546804,2.0,1.0,106.0,0.0046,1.13,0.0,1.0,0.0,SYN_FLOOD
22.819,213274.0,284373.16450660577,18964562.0,66.6890001132982,12462.122113440808,831086.46303519,230152.0,54219.0,0.0,19501.0,0.8093309380979011,0.06857538767356863,4.2448588133311205,2.0,1.0,152.0,0.0044,1.33,0.0,0.9999994215114986,0.0,SYN_FLOOD
80.039,275.0,4787.0,896955.0,187.3730937956967,59.80834343257662,11206.474343757418,960.0,1935.0,112.0,523.0,0.20054313766450804,0.1092542302068101,0.49612403100775193,3.0,1.0,1.0,0.4498,17.41,0.9490909090909091,1.0,0.0,BRUTE_FORCE
57.778,3557.0,268935.0,351392027.0,1306.6057857846693,4654.626328360276,6081761.6913011875,104316.0,23711.0,2699.0,0.0,0.38788554855262425,0.0,4.399477035974864,4.0,1.0,1.0,2.8209,75.61,0.0,0.9233606633573168,0.0,DOS_DDOS
26.16,368.0,6532.0,1489738.0,228.06766687078996,249.69418960244647,56947.17125382263,2258.0,3859.0,195.0,1805.0,0.3456827924066136,0.27633190447030004,0.5851256802280383,1.0,1.0,1.0,0.3026,17.75,0.9239130434782609,1.0,0.0,BRUTE_FORCE
34.687,1286.0,2819.0,183361.0,65.04469670095779,81.26963992273762,5286.159079770519,1319.0,645.0,0.0,1119.0,0.46789641716920893,0.3969492727917701,2.0449612403100774,1143.0,1.0,1.0,0.0166,2.19,0.05054432348367029,0.9648811635331678,0.0,PORT_SCAN
9.376,289.0,323.0,21309.0,65.97213622291022,34.44965870307168,2272.717576791809,2.0,69.0,263.0,0.0,0.006191950464396285,0.0,0.028985507246376812,289.0,1.0,1.0,0.0037,1.12,0.0,1.0,0.0,ANOMALY
36.849,666.0,1556.516710123643,116865.0,75.08110850330463,42.24040571314399,3171.4564845721734,1290.0,265.0,0.0,473.0,0.8287736274270566,0.3038836633899208,4.867924528301887,534.0,1.0,1.0,0.0218,2.34,0.05105105105105105,0.9540533618055652,0.0,PORT_SCAN
16.124,8.0,1824.0,659832.0,361.75,113.12329446787399,40922.35177375341,18.0,1601.0,10.0,0.0,0.009868421052631578,0.0,0.011242973141786383,2.0,1.0,2.0,1.7905,228.0,0.0,0.9583333333333334,0.015350877192982455,BENIGN
21.284,343.0,4542.0,923248.0,203.26904447380008,213.39973689156176,43377.560608908105,938.0,1673.0,627.0,887.0,0.20651695288419197,0.19528841919859094,0.5606694560669456,3.0,1.0,1.0,0.4862,13.24,0.9533527696793003,1.0,0.0,BRUTE_FORCE
40.54,2600.0,302327.0,378109258.0,1250.6632156572189,7457.498766650222,9326819.388258511,83419.0,85652.0,8759.0,0.0,0.2759230898993474,0.0,0.973929388689114,2.0,1.0,40.0,0.9872,116.28,0.0,0.9047058317649432,0.0,DOS_DDOS
23.289,1127.0,1371.0573927595196,101674.0,74.15736243933691,58.87145831764007,4365.75207179355,1180.0,189.0,0.0,674.0,0.860649602439341,0.49159138308823375,6.243386243386244,962.0,1.0,1.0,0.007,1.22,0.061224489795918366,0.9591137518709605,0.0,PORT_SCAN
4.357,5.0,867.0,354315.0,408.66782006920414,198.99013082396144,81320.86297911407,12.0,556.0,11.0,1.0,0.01384083044982699,0.0011534025374855825,0.02158273381294964,2.0,3.0,1.0,0.4064,173.4,0.0,0.9111880046136102,0.002306805074971165,BENIGN
10.02,6.0,5849.0,1876708.0,320.85963412549154,583.7325349301398,187296.20758483035,12.0,5473.0,6.0,0.0,0.0020516327577363653,0.0,0.002192581765028321,5.0,1.0,2.0,1.19,974.83,0.0,0.9683706616515644,0.01880663361258335,BENIGN
21.219,30.0,88513.0,7193496.0,81.27050263803058,4171.402987888213,339012.01753145765,3543.0,0.0,0.0,3935.0,0.04002801848316066,0.04445674646662072,3543.0,1.0,2.0,1.0,0.3569,2950.43,0.0,0.300238383062375,0.699750319162157,ANOMALY
68.59,55.0,915.0,71208.0,77.82295081967213,13.340137046216649,1038.1688292754045,268.0,316.0,33.0,134.0,0.292896174863388,0.146448087431694,0.8481012658227848,3.0,1.0,1.0,0.2098,16.64,0.9272727272727272,1.0,0.0,BRUTE_FORCE
14.042,113722.0,163571.0,12966896.0,79.27380770429966,11648.69676684233,923436.5475003561,141188.0,11050.0,0.0,5866.0,0.8631603401580965,0.03586210269546558,12.777194570135746,3.0,1.0,89.0,0.0076,1.44,0.0,1.0,0.0,SYN_FLOOD
29.685,969375.0,1021197.0,70975860.0,69.50261310990925,34401.1116725619,2390967.155128853,728597.0,93310.0,0.0,79452.0,0.7134735021744091,0.07780281375679717,7.808348515700354,3.0,1.0,1.0,0.0022,1.05,0.0,1.0,0.0,SYN_FLOOD
58.993,87430.0,374089.0,33841367.0,90.46341111339815,6341.2438763921145,573650.5517603783,69624.0,76060.0,10200.0,87439.0,0.18611613813825054,0.2337384953847881,0.9153825926899816,4.0,1.0,46.0,3.4002,4.28,0.0,0.999238149210482,0.0,DOS_DDOS
48.587,293.0,4874.0,1019901.0,209.25338530980713,100.3148990470702,20991.232222610986,1048.0,1742.0,398.0,1044.0,0.21501846532622076,0.2141977841608535,0.6016073478760046,3.0,1.0,1.0,0.6603,16.63,0.9351535836177475,1.0,0.0,BRUTE_FORCE
31.968,738.0,1334.0,59367.0,44.50299850074963,41.729229229229226,1857.0758258258259,1105.0,154.0,0.0,249.0,0.828335832083958,0.1866566716641679,7.175324675324675,705.0,1.0,1.0,0.0319,1.81,0.04878048780487805,0.992503748125937,0.0,PORT_SCAN
13.099,204.0,383.49759456891024,22512.0,58.70180235499455,29.276860414452266,1718.6044736239407,300.0,82.0,0.0,159.0,0.7822734855409721,0.4146049473367152,3.658536585365854,177.0,1.0,1.0,0.0038,1.88,0.10784313725490197,0.9987024832073077,0.0,PORT_SCAN
20.378,642.0,932.0,48773.0,52.331545064377686,45.73559721268034,2393.4144665816075,10.0,129.0,610.0,0.0,0.01072961373390558,0.0,0.07751937984496124,642.0,1.0,1.0,0.0159,1.45,0.0,1.0,0.0,ANOMALY
29.448,7015.0,444304.0,495937745.0,1116.2126494472254,15087.74789459386,16841135.051616408,48738.0,41917.0,14627.0,118585.0,0.10969516367172026,0.26690059058662535,1.1627263401483885,2.0,1.0,49.0,0.3662,63.34,0.0,0.9888184666354568,0.0,DOS_DDOS
19.204,1090.0,1473.0,116080.0,78.80515953835709,76.70277025619663,6044.574047073526,731.0,361.0,0.0,231.0,0.49626612355736593,0.15682281059063136,2.0249307479224377,1043.0,1.0,1.0,0.0173,1.35,0.07339449541284404,0.9932111337406653,0.0,PORT_SCAN
32.309,827.0,1130.0,93714.0,82.93274336283186,34.97477483054258,2900.5540251942184,718.0,93.0,0.0,220.0,0.6353982300884956,0.19469026548672566,7.720430107526882,711.0,1.0,1.0,0.0194,1.37,0.1003627569528416,0.9734513274336283,0.0,PORT_SCAN
29.329,327493.0,504472.8157929857,33485449.0,66.3771128031228,17200.477881720675,1141718.060622592,419563.0,84908.0,0.0,32066.0,0.831686043063559,0.06356338537210403,4.941383615207048,2.0,1.0,158.0,0.0011,1.54,0.0,0.9999983828801866,0.0,SYN_FLOOD
40.615,3.0,42613.0,35143693.0,824.7176448501631,1049.193647667118,865288.5140957774,7.0,33990.0,3.0,3.0,0.0001642691197521883,7.040105132236642e-05,0.00020594292438952632,2.0,1.0,2.0,1.0237,14204.33,0.0,0.890878370450332,0.012062046793232112,BENIGN
7.133,71119.0,86294.0,6631156.0,76.84376665816859,12097.855039955139,929644.7497546615,55669.0,18854.0,0.0,4069.0,0.6451085822884557,0.04715275685447424,2.952636045401506,1.0,1.0,44.0,0.0033,1.21,0.0,1.0,0.0,SYN_FLOOD
11.337,1306.0,69454.0,77107899.0,1110.2009819448845,6126.312075504984,6801437.681926436,6021.0,20628.0,1441.0,0.0,0.08669047139113659,0.0,0.2918848167539267,2.0,1.0,44.0,1.9074,53.18,0.0,0.9612837273591154,0.0,DOS_DDOS
74.003,376.0,1619.0,336408.0,207.78752316244595,21.8774914530492,4545.869762036674,395.0,521.0,191.0,261.0,0.24397776405188387,0.1612106238418777,0.7581573896353166,2.0,1.0,1.0,1.8114,4.31,0.949468085106383,1.0,0.0,BRUTE_FORCE
12.602,457015.0,519689.0,35397192.0,68.11225944747724,41238.61291858435,2808855.102364704,295852.0,80611.0,0.0,9464.0,0.5692866310427968,0.01821089151396316,3.6701194626043594,1.0,1.0,61.0,0.0017,1.14,0.0,1.0,0.0,SYN_FLOOD
7.963,77596.0,89625.0,5788541.0,64.58623152022315,11255.180208464146,726929.6747456988,71137.0,17992.0,0.0,253.0,0.7937182705718271,0.002822873082287308,3.9538128056914186,3.0,1.0,124.0,0.0035,1.16,0.0,1.0,0.0,SYN_FLOOD
23.236,1249.0,141087.0,89878857.0,637.0456314189117,6071.914270958857,3868086.460664486,55091.0,15190.0,1450.0,53912.0,0.3904753804390199,0.3821188344780171,3.626793943383805,1.0,1.0,15.0,0.0795,112.96,0.0,0.9314111151275454,0.0,DOS_DDOS
25.735,164262.0,232059.23783641498,11594490.0,49.96349254655951,9017.262010352244,450533.90324460855,183720.0,48338.0,0.0,1307.0,0.79169440403622,0.005632182593486499,3.8007364806156647,1.0,1.0,1.0,0.0062,1.41,0.0,0.999998975104731,0.0,SYN_FLOOD
21.662,8.0,9974.0,1999950.0,200.51634249047524,460.43763272089376,92325.27005816638,15.0,9252.0,9.0,0.0,0.001503910166432725,0.0,0.001621271076523995,5.0,1.0,2.0,4.2009,1246.75,0.0,0.9920794064567876,0.005313815921395629,BENIGN
5.694,10.0,2051.0,1294375.0,631.0945880058508,360.20372321742184,227322.62030207235,24.0,1188.0,10.0,1.0,0.011701608971233545,0.00048756704046806434,0.020202020202020204,6.0,2.0,1.0,0.5317,205.1,0.0,0.8547050219405168,0.008288639687957094,BENIGN
37.131,697.0,1540.7978967482036,137332.0,89.13044357721026,41.49626718235985,3698.5807007621665,1228.0,310.0,0.0,202.0,0.7969896652842323,0.13110090585294376,3.9612903225806453,551.0,1.0,1.0,0.0283,2.21,0.11190817790530846,0.9877998945949525,0.0,PORT_SCAN
19.168,205308.0,247479.0,15669444.0,63.3162571369692,12911.049666110184,817479.3405676127,147134.0,69675.0,0.0,16894.0,0.5945312531568335,0.06826437798762723,2.111718693936132,3.0,1.0,1.0,0.002,1.21,0.0,1.0,0.0,SYN_FLOOD
44.624,3147.0,171852.0,217405416.0,1265.0735283848894,3851.1115095016135,4871939.225528863,83354.0,13669.0,5655.0,0.0,0.48503363359169516,0.0,6.098032043309678,1.0,1.0,1.0,3.2449,54.61,0.0,0.9361252705816633,0.0,DOS_DDOS
10.034,478689.0,517533.0,25796165.0,49.844483346955656,51577.93502092884,2570875.523221048,271934.0,48458.0,0.0,33056.0,0.525442822003621,0.06387225548902195,5.611746254488423,1.0,1.0,94.0,0.0046,1.08,0.0,1.0,0.0,SYN_FLOOD
15.774,667989.0,801796.0,46167552.0,57.58017251270897,50830.22695574997,2926813.236972233,687376.0,51850.0,0.0,38803.0,0.8572953718901067,0.048395102993778964,13.257010607521698,3.0,1.0,1.0,0.006,1.2,0.0,1.0,0.0,SYN_FLOOD
87.045,36.0,517.0,54757.0,105.91295938104449,5.939456602906542,629.065425929117,76.0,293.0,73.0,180.0,0.1470019342359768,0.3481624758220503,0.2593856655290102,1.0,1.0,1.0,1.9744,14.36,0.9166666666666666,1.0,0.0,BRUTE_FORCE
29.359,186.0,426.8351218219352,37361.0,87.53028532545656,14.538476168191533,1272.5569671991552,331.0,94.0,0.0,99.0,0.7754750794337979,0.2319396763261208,3.521276595744681,171.0,1.0,1.0,0.0314,2.29,0.10752688172043011,0.9511869554384348,0.0,PORT_SCAN
7.649,11.0,2491.0,1014939.0,407.4423926134083,325.6634854229311,132689.10968754085,20.0,2023.0,27.0,0.0,0.008028904054596548,0.0,0.009886307464162136,5.0,2.0,2.0,0.1098,226.45,0.0,0.9088719389803291,0.01204335608189482,BENIGN
11.671,84188.0,118242.0,9033827.0,76.40116878943185,10131.26552994602,774040.5278039586,77388.0,25507.0,0.0,572.0,0.6544882529050591,0.004837536577527443,3.033990669228055,1.0,1.0,51.0,0.0083,1.4,0.0,1.0,0.0,SYN_FLOOD
33.371,358.0,428.0,21438.0,50.08878504672897,12.825507176890113,642.4140720985287,19.0,130.0,292.0,0.0,0.04439252336448598,0.0,0.14615384615384616,358.0,1.0,1.0,0.0124,1.2,0.0,1.0,0.0,ANOMALY
12.374,207440.0,241497.0,16364188.0,67.76145459363885,19516.48618070147,1322465.4921609827,192300.0,25877.0,0.0,14288.0,0.7962831836420328,0.05916429603680377,7.4313096572245625,1.0,1.0,1.0,0.0075,1.16,0.0,1.0,0.0,SYN_FLOOD
47.72,4989.0,367741.0,302004689.0,821.2429100916133,7706.223805532271,6328681.66387259,80931.0,81815.0,793.0,0.0,0.2200760861584648,0.0,0.9891951353663754,1.0,1.0,1.0,1.6762,73.71,0.0,0.9449449476669721,0.0,DOS_DDOS
20.372,357.0,4275.0,646598.0,151.2509941520468,209.8468486157471,31739.544472805814,1299.0,1587.0,453.0,1222.0,0.303859649122807,0.2858479532163743,0.8185255198487713,3.0,1.0,1.0,0.8373,11.97,0.8935574229691877,1.0,0.0,BRUTE_FORCE
34.279,943.0,1404.0,72142.0,51.383190883190885,40.958020945768546,2104.5538084541554,839.0,230.0,0.0,407.0,0.5975783475783476,0.2898860398860399,3.6478260869565218,804.0,1.0,1.0,0.0313,1.49,0.088016967126193,0.9494301994301995,0.0,PORT_SCAN
43.398,128190.0,439287.0,72496829.0,165.0329488466538,10122.286741324484,1670510.8299921653,166064.0,89010.0,12333.0,0.0,0.3780307634871963,0.0,1.8656780137063251,5.0,1.0,40.0,1.4019,3.43,0.0,0.9356320583126748,0.0,DOS_DDOS
46.679,329.0,2029.0,262245.0,129.24839822572696,43.46708369930804,5618.05094367917,386.0,663.0,216.0,219.0,0.19024149827501233,0.10793494332183341,0.5822021116138764,1.0,1.0,1.0,1.4339,6.17,0.9604863221884499,1.0,0.0,BRUTE_FORCE
15.426,55.0,47249.0,4344245.0,91.94363901881522,3062.945676131207,281618.3715804486,1421.0,0.0,0.0,471.0,0.030074710575885205,0.009968464941056954,1421.0,4.0,2.0,1.0,0.4332,859.07,0.0,0.24328557218142183,0.7566932633494888,ANOMALY
59.132,459.0,5382.0,1243682.0,231.08175399479748,91.01670838124873,21032.30061557194,709.0,2251.0,358.0,1561.0,0.13173541434410999,0.2900408769973987,0.3149711239449134,2.0,1.0,1.0,1.9117,11.73,0.9891067538126361,1.0,0.0,BRUTE_FORCE
21.249,278750.0,325683.0,16600067.0,50.97001378641194,15326.980093180857,781216.3866534897,174124.0,57119.0,0.0,14925.0,0.5346425818971208,0.045826770202927386,3.04844272483762,3.0,1.0,1.0,0.0077,1.17,0.0,1.0,0.0,SYN_FLOOD
27.867,234596.0,309101.0,14439736.0,46.71526782507983,11092.00846879822,518166.1463379625,264455.0,41878.0,0.0,6498.0,0.8555617743067799,0.021022254861679517,6.31489087348966,1.0,1.0,1.0,0.0048,1.32,0.0,1.0,0.0,SYN_FLOOD
8.855,631.0,738.0,38713.0,52.456639566395665,83.34274421230943,4371.880293619424,614.0,63.0,0.0,307.0,0.8319783197831978,0.4159891598915989,9.746031746031745,493.0,1.0,1.0,0.0308,1.17,0.042789223454833596,0.9769647696476965,0.0,PORT_SCAN
29.138,17591.0,39440.0,8490306.0,215.27145030425964,1353.5589264877478,291382.59317729424,5021.0,4034.0,1421.0,0.0,0.12730730223123732,0.0,1.2446703024293506,4.0,1.0,41.0,1.6961,2.24,0.0,0.9273580121703854,0.0,DOS_DDOS
20.372,6.0,25792.0,2997733.0,116.22724100496278,1266.0514431572747,147149.6662085215,269.0,0.0,0.0,966.0,0.010429590570719603,0.03745347394540943,269.0,1.0,1.0,1.0,0.0435,4298.67,0.0,0.49418424317617865,0.5057769851116626,ANOMALY
46.064,67657.0,352865.0,41342425.0,117.16215833250676,7660.3204237582495,897499.6743660993,160632.0,75091.0,6157.0,0.0,0.455222252136086,0.0,2.139164480430411,4.0,1.0,51.0,0.3734,5.22,0.0,0.9111444886854746,0.0,DOS_DDOS
26.764,119702.0,160618.0,8633630.0,53.752568205307,6001.270363174413,322583.6945150202,100626.0,34778.0,0.0,82.0,0.6264926720541907,0.0005105280852706421,2.893380872965668,2.0,1.0,1.0,0.0014,1.34,0.0,1.0,0.0,SYN_FLOOD
14.786,176924.0,202913.0,9863846.0,48.611207758990304,13723.319356147707,667107.1283646693,146908.0,10202.0,0.0,10636.0,0.7239950126408855,0.05241655290691084,14.399921584003136,2.0,1.0,199.0,0.0069,1.15,0.0,1.0,0.0,SYN_FLOOD
58.091,254845.0,813505.0,116015872.0,142.61236501312223,14003.97651959856,1997140.211048183,101382.0,47884.0,7079.0,176811.0,0.12462369622805022,0.21734469978672535,2.1172416673627934,4.0,1.0,1.0,2.4706,3.19,0.0,0.9181197411202143,0.0,DOS_DDOS
10.89,12.0,4973.0,3928518.0,789.9694349487231,456.6574839302112,360745.45454545453,30.0,2878.0,14.0,1.0,0.0060325759099135335,0.00020108586366378444,0.010423905489923557,1.0,3.0,2.0,1.4744,414.42,0.0,0.9231852000804344,0.010657550774180576,BENIGN
30.852,809.0,1856.0,82086.0,44.227370689655174,60.158174510566575,2660.6378840917932,1558.0,182.0,0.0,760.0,0.8394396551724138,0.40948275862068967,8.56043956043956,796.0,1.0,1.0,0.0366,2.29,0.06551297898640297,0.9892241379310345,0.0,PORT_SCAN
27.919,285969.0,351102.0,16347187.0,46.55965218084773,12575.736953329273,585521.9384648447,192693.0,103218.0,0.0,354.0,0.5488234188355521,0.0010082540116547328,1.866854618380515,1.0,1.0,121.0,0.0065,1.23,0.0,1.0,0.0,SYN_FLOOD
27.417,2.0,23457.0,9880768.0,421.22897216182804,855.5640660903819,360388.37217784586,4.0,16586.0,3.0,0.0,0.00017052479004135227,0.0,0.0002411672494875196,6.0,3.0,1.0,3.2411,11728.5,0.0,0.8655412030523938,0.010018331414929445,BENIGN
15.919,49.0,10638.0,1121673.0,105.44021432600113,668.2580564105785,70461.27269300836,506.0,0.0,0.0,59.0,0.04756533182929122,0.005546155292348186,506.0,4.0,1.0,1.0,0.3798,217.1,0.0,0.3641661966535063,0.63573980071442,ANOMALY
23.33,151122.0,160133.0,7081241.0,44.22099754579006,6863.8234033433355,303525.117873982,136610.0,11171.0,0.0,2140.0,0.8531033578338006,0.013363891265385648,12.228985766717393,3.0,1.0,1.0,0.0046,1.06,0.0,1.0,0.0,SYN_FLOOD
208.282,4.0,7.5,408.0,54.4,0.03600887258620524,1.958882668689565,4.0,2.0,4.0,0.0,0.5333333333333333,0.0,2.0,4.0,1.0,1.0,166.6257,1.88,0.0,0.9333333333333333,0.0,ANOMALY
19.735,50400.0,137505.0,12470650.0,90.69233846041962,6967.570306561946,631905.2444894857,61118.0,24253.0,3178.0,0.0,0.4444783826042689,0.0,2.5200181420855152,3.0,1.0,1.0,0.3248,2.73,0.0,0.9803934402385368,0.0,DOS_DDOS
6.819,26.0,25717.0,2490409.0,96.83901699265077,3771.3741017744537,365216.1607273794,1009.0,0.0,0.0,452.0,0.039234747443325425,0.017575922541509508,1009.0,3.0,3.0,1.0,0.0463,989.12,0.0,0.300773807209239,0.6991873080063771,ANOMALY
23.673,3.0,13260.0,9084379.0,685.096455505279,560.1317957166392,383744.3078612766,5.0,9570.0,6.0,0.0,0.0003770739064856712,0.0,0.0005224660397074191,2.0,1.0,1.0,3.2183,4420.0,0.0,0.9908748114630468,0.01613876319758673,BENIGN
82.596,158.0,1283.0,92640.0,72.20576773187841,15.533439876023051,1121.6039517652187,256.0,675.0,49.0,348.0,0.1995323460639127,0.2712392829306313,0.37925925925925924,1.0,1.0,1.0,0.5125,8.12,0.8924050632911392,1.0,0.0,BRUTE_FORCE
20.702,329389.0,385305.0,25104818.0,65.15570262519303,18611.969857984735,1212675.9733359094,202596.0,96424.0,0.0,1731.0,0.5258068283567563,0.004492544867053373,2.1010951630299513,1.0,1.0,1.0,0.01,1.17,0.0,1.0,0.0,SYN_FLOOD
9.686,9.0,4383.0,1360234.0,310.34314396532056,452.5087755523436,140432.9960768119,19.0,2865.0,20.0,1.0,0.004334930412959161,0.00022815423226100844,0.006631762652705061,5.0,3.0,1.0,1.3883,487.0,0.0,0.972621492128679,0.004791238877481177,BENIGN
51.553,57029.0,213672.0,42643500.0,199.57458160170728,4144.705448761469,827177.8557988866,91389.0,57332.0,7476.0,0.0,0.4277069527125688,0.0,1.5940312565408499,3.0,1.0,1.0,0.3237,3.75,0.0,0.9224465535961661,0.0,DOS_DDOS
5.096,49203.0,70613.0,4168306.0,59.03029187260136,13856.554160125588,817956.4364207222,50540.0,4402.0,0.0,2822.0,0.7157322306090946,0.03996431252035744,11.481144934120854,2.0,1.0,1.0,0.0023,1.44,0.0,1.0,0.0,SYN_FLOOD
4.383,6.0,485.0,79416.0,163.7443298969072,110.65480264658909,18119.096509240248,11.0,277.0,11.0,0.0,0.02268041237113402,0.0,0.039711191335740074,2.0,3.0,1.0,0.1303,80.83,0.0,0.9731958762886598,0.016494845360824743,BENIGN
47.431,7.0,69227.0,54758735.0,791.0025712511015,1459.5306866817061,1154492.5259851152,13.0,58356.0,11.0,0.0,0.00018778800179120863,0.0,0.00022277058057440537,6.0,1.0,2.0,5.334,9889.57,0.0,0.8576422494113568,0.01466190937062129,BENIGN
5.132,78958.0,83042.0,4991068.0,60.10293586377978,16181.215900233829,972538.5814497273,41934.0,7547.0,0.0,2903.0,0.5049733869608151,0.03495821391584981,5.556380018550417,2.0,1.0,1.0,0.0028,1.05,0.0,1.0,0.0,SYN_FLOOD
47.478,2675.0,288049.0,196579918.0,682.4530479189305,6066.999452377943,4140442.267997809,27603.0,67451.0,2881.0,60036.0,0.09582744602480828,0.20842287249738758,0.4092304042934871,1.0,1.0,1.0,2.6252,107.68,0.0,0.9693420216699242,0.0,DOS_DDOS
17.232,1185.0,2521.0,160649.0,63.72431574771916,146.29758588672237,9322.71355617456,2207.0,261.0,0.0,369.0,0.875446251487505,0.14637048790162635,8.455938697318008,1016.0,1.0,1.0,0.0282,2.13,0.04219409282700422,0.9944466481554939,0.0,PORT_SCAN
58.661,13395.0,553797.0,620118545.0,1119.7578625380781,9440.633470278379,10571223.555684356,244837.0,80839.0,5223.0,118391.0,0.4421060424668245,0.21378050079722352,3.0286990190378407,1.0,1.0,25.0,3.081,41.34,0.0,0.983493951754885,0.0,DOS_DDOS
6.95,514.0,1013.0,81811.0,80.76110562685093,145.75539568345323,11771.36690647482,847.0,114.0,0.0,163.0,0.8361303060217177,0.16090819348469892,7.4298245614035086,432.0,1.0,1.0,0.0494,1.97,0.054474708171206226,0.9930898321816387,0.0,PORT_SCAN
29.566,44650.0,229089.0,59460597.0,259.55238793656616,7748.39342487993,2011114.0160995738,47164.0,49475.0,1616.0,81314.0,0.20587631881059326,0.35494502136724154,0.9532895401718039,3.0,1.0,1.0,3.2129,5.13,0.0,0.9870225109018765,0.0,DOS_DDOS
21.607,377023.0,455796.0,23569204.0,51.709984291218,21094.83037904383,1090813.3475262646,362752.0,73580.0,0.0,23344.0,0.7958648167162502,0.05121589483014331,4.930035335689046,3.0,1.0,75.0,0.0013,1.21,0.0,1.0,0.0,SYN_FLOOD
57.708,193.0,2182.0,349715.0,160.27268560953254,37.8110487280793,6060.0783253621685,600.0,1029.0,316.0,521.0,0.27497708524289644,0.2387717690192484,0.5830903790087464,3.0,1.0,1.0,1.0066,11.31,0.9430051813471503,1.0,0.0,BRUTE_FORCE
78.47,441.0,6698.0,1087683.0,162.38922066288444,85.35746145023576,13861.131642665987,1995.0,2233.0,819.0,1561.0,0.2978501045088086,0.23305464317706778,0.8934169278996865,2.0,1.0,1.0,2.064,15.19,0.9931972789115646,1.0,0.0,BRUTE_FORCE
28.051,791972.0,959341.0,71051199.0,74.06250644973998,34199.88592207052,2532929.271683719,584171.0,102841.0,0.0,43066.0,0.6089294630376477,0.044891232627397346,5.6803317742923545,2.0,1.0,193.0,0.0018,1.21,0.0,1.0,0.0,SYN_FLOOD
280.63,2.0,6.0,389.0,64.83333333333333,0.021380465381463137,1.3861668388981934,2.0,3.0,2.0,0.0,0.3333333333333333,0.0,0.6666666666666666,2.0,1.0,1.0,224.5042,3.0,0.0,1.0,0.0,ANOMALY
10.723,10.0,664.0,321714.0,484.5090361445783,61.92296931828779,30002.238179613913,18.0,472.0,23.0,0.0,0.02710843373493976,0.0,0.038135593220338986,6.0,2.0,1.0,1.0321,66.4,0.0,0.9698795180722891,0.004518072289156626,BENIGN
5.658,24633.0,32568.0,2060629.0,63.27158560550233,5756.09756097561,364197.41958289145,16801.0,690.0,0.0,1494.0,0.5158744780152297,0.04587324981577008,24.349275362318842,3.0,1.0,145.0,0.0044,1.32,0.0,1.0,0.0,SYN_FLOOD
18.022,6.0,7977.0,5798203.0,726.865112197568,442.62567972478087,321729.16435467766,13.0,4687.0,14.0,3.0,0.001629685345367933,0.000376081233546446,0.002773629187113292,1.0,3.0,1.0,2.6951,1329.5,0.0,0.8736367055283941,0.010655634950482638,BENIGN
22.361,626.0,1330.0,109183.0,82.09248120300752,59.47855641518716,4882.742274495774,770.0,194.0,0.0,253.0,0.5789473684210527,0.19022556390977444,3.9690721649484537,578.0,1.0,1.0,0.0464,2.12,0.05910543130990415,0.9721804511278196,0.0,PORT_SCAN
10.198,61160.0,90377.0,6622629.0,73.27781404560895,8862.227887821142,649404.6871935674,47277.0,5856.0,0.0,1493.0,0.523108755546212,0.016519689744072055,8.073258196721312,3.0,1.0,1.0,0.008,1.48,0.0,1.0,0.0,SYN_FLOOD
32.696,669.0,1619.0,109407.0,67.57689932056826,49.51676045999511,3346.1891362857846,1245.0,175.0,0.0,325.0,0.76899320568252,0.20074119827053738,7.114285714285714,581.0,1.0,1.0,0.0199,2.42,0.052316890881913304,0.958616429894997,0.0,PORT_SCAN
12.116,183736.0,205804.0,14293457.0,69.45179393986511,16986.134037636184,1179717.4810168373,129232.0,38544.0,0.0,3357.0,0.6279372606946415,0.01631163631416299,3.352843503528435,3.0,1.0,1.0,0.0058,1.12,0.0,1.0,0.0,SYN_FLOOD
18.834,33.0,108056.0,10875166.0,100.64379580958021,5737.283635977487,577422.0027609642,3221.0,0.0,0.0,610.0,0.029808617753757313,0.005645220996520323,3221.0,2.0,2.0,1.0,0.0603,3274.42,0.0,0.23056563263493005,0.76942511290442,ANOMALY
87.178,146.0,1910.0,299780.0,156.95287958115182,21.909197274541743,3438.71160155085,432.0,1027.0,194.0,489.0,0.2261780104712042,0.256020942408377,0.4206426484907498,1.0,1.0,1.0,1.6325,13.08,0.9657534246575342,1.0,0.0,BRUTE_FORCE
5.81,872.0,1307.0,116358.0,89.02677888293803,224.9569707401033,20027.194492254734,657.0,157.0,0.0,176.0,0.5026778882938026,0.13465952563121653,4.1847133757961785,696.0,1.0,1.0,0.0171,1.5,0.11238532110091744,0.9839326702371843,0.0,PORT_SCAN
26.57,189931.0,230622.0,12280365.0,53.24888779041028,8679.789235980428,462189.12307113287,124514.0,62173.0,0.0,7752.0,0.5399051261371421,0.03361344537815126,2.0027021375838387,2.0,1.0,1.0,0.0057,1.21,0.0,1.0,0.0,SYN_FLOOD
17.901,221.0,3692.0,379100.0,102.68147345612134,206.24546114742193,21177.58784425451,565.0,2150.0,101.0,403.0,0.15303358613217768,0.10915492957746478,0.2627906976744186,3.0,1.0,1.0,1.5099,16.71,0.9411764705882353,1.0,0.0,BRUTE_FORCE
29.492,5760.0,157929.0,146568757.0,928.067403706729,5354.977621049776,4969780.177675301,40943.0,28441.0,3879.0,33467.0,0.2592494095447955,0.2119116818317092,1.4395766674870785,3.0,1.0,1.0,0.2647,27.42,0.0,0.9095289655478095,0.0,DOS_DDOS
54.971,4999.0,170499.0,78694580.0,461.5544959207972,3101.6172163504393,1431565.3708318933,27228.0,11827.0,1735.0,0.0,0.15969595129590203,0.0,2.302189904455906,1.0,1.0,1.0,1.7175,34.11,0.0,0.9775482554149878,0.0,DOS_DDOS
5.713,7.0,689.0,397101.0,576.343976777939,120.60213548048311,69508.31437073341,16.0,434.0,14.0,0.0,0.023222060957910014,0.0,0.03686635944700461,1.0,1.0,2.0,0.2481,98.43,0.0,0.8925979680696662,0.011611030478955007,BENIGN
17.801,1098.0,1420.0,69819.0,49.16830985915493,79.77079939329252,3922.1953822818946,882.0,130.0,0.0,558.0,0.6211267605633802,0.3929577464788732,6.7846153846153845,919.0,1.0,1.0,0.0235,1.29,0.07923497267759563,0.9915492957746479,0.0,PORT_SCAN
85.852,116.0,2031.0,501889.0,247.11422944362383,23.65699110096445,5845.979126869496,660.0,1212.0,92.0,702.0,0.3249630723781389,0.345642540620384,0.5445544554455446,3.0,1.0,1.0,2.1662,17.51,0.9137931034482759,1.0,0.0,BRUTE_FORCE
3.223,5.0,1508.0,665532.0,441.3342175066313,467.887061743717,206494.57027614026,11.0,834.0,7.0,0.0,0.007294429708222812,0.0,0.013189448441247002,6.0,3.0,1.0,0.4959,301.6,0.0,0.8952254641909815,0.014588859416445624,BENIGN
24.182,333.0,389.0,30469.0,78.32647814910025,16.08634521544951,1259.9867670167894,14.0,89.0,200.0,0.0,0.03598971722365039,0.0,0.15730337078651685,333.0,1.0,1.0,0.0087,1.17,0.0,1.0,0.0,ANOMALY
5.085,522.0,524.0,46807.0,89.32633587786259,103.04818092428712,9204.916420845624,10.0,83.0,283.0,0.0,0.019083969465648856,0.0,0.12048192771084337,522.0,1.0,1.0,0.0117,1.0,0.0,1.0,0.0,ANOMALY
73.791,471.0,4947.0,840984.0,169.99878714372346,67.04069601983981,11396.837012643819,1138.0,2924.0,172.0,760.0,0.23003840711542348,0.15362846169395594,0.38919288645690836,2.0,1.0,1.0,2.1392,10.5,0.9554140127388535,1.0,0.0,BRUTE_FORCE
14.628,47.0,5381.0,30732270.0,5711.256272068389,367.8561662564944,2100920.8367514354,1870.0,1145.0,0.0,0.0,0.34751904850399556,0.0,1.6331877729257642,1.0,1.0,1.0,0.2115,114.49,1.0,1.0,0.0,ANOMALY
29.951,541.0,618.0,49392.0,79.92233009708738,20.63370171279757,1649.0935194150445,27.0,126.0,365.0,0.0,0.043689320388349516,0.0,0.21428571428571427,541.0,1.0,1.0,0.0078,1.14,0.0,1.0,0.0,ANOMALY
24.917,96.0,5606.0,47869180.0,8538.919015340707,224.9869566962315,1921145.402737087,2762.0,2139.0,0.0,0.0,0.49268640742062075,0.0,1.2912575970079476,1.0,1.0,1.0,0.2194,58.4,1.0,1.0,0.0,ANOMALY
9.257,358.0,374.0,27102.0,72.46524064171123,40.401858053365025,2927.730366209355,2.0,133.0,228.0,0.0,0.0053475935828877,0.0,0.015037593984962405,358.0,1.0,1.0,0.011,1.04,0.0,1.0,0.0,ANOMALY
28.542,1023.0,1295.0,74822.0,57.77760617760618,45.37173288487141,2621.470114217644,1111.0,181.0,0.0,597.0,0.857915057915058,0.461003861003861,6.138121546961326,853.0,1.0,1.0,0.0168,1.27,0.11632453567937438,0.9745173745173745,0.0,PORT_SCAN
19.752,1094.0,108693.0,53003695.0,487.6458925597785,5502.885783718105,2683459.6496557314,31199.0,25215.0,4023.0,0.0,0.28703780372241083,0.0,1.2373190561173903,5.0,1.0,1.0,1.4689,99.35,0.0,0.9125794669389933,0.0,DOS_DDOS
55.818,218.0,1656.0,396697.0,239.55132850241546,29.667849080941632,7106.972661148734,399.0,698.0,166.0,620.0,0.24094202898550723,0.3743961352657005,0.5716332378223495,1.0,1.0,1.0,0.9878,7.6,0.8623853211009175,1.0,0.0,BRUTE_FORCE
19.966,32806.0,53739.0,5566127.0,103.57704832616908,2691.525593508965,278780.276469999,8797.0,6015.0,811.0,7006.0,0.16369861739146616,0.1303708665959545,1.4625103906899417,4.0,1.0,31.0,1.8484,1.64,0.0,0.9829174342656172,0.0,DOS_DDOS
24.446,644403.0,751854.0,39287327.0,52.25393094935985,30755.706455043768,1607106.561400638,381016.0,115537.0,0.0,23416.0,0.5067686013507942,0.03114434451369548,3.2977833940642394,2.0,1.0,139.0,0.0067,1.17,0.0,1.0,0.0,SYN_FLOOD
41.768,217.0,2644.0,616906.0,233.3229954614221,63.302049415820726,14769.823788546255,753.0,1194.0,223.0,721.0,0.28479576399394857,0.2726928895612708,0.6306532663316583,2.0,1.0,1.0,0.6796,12.18,0.8663594470046083,1.0,0.0,BRUTE_FORCE
263.145,1.0,8.0,423.0,52.875,0.03040148967299398,1.6074787664595567,1.0,4.0,1.0,0.0,0.125,0.0,0.25,1.0,1.0,1.0,210.5164,8.0,0.0,1.0,0.0,ANOMALY
34.17,1171.0,2827.6894110677713,223872.0,79.17135422431812,82.75356778073665,6551.712028094819,2392.0,434.0,0.0,881.0,0.8459203442349599,0.3115617990263376,5.511520737327189,1030.0,1.0,1.0,0.0496,2.41,0.0623398804440649,0.9580260085838237,0.0,PORT_SCAN
3.44,13.0,1347.0,512629.0,380.57089829250185,391.56976744186045,149020.0581395349,28.0,881.0,15.0,0.0,0.020786933927245732,0.0,0.03178206583427923,4.0,1.0,1.0,0.9905,103.62,0.0,0.8426132145508537,0.013363028953229399,BENIGN
7.282,719.0,1279.0,100349.0,78.45895230648945,175.63856083493545,13780.417467728646,943.0,122.0,0.0,258.0,0.7372947615324472,0.20172009382329945,7.729508196721311,621.0,1.0,1.0,0.016,1.78,0.0917941585535466,0.982017200938233,0.0,PORT_SCAN
28.624,360581.0,457822.0,34540799.0,75.4459134772903,15994.340413638905,1206707.6229737285,364573.0,48192.0,0.0,26024.0,0.7963204039998077,0.05684305254007016,7.565010790172643,3.0,1.0,1.0,0.0017,1.27,0.0,1.0,0.0,SYN_FLOOD
23.973,280364.0,398108.0,29460400.0,74.00102484752881,16606.51566345472,1228899.178242189,352948.0,37181.0,0.0,5829.0,0.8865634450953007,0.014641755503531705,9.492697883327507,2.0,1.0,1.0,0.0067,1.42,0.0,1.0,0.0,SYN_FLOOD
5.001,41.0,16959.0,1463017.0,86.2678813609293,3391.121775644871,292544.8910217956,836.0,0.0,0.0,797.0,0.04929535939619081,0.04699569550091397,836.0,4.0,3.0,1.0,0.1898,413.63,0.0,0.5325196061088507,0.46742142815024473,ANOMALY
14.746,52116.0,76311.0,5717324.0,74.92136127163843,5175.030516750305,387720.3309372033,60303.0,7265.0,0.0,2213.0,0.7902268349255023,0.028999751018857045,8.300481761871989,2.0,1.0,1.0,0.0086,1.46,0.0,1.0,0.0,SYN_FLOOD
208.37,1.0,13.0,790.0,60.76923076923077,0.06238901953256227,3.7913327254403226,1.0,6.0,1.0,0.0,0.07692307692307693,0.0,0.16666666666666666,1.0,1.0,1.0,166.6956,13.0,0.0,1.0,0.0,ANOMALY
15.603,547.0,763.0,51829.0,67.92791612057667,48.90085240017945,3321.7330000640904,455.0,100.0,0.0,237.0,0.5963302752293578,0.3106159895150721,4.55,527.0,1.0,1.0,0.0198,1.39,0.06946983546617916,0.9698558322411533,0.0,PORT_SCAN
35.498,386.0,633.0,31990.0,50.53712480252764,17.83199053467801,901.1775311285144,352.0,116.0,0.0,285.0,0.5560821484992101,0.45023696682464454,3.0344827586206895,368.0,1.0,1.0,0.0451,1.64,0.06476683937823834,0.9889415481832543,0.0,PORT_SCAN
45.584,6672.0,466241.0,480372694.0,1030.3098483402362,10228.172165672166,10538186.512811512,229564.0,110560.0,14203.0,0.0,0.49237197071900585,0.0,2.0763748191027496,5.0,1.0,50.0,2.8644,69.88,0.0,0.9467550043861437,0.0,DOS_DDOS
26.426,5.0,7060.0,3430831.0,485.95339943342776,267.1611291909483,129827.85892681452,10.0,6116.0,11.0,0.0,0.00141643059490085,0.0,0.0016350555918901242,2.0,3.0,1.0,1.6924,1412.0,0.0,0.9474504249291785,0.0033994334277620396,BENIGN
110.842,3.0,19.0,1508.0,79.36842105263158,0.17141516753577163,13.604951191786506,3.0,9.0,3.0,0.0,0.15789473684210525,0.0,0.3333333333333333,3.0,1.0,1.0,88.6739,6.33,0.0,1.0,0.0,ANOMALY
23.102,158931.0,230236.0,17886008.0,77.68554005455272,9966.06354428188,774219.0286555276,161278.0,65841.0,0.0,9679.0,0.7004899320697023,0.04203947254121858,2.44950714600325,3.0,1.0,1.0,0.006,1.45,0.0,1.0,0.0,SYN_FLOOD
4.043,97.0,200.0,11288.0,56.44,49.46821667078902,2791.986148899332,131.0,15.0,0.0,20.0,0.655,0.1,8.733333333333333,90.0,1.0,1.0,0.0284,2.06,0.07216494845360824,0.955,0.0,PORT_SCAN
4.207,585.0,1121.0,90318.0,80.56913470115968,266.46066080342285,21468.504872830996,751.0,262.0,0.0,289.0,0.6699375557537912,0.25780553077609275,2.866412213740458,453.0,1.0,1.0,0.0366,1.92,0.06666666666666667,0.9884032114183765,0.0,PORT_SCAN
6.943,47.0,9062.0,773003.0,85.30158905318915,1305.1994814921504,111335.58980267897,68.0,0.0,0.0,97.0,0.007503862282056941,0.010704038843522402,68.0,3.0,2.0,1.0,0.4204,192.81,0.0,0.12955197528139484,0.8703376738026926,ANOMALY
5.342,99850.0,135208.50177079588,10112164.0,74.78940944957766,25310.464577086463,1892954.6986147512,105354.0,29853.0,0.0,7650.0,0.7791965639749123,0.05657928236619473,3.5290925535122097,2.0,1.0,38.0,0.0031,1.35,0.0,0.9999962889109094,0.0,SYN_FLOOD
31.357,111.0,6761.0,30804213.0,4556.162254104423,215.61373855917338,982371.1770896451,2325.0,3303.0,0.0,0.0,0.34388404082236357,0.0,0.703905540417802,1.0,1.0,1.0,0.3395,60.91,1.0,1.0,0.0,ANOMALY
17.004,291055.0,392006.0,18189159.0,46.40020560909782,23053.752058339214,1069698.8355681016,230365.0,46984.0,0.0,8892.0,0.5876568215792616,0.02268332627561823,4.903052102843521,2.0,1.0,23.0,0.0014,1.35,0.0,1.0,0.0,SYN_FLOOD
25.507,58.0,44587.0,6002422.0,134.62269271312266,1748.0299525620417,235324.4991570941,200.0,0.0,0.0,2137.0,0.004485612398232669,0.04792876847511607,200.0,1.0,2.0,1.0,0.1776,768.74,0.0,0.32480319375602756,0.6751743781819813,ANOMALY
18.233,306252.0,337024.0,18025163.0,53.48332166255222,18484.286732847035,988601.0530357044,267136.0,61473.0,0.0,4212.0,0.7926319787314849,0.012497626281807823,4.345582613505116,2.0,1.0,1.0,0.0019,1.1,0.0,1.0,0.0,SYN_FLOOD
55.831,90.0,10181.0,80427826.0,7899.796287201651,182.35388941627411,1440558.5785674625,4326.0,3727.0,0.0,0.0,0.4249091444848247,0.0,1.1607190770056346,1.0,1.0,1.0,0.0589,113.12,1.0,1.0,0.0,ANOMALY
20.848,1806.0,114494.0,110172877.0,962.2589568012297,5491.845740598619,5284577.753261704,54964.0,8254.0,584.0,0.0,0.4800600904850909,0.0,6.65907438817543,1.0,1.0,1.0,2.564,63.4,0.0,0.9864185022795955,0.0,DOS_DDOS
52.444,263.0,1276.0,212834.0,166.79780564263322,24.330714667073448,4058.309816184883,410.0,613.0,54.0,347.0,0.3213166144200627,0.2719435736677116,0.6688417618270799,2.0,1.0,1.0,1.3791,4.85,0.9049429657794676,1.0,0.0,BRUTE_FORCE
30.628,1428.0,2652.0,169742.0,64.0052790346908,86.5874363327674,5542.0530233773015,1665.0,591.0,0.0,1038.0,0.6278280542986425,0.3914027149321267,2.817258883248731,1195.0,1.0,1.0,0.0397,1.86,0.025210084033613446,0.9905731523378583,0.0,PORT_SCAN
13.741,3976.0,194609.0,231306627.0,1188.571068141761,14162.651917618805,16833318.317444146,54051.0,41676.0,5690.0,0.0,0.27774152274560787,0.0,1.2969334868989346,1.0,1.0,20.0,2.5956,48.95,0.0,0.9450847596976502,0.0,DOS_DDOS
63.14,458.0,3074.0,644461.0,209.64899154196488,48.68546088058283,10206.857776369972,766.0,1151.0,216.0,409.0,0.24918672739102146,0.13305139882888745,0.6655082536924414,3.0,1.0,1.0,0.603,6.71,0.9323144104803494,1.0,0.0,BRUTE_FORCE
16.162,5.0,7093.0,5416032.0,763.5742281122233,438.8689518623933,335109.02116074745,11.0,6029.0,5.0,0.0,0.0015508247568024813,0.0,0.0018245148449162383,3.0,2.0,1.0,2.0508,1418.6,0.0,0.9677146482447484,0.01113774143521782,BENIGN
24.423,502272.0,624697.0,45969925.0,73.58755524678364,25578.225443229745,1882239.0779183558,445132.0,78361.0,0.0,9467.0,0.7125566474626899,0.015154546924348925,5.680529855412769,3.0,1.0,1.0,0.0069,1.24,0.0,1.0,0.0,SYN_FLOOD
39.004,144.0,2689.0,21763696.0,8093.602082558572,68.94164701056302,557986.2578197109,948.0,1066.0,0.0,0.0,0.352547415396058,0.0,0.8893058161350844,1.0,1.0,1.0,0.4284,18.67,1.0,1.0,0.0,ANOMALY
74.371,136.0,2240.0,444263.0,198.33169642857143,30.119266918556967,5973.605303142354,753.0,757.0,152.0,764.0,0.3361607142857143,0.3410714285714286,0.9947159841479525,2.0,1.0,1.0,2.1615,16.47,0.9632352941176471,1.0,0.0,BRUTE_FORCE
38.776,198.0,474.0,38492.0,81.20675105485232,12.224056117185887,992.675881988859,283.0,30.0,0.0,112.0,0.5970464135021097,0.23628691983122363,9.433333333333334,194.0,1.0,1.0,0.034,2.39,0.04040404040404041,0.9852320675105485,0.0,PORT_SCAN
12.537,5.0,68648.0,6127043.0,89.25304451695607,5475.63212889846,488716.83815904916,385.0,0.0,0.0,775.0,0.005608320708542128,0.011289476750961426,385.0,1.0,3.0,1.0,0.2413,13729.6,0.0,0.47134657965272114,0.5286388532805034,ANOMALY
186.293,2.0,14.0,760.0,54.285714285714285,0.07515043506734015,4.079595046512751,2.0,7.0,2.0,0.0,0.14285714285714285,0.0,0.2857142857142857,2.0,1.0,1.0,149.0341,7.0,0.0,1.0,0.0,ANOMALY
36.53,340.0,793.0,38707.0,48.810844892812106,21.70818505338078,1059.5948535450314,426.0,141.0,0.0,240.0,0.5372005044136192,0.3026481715006305,3.021276595744681,319.0,1.0,1.0,0.008,2.33,0.047058823529411764,0.987389659520807,0.0,PORT_SCAN
13.883,43.0,51096.0,4940427.0,96.6891146077971,3680.472520348628,355861.6293308363,39.0,0.0,0.0,2198.0,0.0007632691404415218,0.04301706591514013,39.0,2.0,3.0,1.0,0.4272,1188.28,0.0,0.22489040237983404,0.7750900266165649,ANOMALY
87.09,299.0,2450.0,334942.0,136.71102040816328,28.131817659892064,3845.929498220232,327.0,1297.0,238.0,336.0,0.13346938775510203,0.13714285714285715,0.25212027756360833,2.0,1.0,1.0,0.5687,8.19,0.9230769230769231,1.0,0.0,BRUTE_FORCE
21.642,1316.0,2044.0,112879.0,55.224559686888455,94.44598465945846,5215.737917013215,1173.0,463.0,0.0,581.0,0.5738747553816047,0.2842465753424658,2.533477321814255,1195.0,1.0,1.0,0.0361,1.55,0.08282674772036475,0.9853228962818004,0.0,PORT_SCAN
15.611,5.0,64652.0,6044496.0,93.49279217966962,4141.4387291012745,387194.67042470054,19.0,0.0,0.0,3152.0,0.0002938810864319743,0.04875332549650436,19.0,1.0,1.0,1.0,0.0313,12930.4,0.0,0.4668997092123987,0.5330848233619996,ANOMALY
24.38,1429.0,3020.0,181956.0,60.25033112582781,123.87202625102543,7463.330598851518,1373.0,699.0,0.0,802.0,0.454635761589404,0.26556291390728476,1.9642346208869814,1185.0,1.0,1.0,0.0215,2.11,0.08817354793561931,0.9685430463576159,0.0,PORT_SCAN
16.823,662.0,923.0,74800.0,81.04008667388949,54.86536289603519,4446.293764489093,473.0,105.0,0.0,453.0,0.5124593716143012,0.49079089924160346,4.504761904761905,585.0,1.0,1.0,0.0069,1.39,0.028700906344410877,0.9739978331527628,0.0,PORT_SCAN
21.86,248507.0,321397.0,21076127.0,65.5766139696388,14702.516010978958,964141.2168344008,222770.0,45402.0,0.0,10090.0,0.6931303030208745,0.03139419471868126,4.906612043522312,3.0,1.0,1.0,0.006,1.29,0.0,1.0,0.0,SYN_FLOOD
44.433,8880.0,679405.0,438790938.0,645.8459063445221,15290.549816577768,9875339.004793735,184049.0,165082.0,20501.0,0.0,0.2708973292807677,0.0,1.1148944161083583,2.0,1.0,33.0,0.7513,76.51,0.0,0.9563058852966935,0.0,DOS_DDOS
33.38,352.0,414.0,25831.0,62.393719806763286,12.402636309167166,773.8466147393648,191.0,39.0,0.0,131.0,0.4613526570048309,0.3164251207729469,4.897435897435898,336.0,1.0,1.0,0.0486,1.18,0.09659090909090909,0.9516908212560387,0.0,PORT_SCAN
13.892,133992.0,145745.0,8287786.0,56.86497650005146,10491.289951050965,596586.9565217391,119107.0,17027.0,0.0,2931.0,0.8172287213969605,0.020110466911386325,6.995184119339872,1.0,1.0,1.0,0.0052,1.09,0.0,1.0,0.0,SYN_FLOOD
28.101,1210.0,1664.0,137228.0,82.46875,59.21497455606562,4883.384932920537,1485.0,88.0,0.0,261.0,0.8924278846153846,0.15685096153846154,16.875,1106.0,1.0,1.0,0.0086,1.38,0.047933884297520664,0.9627403846153846,0.0,PORT_SCAN
81.913,201.0,1524.0,219481.0,144.01640419947506,18.605105416722623,2679.440381868568,249.0,599.0,172.0,153.0,0.16338582677165353,0.10039370078740158,0.41569282136894825,2.0,1.0,1.0,1.6965,7.58,0.8805970149253731,1.0,0.0,BRUTE_FORCE
28.935,18919.0,470403.0,212270060.0,451.25150137222766,16257.23172628305,7336100.224641438,189960.0,33399.0,13944.0,0.0,0.4038239552043673,0.0,5.687595436989131,4.0,1.0,1.0,0.874,24.86,0.0,0.9922534507645572,0.0,DOS_DDOS
78.293,4.0,12.0,859.0,71.58333333333333,0.15327040731610744,10.97160665704469,4.0,6.0,4.0,0.0,0.3333333333333333,0.0,0.6666666666666666,4.0,1.0,1.0,62.6345,3.0,0.0,1.0,0.0,ANOMALY
11.27,445.0,692.0,32400.0,46.820809248554916,61.401952085181904,2874.8890860692104,368.0,50.0,0.0,329.0,0.5317919075144508,0.4754335260115607,7.36,429.0,1.0,1.0,0.0277,1.56,0.08764044943820225,0.9523121387283237,0.0,PORT_SCAN
9.656,627.0,840.0,58103.0,69.17023809523809,86.99254349627174,6017.294946147473,561.0,205.0,0.0,371.0,0.6678571428571428,0.44166666666666665,2.7365853658536587,510.0,1.0,1.0,0.0274,1.34,0.03668261562998405,0.9714285714285714,0.0,PORT_SCAN
26.928,3.0,21634.0,16415008.0,758.7597300545438,803.4016636957813,609588.8294711824,7.0,16633.0,5.0,0.0,0.0003235647591753721,0.0,0.00042085011723681835,2.0,1.0,2.0,5.748,7211.33,0.0,0.8789867800684108,0.015993343810668394,BENIGN
14.487,9.0,2751.0,1892477.0,687.9233006179571,189.8943880720646,130632.77421136192,17.0,1877.0,14.0,0.0,0.0061795710650672485,0.0,0.009057005860415556,6.0,2.0,1.0,2.3427,305.67,0.0,0.9396583060705198,0.0061795710650672485,BENIGN
5.721,11.0,1756.0,456639.0,260.04498861047836,306.93934626813495,79818.03880440482,26.0,1582.0,11.0,0.0,0.014806378132118452,0.0,0.01643489254108723,2.0,2.0,1.0,1.2381,159.64,0.0,0.8530751708428246,0.01082004555808656,BENIGN
21.065,363.0,397.0,32323.0,81.41813602015114,18.846427723712317,1534.4410159031568,10.0,86.0,293.0,0.0,0.02518891687657431,0.0,0.11627906976744186,363.0,1.0,1.0,0.0104,1.09,0.0,1.0,0.0,ANOMALY
15.706,1059.0,1792.0,148393.0,82.80859375,114.09652362154591,9448.172672863873,840.0,405.0,0.0,703.0,0.46875,0.39229910714285715,2.074074074074074,1045.0,1.0,1.0,0.0233,1.69,0.04154863078375826,0.9642857142857143,0.0,PORT_SCAN
16.097,210724.0,302282.0,20023629.0,66.24155258996566,18778.77865440765,1243935.453811269,211997.0,19221.0,0.0,5328.0,0.7013219444095249,0.017625925460331742,11.0294469590552,1.0,1.0,1.0,0.0089,1.43,0.0,1.0,0.0,SYN_FLOOD
68.183,299.0,2393.0,289471.0,120.9657333890514,35.09672499010017,4245.501077981315,601.0,1419.0,260.0,281.0,0.2511491851232762,0.11742582532386127,0.42353770260747003,1.0,1.0,1.0,2.4468,8.0,0.8528428093645485,1.0,0.0,BRUTE_FORCE
51.414,4947.0,236311.0,236224121.0,999.6323531278696,4596.238378651729,4594548.585988252,24247.0,12065.0,5957.0,0.0,0.10260631117468082,0.0,2.009697472026523,2.0,1.0,5.0,1.6286,47.77,0.0,0.9833482148524614,0.0,DOS_DDOS
13.986,403.0,955.0,74171.0,77.66596858638744,68.28256828256828,5303.231803231803,476.0,233.0,0.0,425.0,0.49842931937172774,0.44502617801047123,2.0429184549356223,352.0,1.0,1.0,0.0471,2.37,0.06699751861042183,0.9570680628272251,0.0,PORT_SCAN
17.547,311626.0,333640.0,24085011.0,72.18861947008752,19014.076480310025,1372599.9316122413,239068.0,7568.0,0.0,12198.0,0.7165447788035008,0.036560364464692484,31.589323467230443,2.0,1.0,1.0,0.0047,1.07,0.0,1.0,0.0,SYN_FLOOD
6.379,26701.0,29593.0,1491060.0,50.385564153684996,4639.128390029786,233745.10111302714,24786.0,3108.0,0.0,1433.0,0.8375629371810901,0.048423613692427266,7.974903474903475,1.0,1.0,1.0,0.0035,1.11,0.0,1.0,0.0,SYN_FLOOD
47.657,2.0,23492.0,20390349.0,867.969904648391,492.9391275153703,427856.32750697696,5.0,20446.0,3.0,0.0,0.0002128384130767921,0.0,0.0002445466105839773,6.0,1.0,1.0,1.687,11746.0,0.0,0.9180146432828197,0.0018729780350757704,BENIGN
14.183,99320.0,139301.0,10657536.0,76.5072468970072,9821.687936261722,751430.3038849327,97656.0,28339.0,0.0,5236.0,0.7010430650174801,0.037587669865973686,3.4459931543103144,2.0,1.0,1.0,0.0089,1.4,0.0,1.0,0.0,SYN_FLOOD
81.894,354.0,4559.0,754147.0,165.41939021715288,55.669524018853636,9208.818716877915,1396.0,1856.0,212.0,1206.0,0.30620750164509764,0.26453169554726913,0.7521551724137931,3.0,1.0,1.0,0.8877,12.88,0.9180790960451978,1.0,0.0,BRUTE_FORCE
13.103,767.0,1238.0,90278.0,72.92245557350566,94.48217965351446,6889.872548271388,1051.0,122.0,0.0,141.0,0.8489499192245558,0.11389337641357028,8.614754098360656,622.0,1.0,1.0,0.0264,1.61,0.1121251629726206,0.9709208400646203,0.0,PORT_SCAN
8.365,27.0,24637.0,2139285.0,86.83220359621707,2945.2480573819485,255742.37895995218,753.0,0.0,0.0,9.0,0.030563786175264847,0.00036530421723424117,753.0,1.0,3.0,1.0,0.4239,912.48,0.0,0.32154888988107316,0.6784105207614564,ANOMALY
24.925,210883.0,245616.0,16814731.0,68.45942853885741,9854.20260782347,674613.0792377131,192853.0,22238.0,0.0,3128.0,0.7851809328382516,0.01273532668881506,8.672227718319993,2.0,1.0,1.0,0.0038,1.16,0.0,1.0,0.0,SYN_FLOOD
44.712,127098.0,214048.0,39601491.0,185.01219819853492,4787.2606906423325,885701.6237251743,42908.0,18043.0,24.0,0.0,0.20045970997159515,0.0,2.378096768830017,3.0,1.0,1.0,2.1945,1.68,0.0,0.9482779563462401,0.0,DOS_DDOS
40.369,67.0,7118.0,40135000.0,5638.522056757516,176.32341648294482,994203.4729619263,2681.0,2922.0,0.0,0.0,0.3766507445911773,0.0,0.9175222450376455,1.0,1.0,1.0,0.1394,106.24,1.0,1.0,0.0,ANOMALY
18.021,101866.0,218891.0,21285126.0,97.24075453079386,12146.440264136285,1181129.0161478275,33112.0,27678.0,2284.0,0.0,0.15127163748166897,0.0,1.1963292145386228,3.0,1.0,14.0,0.1247,2.15,0.0,0.9364980743840542,0.0,DOS_DDOS
35.073,6.0,49935.0,35259628.0,706.1105036547511,1423.744760927209,1005321.1302141248,11.0,31575.0,14.0,1.0,0.00022028637228396915,2.0026033843997196e-05,0.0003483768804433888,6.0,3.0,2.0,1.1759,8322.5,0.0,0.8472614398718333,0.0009812756583558627,BENIGN
27.106,319813.0,372804.0,22225533.0,59.61720636044678,13753.56009739541,819948.8305172286,207955.0,97462.0,0.0,27863.0,0.5578132208881879,0.07473900494629886,2.1337033920912765,2.0,1.0,1.0,0.004,1.17,0.0,1.0,0.0,SYN_FLOOD
13.908,94238.0,137878.0,9819703.0,71.22023092879212,9913.57492090883,706047.0951970089,82950.0,29669.0,0.0,155.0,0.6016188224372271,0.0011241822480743846,2.7958475176109743,3.0,1.0,1.0,0.0085,1.46,0.0,1.0,0.0,SYN_FLOOD
32.016,719.0,1858.0,128002.0,68.89235737351991,58.033483258370815,3998.0634682658674,938.0,346.0,0.0,575.0,0.5048439181916039,0.3094725511302476,2.7109826589595376,562.0,1.0,1.0,0.0106,2.58,0.0917941585535466,0.9580193756727664,0.0,PORT_SCAN
39.58,455.0,964.8409599548786,49622.0,51.43023778998832,24.37698231316015,1253.7139969681657,794.0,168.0,0.0,479.0,0.8229335537715272,0.4964548768974327,4.726190476190476,359.0,1.0,1.0,0.0128,2.12,0.1076923076923077,0.9701080684258809,0.0,PORT_SCAN
12.813,370.0,2200.0,443410.0,201.55,171.7006165613049,34606.259267931004,434.0,1007.0,317.0,179.0,0.19727272727272727,0.08136363636363636,0.43098311817279045,3.0,1.0,1.0,0.1013,5.95,0.9621621621621622,1.0,0.0,BRUTE_FORCE
120.512,4.0,8.0,639.0,79.875,0.06638343069569835,5.302376526818906,4.0,3.0,4.0,0.0,0.5,0.0,1.3333333333333333,4.0,1.0,1.0,96.4093,2.0,0.0,1.0,0.0,ANOMALY
36.048,297.0,403.0,21433.0,53.18362282878412,11.17953839325344,594.5683533067022,4.0,117.0,208.0,0.0,0.009925558312655087,0.0,0.03418803418803419,297.0,1.0,1.0,0.0038,1.36,0.0,1.0,0.0,ANOMALY
34.888,336.0,4502.0,388481.0,86.29075966237228,129.04150424214632,11135.08942903004,1403.0,2231.0,343.0,1211.0,0.3116392714349178,0.26899155930697466,0.6288659793814433,3.0,1.0,1.0,0.9552,13.4,0.9047619047619048,1.0,0.0,BRUTE_FORCE
86.94,351.0,5938.0,1268791.0,213.67312226338834,68.29997699562917,14593.869335173684,912.0,2090.0,242.0,767.0,0.15358706635230718,0.12916807005725833,0.43636363636363634,1.0,1.0,1.0,1.0246,16.92,0.9943019943019943,1.0,0.0,BRUTE_FORCE
50.587,130.0,18691.0,100255199.0,5363.822106896368,369.4822780556269,1981837.2111412021,5965.0,4361.0,0.0,0.0,0.31913755283291423,0.0,1.3678055491859664,1.0,1.0,1.0,0.4119,143.78,1.0,1.0,0.0,ANOMALY
16.017,10861.0,52546.0,8791091.0,167.3027632931146,3280.6393207217334,548860.0237247924,17657.0,3640.0,1080.0,12415.0,0.33602938377802305,0.23626917367639783,4.850824175824176,2.0,1.0,1.0,0.252,4.84,0.0,0.9785711567007955,0.0,DOS_DDOS
19.729,5.0,8474.0,4742432.0,559.6450318621667,429.51999594505554,240378.73181610828,12.0,5688.0,6.0,1.0,0.0014160962945480293,0.0001180080245456691,0.002109704641350211,4.0,2.0,2.0,1.9593,1694.8,0.0,0.8729053575643144,0.012508850601840924,BENIGN
17.98,306912.0,374934.0,22612223.0,60.30987587148672,20852.836484983316,1257631.979977753,254148.0,99304.0,0.0,20655.0,0.677847301124998,0.05508969578645841,2.559292677032144,1.0,1.0,1.0,0.005,1.22,0.0,1.0,0.0,SYN_FLOOD
69.326,371.0,3929.0,437837.0,111.43726138966659,56.67426362403717,6315.624729538702,1053.0,2084.0,281.0,943.0,0.2680071264952914,0.24001018070755917,0.505278310940499,1.0,1.0,1.0,0.736,10.59,0.9433962264150944,1.0,0.0,BRUTE_FORCE
7.708,11.0,1101.0,734257.0,666.9000908265214,142.8386092371562,95259.08147379346,26.0,1010.0,27.0,0.0,0.023614895549500452,0.0,0.02574257425742574,3.0,1.0,2.0,1.4429,100.09,0.0,0.818346957311535,0.008174386920980926,BENIGN
19.329,362.0,3960.0,776462.0,196.07626262626263,204.87350613068446,40170.83139324331,1231.0,1883.0,582.0,801.0,0.31085858585858583,0.20227272727272727,0.6537440254912373,2.0,1.0,1.0,0.8795,10.94,0.8729281767955801,1.0,0.0,BRUTE_FORCE
56.592,163.0,18332.0,125558203.0,6849.127372899848,323.9327113372915,2218656.400197908,7248.0,3841.0,0.0,0.0,0.39537420903338427,0.0,1.887008591512627,1.0,1.0,1.0,0.0584,112.47,1.0,1.0,0.0,ANOMALY
17.85,2.0,10971.0,7507289.0,684.2848418558017,614.6218487394957,420576.4145658263,4.0,8781.0,2.0,0.0,0.0003645975754261234,0.0,0.0004555289830315454,6.0,2.0,2.0,5.5622,5485.5,0.0,0.8695652173913043,0.0017318384832740862,BENIGN
231.942,1.0,10.0,772.0,77.2,0.04311422683257021,3.32841831147442,1.0,5.0,1.0,0.0,0.1,0.0,0.2,1.0,1.0,1.0,185.5537,10.0,0.0,1.0,0.0,ANOMALY
41.263,1849.0,211048.0,182273186.0,863.6574902391873,5114.703245037927,4417351.767927684,37075.0,46211.0,3811.0,63596.0,0.17567093741708048,0.30133429362040864,0.8022981541191491,1.0,1.0,25.0,0.4957,114.14,0.0,0.9345551722830825,0.0,DOS_DDOS
6.996,312.0,704.0,62751.0,89.13494318181819,100.62893081761005,8969.554030874786,591.0,37.0,0.0,327.0,0.8394886363636364,0.46448863636363635,15.972972972972974,309.0,1.0,1.0,0.0035,2.26,0.08974358974358974,0.9985795454545454,0.0,PORT_SCAN
20.333,206268.0,249880.0,16574296.0,66.32902193052665,12289.381793144152,815142.6744700733,145466.0,46066.0,0.0,16770.0,0.582143428845846,0.06711221386265408,3.157773629140798,1.0,1.0,1.0,0.0045,1.21,0.0,1.0,0.0,SYN_FLOOD
5.44,7.0,793.0,533460.0,672.7112232030265,145.7720588235294,98062.5,15.0,507.0,14.0,0.0,0.018915510718789406,0.0,0.029585798816568046,6.0,3.0,1.0,0.5635,113.29,0.0,0.8259773013871374,0.011349306431273645,BENIGN
48.267,2467.0,250101.0,234453359.0,937.4347123762,5181.614767853813,4857425.549547309,110372.0,47608.0,5284.0,0.0,0.44130971087680576,0.0,2.318349857166863,4.0,1.0,1.0,0.3874,101.38,0.0,0.9126033082634616,0.0,DOS_DDOS
8.743,66.0,71.0,5376.0,75.71830985915493,8.12078234015784,614.8919135308246,3.0,15.0,52.0,0.0,0.04225352112676056,0.0,0.2,66.0,1.0,1.0,0.027,1.08,0.0,1.0,0.0,ANOMALY
25.626,1192.0,1386.4013226406569,84965.0,61.28456357656129,54.10135497700214,3315.577928666198,1202.0,182.0,0.0,443.0,0.8669928255049335,0.31953229758626084,6.604395604395604,1096.0,1.0,1.0,0.0494,1.16,0.09899328859060402,0.9542691415499392,0.0,PORT_SCAN
59.381,204.0,1389.0,344345.0,247.90856731461483,23.391320456038127,5798.908741853455,183.0,780.0,36.0,217.0,0.13174946004319654,0.156227501799856,0.23461538461538461,3.0,1.0,1.0,1.6899,6.81,0.8725490196078431,1.0,0.0,BRUTE_FORCE
15.783,82.0,1837.0,14935522.0,8130.3875884594445,116.39105366533613,946304.378128366,763.0,645.0,0.0,0.0,0.41535111594991836,0.0,1.1829457364341085,1.0,1.0,1.0,0.4064,22.4,1.0,1.0,0.0,ANOMALY
30.55,686.0,731.0,64283.0,87.93844049247606,23.92798690671031,2104.189852700491,12.0,282.0,438.0,0.0,0.016415868673050615,0.0,0.0425531914893617,686.0,1.0,1.0,0.0146,1.07,0.0,1.0,0.0,ANOMALY
10.728,25.0,77124.0,7851993.0,101.80998132876925,7189.03803131991,731915.8277404922,1572.0,0.0,0.0,3310.0,0.02038276023027851,0.042917898449250556,1572.0,4.0,1.0,1.0,0.0466,3084.96,0.0,0.21917950313780404,0.780807530729734,ANOMALY
8.787,20.0,50029.0,3373400.0,67.42889124307901,5693.5245248662795,383908.04597701144,1461.0,0.0,0.0,2055.0,0.029203062223910132,0.04107617581802554,1461.0,2.0,3.0,1.0,0.1568,2501.45,0.0,0.22277079294009475,0.7772092186531812,ANOMALY
11.317,70298.0,91867.0,5621234.0,61.18882732646108,8117.610674206945,496707.07784748607,65502.0,4594.0,0.0,7094.0,0.7130090239150075,0.07722032938922573,14.258162821070963,3.0,1.0,1.0,0.0092,1.31,0.0,1.0,0.0,SYN_FLOOD
36.608,301.0,4141.0,1049090.0,253.3421878773243,113.11735139860141,28657.397290209792,1174.0,1801.0,258.0,943.0,0.2835063994204298,0.22772277227722773,0.6518600777345919,3.0,1.0,1.0,2.3859,13.76,0.9700996677740864,1.0,0.0,BRUTE_FORCE
23.649,259934.0,367716.0,17715604.0,48.17740865232952,15548.902702016998,749105.8395703835,225181.0,106927.0,0.0,16004.0,0.6123774869736427,0.04352271861980441,2.105932084506252,1.0,1.0,23.0,0.0097,1.41,0.0,1.0,0.0,SYN_FLOOD
27.352,38.0,248.0,54174.0,218.44354838709677,9.066978648727698,1980.6229891781222,61.0,126.0,31.0,54.0,0.24596774193548387,0.21774193548387097,0.48412698412698413,1.0,1.0,1.0,1.4783,6.53,0.9473684210526315,1.0,0.0,BRUTE_FORCE
11.574,65.0,94.0,4361.0,46.3936170212766,8.121651978572663,376.7928114739934,3.0,30.0,48.0,0.0,0.031914893617021274,0.0,0.1,65.0,1.0,1.0,0.0222,1.45,0.0,1.0,0.0,ANOMALY
56.142,3512.0,275662.0,307880393.0,1116.876439262575,4910.085141248976,5483958.4090342345,66340.0,50945.0,1545.0,0.0,0.24065703651573303,0.0,1.3021886348022378,2.0,1.0,1.0,1.7835,78.49,0.0,0.9922876566229658,0.0,DOS_DDOS
50.081,231632.0,1298218.0,206950409.0,159.4111381909664,25922.36576745672,4132313.831592819,556937.0,100648.0,44412.0,0.0,0.4290011384836753,0.0,5.533512836817423,4.0,1.0,17.0,1.251,5.6,0.0,0.9518786521216005,0.0,DOS_DDOS
15.042,602.0,836.0,66006.0,78.95454545454545,55.57771572929132,4388.113282808137,556.0,80.0,0.0,317.0,0.6650717703349283,0.3791866028708134,6.95,526.0,1.0,1.0,0.0485,1.39,0.10299003322259136,0.9533492822966507,0.0,PORT_SCAN
13.985,294.0,4968.0,1009418.0,203.1839774557166,355.23775473721844,72178.61994994637,1383.0,2737.0,432.0,1929.0,0.2783816425120773,0.3882850241545894,0.505297771282426,1.0,1.0,1.0,1.8854,16.9,0.9795918367346939,1.0,0.0,BRUTE_FORCE
26.043,6245.0,181178.0,121971295.0,673.2125037256179,6956.8790077948015,4683457.934953731,18692.0,53297.0,5601.0,0.0,0.10316925896080098,0.0,0.35071392386063005,4.0,1.0,1.0,1.4417,29.01,0.0,0.9798871827705351,0.0,DOS_DDOS
85.884,1.0,10.0,535.0,53.5,0.11643612314284384,6.229332588142145,1.0,5.0,1.0,0.0,0.1,0.0,0.2,1.0,1.0,1.0,68.7074,10.0,0.0,1.0,0.0,ANOMALY
11.079,670925.0,762405.0,49139013.0,64.45263737777165,68815.32629298673,4435329.271594909,498708.0,66391.0,0.0,23018.0,0.6541247762016251,0.030191302522937283,7.511680800108448,2.0,1.0,1.0,0.0084,1.14,0.0,1.0,0.0,SYN_FLOOD
15.103,52344.0,199385.0,42058971.0,210.94350628181658,13201.681785075813,2784809.0445606834,81064.0,51721.0,1812.0,52963.0,0.4065702033753793,0.26563181783985756,1.567332418166702,4.0,1.0,1.0,1.985,3.81,0.0,0.9548561827619931,0.0,DOS_DDOS
41.587,99.0,13085.0,68624032.0,5244.480855941918,314.64159472912206,1650131.820039916,4878.0,5727.0,0.0,0.0,0.3727932747420711,0.0,0.8517548454688318,1.0,1.0,1.0,0.1667,132.17,1.0,1.0,0.0,ANOMALY
63.296,60.0,576.0,105386.0,182.96180555555554,9.100101112234581,1664.9709302325582,72.0,182.0,24.0,118.0,0.125,0.2048611111111111,0.3956043956043956,2.0,1.0,1.0,0.9905,9.6,0.9666666666666667,1.0,0.0,BRUTE_FORCE
62.308,4.0,16.0,1026.0,64.125,0.25678885536367724,16.466585350195803,4.0,8.0,4.0,0.0,0.25,0.0,0.5,4.0,1.0,1.0,49.8462,4.0,0.0,1.0,0.0,ANOMALY
31.518,10.0,18484.0,11805306.0,638.6770179614801,586.4585316327178,374557.5861412526,23.0,10318.0,24.0,0.0,0.0012443194113828176,0.0,0.002229114169412677,6.0,2.0,1.0,1.4964,1848.4,0.0,0.9695412248431076,0.00021640337589266391,BENIGN
21.487,2.0,23111.0,11931657.0,516.2761022889533,1075.5805836086938,555296.5514031741,4.0,20908.0,4.0,0.0,0.0001730777551815153,0.0,0.0001913143294432753,2.0,1.0,1.0,4.3303,11555.5,0.0,0.8394703820691446,0.01717796720176539,BENIGN
37.161,7.0,17370.0,12123026.0,697.9289579735175,467.4255267619278,326229.81082317483,13.0,11838.0,14.0,1.0,0.0007484168105929764,5.757052389176742e-05,0.0010981584727149855,1.0,1.0,2.0,1.5951,2481.43,0.0,0.9386873920552677,0.0007484168105929764,BENIGN
14.253,50966.0,194392.0,39719633.0,204.3275083336763,13638.672560162773,2786755.981196941,79044.0,14950.0,6333.0,54453.0,0.4066216716737314,0.28011955224494833,5.287224080267559,3.0,1.0,1.0,2.0912,3.81,0.0,0.9660788509815219,0.0,DOS_DDOS
29.754,13200.0,336512.0,455313990.0,1353.039386411183,11309.807084761713,15302614.438394837,120882.0,98066.0,13339.0,0.0,0.3592204735640928,0.0,1.2326596373870657,1.0,1.0,1.0,2.5853,25.49,0.0,0.9782236591860023,0.0,DOS_DDOS
36.82,11005.0,252819.0,324493711.0,1283.5020746067344,6866.349809885932,8812974.22596415,124266.0,14755.0,2651.0,75316.0,0.4915216024112112,0.29790482519114464,8.421958658082007,4.0,1.0,52.0,2.9081,22.97,0.0,0.9578908230789617,0.0,DOS_DDOS
29.965,274.0,1146.0,227087.0,198.1561954624782,38.24461872184215,7578.408142833306,192.0,658.0,140.0,169.0,0.16753926701570682,0.1474694589877836,0.2917933130699088,1.0,1.0,1.0,0.1053,4.18,0.8503649635036497,1.0,0.0,BRUTE_FORCE
24.88,232.0,2818.0,671791.0,238.3928317955997,113.26366559485531,27001.245980707397,980.0,1665.0,355.0,779.0,0.34776437189496096,0.2764371894960965,0.5885885885885885,1.0,1.0,1.0,2.1929,12.15,0.9827586206896551,1.0,0.0,BRUTE_FORCE
54.132,387.0,2639.0,247337.0,93.72375899962107,48.751200768491834,4569.14579176827,446.0,818.0,252.0,840.0,0.16900341038272074,0.3183023872679045,0.5452322738386308,1.0,1.0,1.0,0.241,6.82,0.9276485788113695,1.0,0.0,BRUTE_FORCE
26.889,340932.0,496839.0,30211214.0,60.80684889873782,18477.407118152405,1123552.902673956,330245.0,114220.0,0.0,14167.0,0.6646921839871669,0.02851426719722083,2.891306251094379,2.0,1.0,1.0,0.007,1.46,0.0,1.0,0.0,SYN_FLOOD
43.815,316.0,3219.0,684183.0,212.54520037278658,73.4679904142417,15615.268743580966,770.0,1030.0,174.0,856.0,0.23920472196334266,0.2659210935073004,0.7475728155339806,2.0,1.0,1.0,0.7242,10.19,0.9240506329113924,1.0,0.0,BRUTE_FORCE
9.34,82404.0,105487.0,7318531.0,69.37851109615403,11294.111349036402,783568.6295503213,64107.0,31583.0,0.0,3961.0,0.6077241745428347,0.03754965066785481,2.0297945097045877,1.0,1.0,79.0,0.0059,1.28,0.0,1.0,0.0,SYN_FLOOD
36.533,7.0,47040.0,39101491.0,831.2391794217687,1287.6029890783675,1070306.052062519,12.0,33488.0,15.0,1.0,0.00025510204081632655,2.1258503401360543e-05,0.000358337314859054,1.0,3.0,1.0,2.058,6720.0,0.14285714285714285,0.9230867346938776,0.0025935374149659864,BENIGN
11.142,313846.0,350933.5961448374,25849648.0,73.65965608300246,31496.463484548323,2320018.6681026747,281963.0,68969.0,0.0,9769.0,0.8034653937311496,0.02783717520156758,4.088257043019327,2.0,1.0,1.0,0.0039,1.12,0.0,0.9999983012602842,0.0,SYN_FLOOD
12.021,271.0,381.0,16525.0,43.37270341207349,31.6945345645121,1374.6776474502951,17.0,62.0,257.0,0.0,0.04461942257217848,0.0,0.27419354838709675,271.0,1.0,1.0,0.0223,1.41,0.0,1.0,0.0,ANOMALY
16.652,358.0,2605.0,593603.0,227.87063339731287,156.43766514532788,35647.549843862595,426.0,1249.0,228.0,713.0,0.163531669865643,0.2737044145873321,0.3410728582866293,1.0,1.0,1.0,2.2316,7.28,0.8687150837988827,1.0,0.0,BRUTE_FORCE
29.033,25118.0,132483.0,10316227.0,77.86830763192259,4563.186718561637,355327.62718286086,17696.0,15316.0,535.0,0.0,0.13357185450208706,0.0,1.1553930530164533,2.0,1.0,40.0,1.6029,5.27,0.0,0.909180800555543,0.0,DOS_DDOS
3.426,6.0,242.0,103943.0,429.5165289256198,70.63631056625802,30339.46293053123,11.0,189.0,12.0,0.0,0.045454545454545456,0.0,0.0582010582010582,2.0,1.0,2.0,1.3309,40.33,0.0,0.8842975206611571,0.012396694214876033,BENIGN
14.97,10.0,2025.0,1387713.0,685.2903703703704,135.27054108216433,92699.59919839678,20.0,1661.0,17.0,1.0,0.009876543209876543,0.0004938271604938272,0.012040939193257074,1.0,2.0,1.0,4.3615,202.5,0.0,0.8888888888888888,0.009876543209876543,BENIGN
49.234,9121.0,862400.0,894568011.0,1037.300569341373,17516.350489499127,18169720.33554048,378594.0,111821.0,26937.0,226623.0,0.4390004638218924,0.2627817717996289,3.3857146689798876,5.0,1.0,53.0,3.1041,94.55,0.0,0.9967520871985158,0.0,DOS_DDOS
21.189,269356.0,368442.0,21785547.0,59.128837103261844,17388.361885884184,1028153.6174430129,299298.0,56226.0,0.0,8627.0,0.8123340987183871,0.02341481155785714,5.323124533134137,1.0,1.0,1.0,0.0028,1.37,0.0,1.0,0.0,SYN_FLOOD
13.812,483.0,7567.0,545754.0,72.12290207479846,547.8569359976832,39513.03214596004,1575.0,4223.0,671.0,1716.0,0.20814061054579094,0.22677415091846173,0.37295761307127634,3.0,1.0,1.0,1.1727,15.67,0.9751552795031055,1.0,0.0,BRUTE_FORCE
14.77,465.0,1160.6336781157527,102791.0,88.56455050216836,78.58047922246125,6959.444820582262,960.0,198.0,0.0,520.0,0.827134364701984,0.4480311142135746,4.848484848484849,447.0,1.0,1.0,0.0293,2.5,0.043010752688172046,0.9813604597870413,0.0,PORT_SCAN
31.346,6476.0,300446.0,149641544.0,498.0646904934664,9584.827410195878,4773864.097492503,148695.0,64760.0,8955.0,0.0,0.49491422751509423,0.0,2.2960932674490424,4.0,1.0,40.0,0.6914,46.39,0.0,0.9154490324384416,0.0,DOS_DDOS
84.865,286.0,2815.0,363765.0,129.22380106571936,33.17032934660932,4286.396040770636,840.0,1681.0,203.0,1012.0,0.2984014209591474,0.35950266429840144,0.4997025580011898,2.0,1.0,1.0,1.382,9.84,0.9090909090909091,1.0,0.0,BRUTE_FORCE
68.039,460.0,6834.0,1500794.0,219.60696517412936,100.44239333323534,22057.849174738018,1415.0,2680.0,280.0,578.0,0.2070529704419081,0.0845771144278607,0.5279850746268657,1.0,1.0,1.0,0.7493,14.86,0.9804347826086957,1.0,0.0,BRUTE_FORCE
52.978,313.0,4756.0,648315.0,136.31518082422204,89.77311336781305,12237.43818188682,704.0,2726.0,101.0,1558.0,0.14802354920100924,0.3275862068965517,0.2582538517975055,3.0,1.0,1.0,0.4294,15.19,0.8626198083067093,1.0,0.0,BRUTE_FORCE
38.811,1156.0,2945.0,234845.0,79.74363327674024,75.88054932879854,6050.990698513308,2228.0,324.0,0.0,803.0,0.7565365025466892,0.2726655348047538,6.8765432098765435,1078.0,1.0,1.0,0.0229,2.55,0.026816608996539794,0.9612903225806452,0.0,PORT_SCAN
46.009,16793.0,81527.0,6830189.0,83.77824524390692,1771.9793953356952,148453.32434958377,13649.0,21947.0,876.0,18115.0,0.16741692936082525,0.2221963275969924,0.6219073221852645,4.0,1.0,24.0,0.7831,4.85,0.0,0.9570081077434469,0.0,DOS_DDOS
40.851,171.0,4960.0,35651150.0,7187.731854838709,121.41685638050477,872711.8063205307,1799.0,2039.0,0.0,0.0,0.36270161290322583,0.0,0.8822952427660617,1.0,1.0,1.0,0.178,29.01,1.0,1.0,0.0,ANOMALY
59.701,171.0,11197.0,45661017.0,4077.968830936858,187.5512972982027,764828.3445838428,5134.0,2698.0,0.0,0.0,0.45851567384120745,0.0,1.9028910303928837,1.0,1.0,1.0,0.1877,65.48,1.0,1.0,0.0,ANOMALY
22.515,846.0,959.0,48820.0,50.90719499478624,42.59382633799689,2168.3322229624696,707.0,186.0,0.0,399.0,0.7372262773722628,0.41605839416058393,3.8010752688172045,666.0,1.0,1.0,0.0455,1.13,0.05200945626477541,0.9520333680917622,0.0,PORT_SCAN
23.457,368196.0,462339.4352048089,24566541.0,53.13529223203169,19710.083779034354,1047301.061516818,387356.0,74982.0,0.0,5822.0,0.837817349126638,0.01259247980311467,5.165986503427489,3.0,1.0,1.0,0.0013,1.26,0.0,0.9999990586898375,0.0,SYN_FLOOD
37.015,308.0,372.0,29646.0,79.69354838709677,10.049979737944076,800.9185465351884,5.0,141.0,308.0,0.0,0.013440860215053764,0.0,0.03546099290780142,308.0,1.0,1.0,0.0027,1.21,0.0,1.0,0.0,ANOMALY
43.869,38004.0,126001.0,19811454.0,157.23251402766644,2872.210444733183,451604.8690419203,58114.0,24510.0,1195.0,0.0,0.46121856175744635,0.0,2.371032231742146,3.0,1.0,1.0,0.3018,3.32,0.0,0.9855080515234006,0.0,DOS_DDOS
12.928,22065.0,121850.0,29113676.0,238.93045547804678,9425.278465346533,2251986.076732673,49539.0,11886.0,2915.0,0.0,0.4065572425112844,0.0,4.167844522968198,3.0,1.0,1.0,3.6671,5.52,0.0,0.9874189577349199,0.0,DOS_DDOS
30.695,154896.0,411343.0,83747289.0,203.59478342891455,13400.977357875876,2728369.0829125266,93661.0,36643.0,6855.0,0.0,0.22769562141570418,0.0,2.556040717190186,1.0,1.0,1.0,0.7468,2.66,0.0,0.9796082588010493,0.0,DOS_DDOS
10.123,244.0,426.90198611722593,21437.0,50.21527352209007,42.17148929341361,2117.6528697026574,345.0,80.0,0.0,170.0,0.8081480321463393,0.39821787091268895,4.3125,239.0,1.0,1.0,0.0195,1.75,0.0860655737704918,0.9510379740620689,0.0,PORT_SCAN
57.474,415.0,4445.0,1037191.0,233.33880764904387,77.33931864843234,18046.264397814666,1337.0,1339.0,366.0,455.0,0.30078740157480316,0.10236220472440945,0.9985063480209111,2.0,1.0,1.0,0.6248,10.71,0.9879518072289156,1.0,0.0,BRUTE_FORCE
6.942,14.0,2368.0,358753.0,151.5004222972973,341.1120714491501,51678.62287525209,28.0,1361.0,23.0,1.0,0.011824324324324325,0.0004222972972972973,0.020573108008817047,4.0,2.0,1.0,1.4904,169.14,0.0,0.9839527027027027,0.00633445945945946,BENIGN
35.108,2.0,29839.0,13229291.0,443.3557089714803,849.9202460977556,376816.9932778854,4.0,25278.0,2.0,3.0,0.0001340527497570294,0.00010053956231777204,0.0001582403671176517,5.0,3.0,1.0,2.1118,14919.5,0.0,0.8998290827440598,0.01236636616508596,BENIGN
29.13,442.0,6444.0,1056125.0,163.8927684667908,221.2152420185376,36255.578441469275,1998.0,2009.0,644.0,1361.0,0.3100558659217877,0.2112042209807573,0.9945246391239423,3.0,1.0,1.0,2.09,14.58,0.8891402714932126,1.0,0.0,BRUTE_FORCE
4.288,907.0,1074.0195673471608,68930.0,64.17946385302625,250.4709811910356,16075.09328358209,886.0,186.0,0.0,222.0,0.8249384154037612,0.20670014471742099,4.763440860215054,799.0,1.0,1.0,0.0255,1.18,0.07607497243660419,0.9925331273368052,0.0,PORT_SCAN
25.134,5.0,13101.0,6667400.0,508.9229829783986,521.2461207925519,265274.1306596642,11.0,10522.0,7.0,0.0,0.0008396305625524769,0.0,0.001045428625736552,5.0,2.0,2.0,4.0806,2620.2,0.0,0.8263491336539196,0.012212808182581482,BENIGN
6.973,80166.0,96249.0,7290348.0,75.74466228220552,13803.097662412161,1045510.9708877098,65309.0,25251.0,0.0,1932.0,0.6785421147232699,0.020072935822709845,2.586392618114134,3.0,1.0,129.0,0.0039,1.2,0.0,1.0,0.0,SYN_FLOOD
24.249,65.0,1075.0,203083.0,188.91441860465116,44.33172501958844,8374.902057816818,197.0,450.0,91.0,277.0,0.18325581395348836,0.2576744186046512,0.43777777777777777,3.0,1.0,1.0,1.2868,16.54,0.9538461538461539,1.0,0.0,BRUTE_FORCE
25.208,5.0,22296.0,18234039.0,817.8166038751345,884.4811171056808,723343.3433830531,9.0,16213.0,7.0,0.0,0.00040365984930032295,0.0,0.0005551100968358725,1.0,3.0,1.0,4.028,4459.2,0.0,0.9469411553641909,0.015339074273412271,BENIGN
10.481,28.0,58147.0,4169250.0,71.70189347687757,5547.8484877397195,397791.2412937697,790.0,0.0,0.0,2388.0,0.013586255524790617,0.041068326826835436,790.0,3.0,3.0,1.0,0.193,2076.68,0.0,0.16198600099747193,0.8379968012107245,ANOMALY
25.441,2.0,37097.0,32688859.0,881.1725746017198,1458.1580912699974,1284888.9194607132,4.0,27971.0,2.0,3.0,0.00010782543062781356,8.086907297086018e-05,0.00014300525544313754,3.0,3.0,1.0,2.9096,18548.5,0.0,0.8249993260910585,0.007655605574574764,BENIGN
87.14,492.0,4322.0,707135.0,163.6129106894956,49.598347486802844,8114.929997704843,905.0,2156.0,592.0,833.0,0.20939379916705228,0.1927348449791763,0.4197588126159555,2.0,1.0,1.0,1.6939,8.78,0.8821138211382114,1.0,0.0,BRUTE_FORCE
52.857,72493.0,304147.0,56194221.0,184.76006996616766,5754.147984183741,1063136.7841534708,40163.0,68354.0,10591.0,70482.0,0.1320512778360464,0.2317366273545358,0.587573514351757,3.0,1.0,1.0,2.9598,4.2,0.0,0.9104084538068763,0.0,DOS_DDOS
57.066,13941.0,275041.0,303226140.0,1102.4761399209572,4819.699996495286,5313604.247713174,104822.0,14087.0,6221.0,0.0,0.38111408844499545,0.0,7.441044935046497,2.0,1.0,1.0,3.9527,19.73,0.0,0.9736475652720867,0.0,DOS_DDOS
34.077,5.0,15995.0,8275143.0,517.3581119099719,469.3781729612349,242836.6053349767,10.0,11290.0,6.0,0.0,0.0006251953735542357,0.0,0.0008857395925597874,3.0,1.0,1.0,4.6259,3199.0,0.0,0.8432010003125977,0.009690528290090653,BENIGN
15.2,231867.0,279907.0,20842396.0,74.46186054653867,18414.934210526317,1371210.2631578948,209240.0,60311.0,0.0,13051.0,0.7475340023650713,0.046626200845280755,3.4693505330702523,1.0,1.0,1.0,0.0012,1.21,0.0,1.0,0.0,SYN_FLOOD
28.475,1725.0,178895.0,221370943.0,1237.4350484921322,6282.52853380158,7774221.000877962,16871.0,12054.0,1068.0,0.0,0.09430671623019089,0.0,1.3996183839389413,3.0,1.0,11.0,0.9052,103.71,0.0,0.9078118449369742,0.0,DOS_DDOS
11.127,68.0,1801.0,9032330.0,5015.17490283176,161.85854228453312,811748.8990743237,618.0,699.0,0.0,0.0,0.34314269850083284,0.0,0.8841201716738197,1.0,1.0,1.0,0.1724,26.49,1.0,1.0,0.0,ANOMALY
48.642,101.0,12760.0,79948643.0,6265.56763322884,262.3247399366802,1643613.3999424365,6260.0,2595.0,0.0,0.0,0.49059561128526646,0.0,2.41233140655106,1.0,1.0,1.0,0.3603,126.34,1.0,1.0,0.0,ANOMALY
7.8,8.0,1579.0,344881.0,218.41735275490817,202.43589743589743,44215.51282051282,14.0,1042.0,9.0,0.0,0.008866371120962635,0.0,0.013435700575815739,4.0,1.0,1.0,1.0137,197.38,0.0,0.8176060797973401,0.008233058898036731,BENIGN
24.614,400295.0,453450.7820226131,32571849.0,71.8310570658045,18422.474283847125,1323305.8015763387,327237.0,126212.0,0.0,7073.0,0.7216593574728493,0.015598164741167602,2.592756631699046,2.0,1.0,50.0,0.0055,1.13,0.0,0.9999982753969249,0.0,SYN_FLOOD
23.687,552.0,691.0,48660.0,70.41968162083937,29.172119728120908,2054.2913834592814,22.0,83.0,426.0,0.0,0.03183791606367583,0.0,0.26506024096385544,552.0,1.0,1.0,0.0163,1.25,0.0,1.0,0.0,ANOMALY
55.597,6.0,75902.0,66778437.0,879.7981212616269,1365.2175477094088,1201115.833588143,15.0,59088.0,9.0,0.0,0.00019762325103422836,0.0,0.0002538586515028432,2.0,3.0,1.0,2.1417,12650.33,0.0,0.8164738742062133,0.009920687201918263,BENIGN
32.306,3684.0,347759.0,370264742.0,1064.7164904430942,10764.532904104502,11461175.694917353,166510.0,47806.0,5484.0,49531.0,0.47880860020876526,0.1424290960118933,3.483035602225662,4.0,1.0,52.0,1.4209,94.4,0.0,0.9148807076164815,0.0,DOS_DDOS
84.112,175.0,1436.0,113552.0,79.07520891364902,17.07247479551075,1350.0095111280198,354.0,609.0,69.0,304.0,0.24651810584958217,0.2116991643454039,0.5812807881773399,1.0,1.0,1.0,2.1366,8.21,0.8628571428571429,1.0,0.0,BRUTE_FORCE
34.977,688.0,771.0,38368.0,49.76394293125811,22.04305686594048,1096.9494239071391,27.0,110.0,553.0,0.0,0.03501945525291829,0.0,0.24545454545454545,688.0,1.0,1.0,0.0213,1.12,0.0,1.0,0.0,ANOMALY
30.241,3.0,8612.0,6027049.0,699.8431258708779,284.7789424952879,199300.58529810523,6.0,6259.0,4.0,0.0,0.0006967022758941013,0.0,0.0009586195877935772,2.0,3.0,1.0,1.3576,2870.67,0.0,0.9777055271713888,0.01579191825359963,BENIGN
255.011,1.0,15.0,619.0,41.266666666666666,0.05882099203563768,2.427346271337315,1.0,7.0,1.0,0.0,0.06666666666666667,0.0,0.14285714285714285,1.0,1.0,1.0,204.009,15.0,0.0,1.0,0.0,ANOMALY
27.184,26232.0,500540.0,286407190.0,572.1964078794902,18413.037080635666,10535873.675691582,47497.0,68846.0,15756.0,0.0,0.09489151716146561,0.0,0.6899021003398891,1.0,1.0,44.0,0.0656,19.08,0.0,0.9026731130379191,0.0,DOS_DDOS
5.499,9.0,26315.0,3057177.0,116.17621128633859,4785.415530096381,555951.4457174032,804.0,0.0,0.0,1302.0,0.030552916587497626,0.04947748432452974,804.0,4.0,3.0,1.0,0.3886,2923.89,0.0,0.4309329279878396,0.5690290708721262,ANOMALY
58.858,3940.0,405976.0,567744043.0,1398.4670103651447,6897.550035679093,9645996.177240137,70244.0,93945.0,6192.0,99558.0,0.17302500640431948,0.2452312451967604,0.7477140880302304,2.0,1.0,45.0,1.1356,103.04,0.0,0.9454647565373323,0.0,DOS_DDOS
150.11,1.0,16.0,1174.0,73.375,0.10658850176537205,7.820931317034174,1.0,8.0,1.0,0.0,0.0625,0.0,0.125,1.0,1.0,1.0,120.0884,16.0,0.0,1.0,0.0,ANOMALY
47.718,46.0,2839.0,22273234.0,7845.45051074322,59.495368623999326,466767.9701580116,955.0,948.0,0.0,0.0,0.33638605142655864,0.0,1.0073839662447257,1.0,1.0,1.0,0.3027,61.72,1.0,1.0,0.0,ANOMALY
12.441,224974.0,305328.0,23966558.0,78.49446496882041,24542.078611044126,1926417.32979664,235903.0,45577.0,0.0,24343.0,0.7726215741759681,0.07972737515065766,5.175922065954319,2.0,1.0,1.0,0.0054,1.36,0.0,1.0,0.0,SYN_FLOOD
8.636,794.0,1122.0,60145.0,53.605169340463455,129.9212598425197,6964.451134784623,52.0,404.0,860.0,0.0,0.04634581105169341,0.0,0.12871287128712872,794.0,1.0,1.0,0.0185,1.41,0.0,1.0,0.0,ANOMALY
46.6,273.0,3637.0,944868.0,259.7932361836679,78.04721030042919,20276.137339055793,862.0,1376.0,156.0,1012.0,0.23700852350838603,0.27825130602144627,0.626453488372093,3.0,1.0,1.0,0.9891,13.32,0.8791208791208791,1.0,0.0,BRUTE_FORCE
24.841,695221.0,1012532.0,61046836.0,60.29126585628899,40760.516887403886,2457503.1600982244,539653.0,90159.0,0.0,60212.0,0.5329737726807646,0.05946676253194961,5.985569937554764,3.0,1.0,1.0,0.0011,1.46,0.0,1.0,0.0,SYN_FLOOD
21.109,365.0,734.0,39835.0,54.271117166212534,34.77189824245582,1887.1097636079396,553.0,108.0,0.0,259.0,0.7534059945504087,0.3528610354223433,5.12037037037037,317.0,1.0,1.0,0.0194,2.01,0.08767123287671233,0.9509536784741145,0.0,PORT_SCAN
37.811,3796.0,179833.0,87072697.0,484.1864229590787,4756.102721430271,2302840.3639152627,60390.0,52269.0,4815.0,53249.0,0.33581155850149863,0.2961024950926693,1.155369339378982,2.0,1.0,1.0,2.0888,47.37,0.0,0.9966802533461601,0.0,DOS_DDOS
19.925,28135.0,50552.0,8720574.0,172.5070026902991,2537.1141781681304,437669.96235884563,17930.0,12626.0,235.0,0.0,0.3546842854882102,0.0,1.420085537779186,3.0,1.0,1.0,0.4827,1.8,0.0,0.9208339927203671,0.0,DOS_DDOS
8.262,174823.0,201247.0,8571226.0,42.59057774774282,24358.14572742677,1037427.4993948196,143692.0,48546.0,0.0,16051.0,0.7140081591278379,0.07975771067394793,2.9599143080789356,1.0,1.0,1.0,0.0053,1.15,0.0,1.0,0.0,SYN_FLOOD
32.738,1034.0,1603.0,120258.0,75.02058640049907,48.96450607856314,3673.3459588246074,1068.0,183.0,0.0,423.0,0.6662507797878977,0.2638802245789145,5.836065573770492,863.0,1.0,1.0,0.0306,1.55,0.043520309477756286,0.9519650655021834,0.0,PORT_SCAN
89.565,154.0,2321.0,361335.0,155.680741059888,25.91414056830235,4034.332607603417,705.0,1354.0,64.0,777.0,0.3037483843171047,0.33476949590693666,0.5206794682422452,3.0,1.0,1.0,1.1558,15.07,0.8896103896103896,1.0,0.0,BRUTE_FORCE
12.163,1440.0,82396.0,54537767.0,661.8982353512306,6774.315547151196,4483907.506371783,29275.0,22506.0,1052.0,0.0,0.3552963736103694,0.0,1.3007642406469386,5.0,1.0,1.0,3.2127,57.22,0.0,0.9110393708432448,0.0,DOS_DDOS
8.891,177095.0,240010.0,14249703.0,59.37128869630432,26994.713755483073,1602710.943650883,146088.0,20029.0,0.0,18966.0,0.6086746385567268,0.07902170742885713,7.293823955264866,2.0,1.0,1.0,0.009,1.36,0.0,1.0,0.0,SYN_FLOOD
56.689,361.0,3626.0,500767.0,138.10452289023718,63.96302633667907,8833.58323484274,620.0,1654.0,206.0,1070.0,0.1709873138444567,0.29509100937672367,0.37484885126964934,3.0,1.0,1.0,0.958,10.04,0.8864265927977839,1.0,0.0,BRUTE_FORCE
5.142,109342.0,115554.0,9013587.0,78.00324523599356,22472.578763127185,1752934.0723453907,60615.0,20761.0,0.0,9018.0,0.524559945999273,0.0780414351731658,2.919657049275083,3.0,1.0,1.0,0.0055,1.06,0.0,1.0,0.0,SYN_FLOOD
57.416,4083.0,182445.0,205310743.0,1125.329513003919,3177.598578793368,3575845.4611954857,56180.0,33141.0,1828.0,31336.0,0.30792841678314015,0.1717558716325468,1.6951811954980236,4.0,1.0,1.0,2.6861,44.68,0.0,0.9532626270930965,0.0,DOS_DDOS
54.43,352576.0,435978.0,74605690.0,171.12260251664074,8009.88425500643,1370672.2395737644,69438.0,123303.0,5408.0,0.0,0.1592695044245352,0.0,0.5631493151018223,2.0,1.0,1.0,2.8804,1.24,0.0,0.9772006844382056,0.0,DOS_DDOS
6.929,48985.0,53842.0,2672297.0,49.632201626982656,7770.529657959301,385668.49473228457,42121.0,2423.0,0.0,1307.0,0.7823074922922626,0.024274729764867574,17.38382170862567,2.0,1.0,1.0,0.0015,1.1,0.0,1.0,0.0,SYN_FLOOD
14.849,447.0,1014.0,89376.0,88.14201183431953,68.28742676274497,6018.991177857095,457.0,216.0,0.0,241.0,0.45069033530571995,0.23767258382642997,2.115740740740741,401.0,1.0,1.0,0.0384,2.27,0.042505592841163314,0.9980276134122288,0.0,PORT_SCAN
13.729,181685.0,208928.0,14604530.0,69.90221511716955,15218.005681404327,1063772.3067958336,177556.0,19842.0,0.0,12766.0,0.849843008117629,0.06110238933986828,8.948493095454086,2.0,1.0,1.0,0.0071,1.15,0.0,1.0,0.0,SYN_FLOOD
26.1,915.0,1934.0,120795.0,62.458634953464326,74.09961685823754,4628.16091954023,1432.0,434.0,0.0,688.0,0.7404343329886246,0.3557394002068252,3.2995391705069124,776.0,1.0,1.0,0.0388,2.11,0.04590163934426229,0.9875904860392968,0.0,PORT_SCAN
8.029,114689.0,166289.0,8440475.0,50.757867327363805,20711.047452982937,1051248.598829244,96314.0,13667.0,0.0,10093.0,0.579196459176494,0.06069553608476808,7.047193970878759,1.0,1.0,1.0,0.0044,1.45,0.0,1.0,0.0,SYN_FLOOD
58.14,403.0,4077.0,665041.0,163.12018641157715,70.12383900928792,11438.613691090472,1264.0,2426.0,218.0,488.0,0.3100318861908266,0.11969585479519254,0.5210222588623248,3.0,1.0,1.0,0.1634,10.12,0.9305210918114144,1.0,0.0,BRUTE_FORCE
22.413,801.0,952.0,48696.0,51.15126050420168,42.47534912773837,2172.6676482398607,460.0,54.0,0.0,341.0,0.4831932773109244,0.3581932773109244,8.518518518518519,757.0,1.0,1.0,0.0408,1.19,0.10986267166042447,0.9642857142857143,0.0,PORT_SCAN
38.391,244286.0,306079.0,30257216.0,98.8542696493389,7972.675887577818,788133.0520173999,57497.0,48587.0,8029.0,70371.0,0.1878501955377533,0.2299112320675381,1.183382386235001,4.0,1.0,1.0,3.5804,1.25,0.0,0.9966315885768053,0.0,DOS_DDOS
58.487,2958.0,246431.0,268488338.0,1089.5071561613595,4213.432044727888,4590564.364730624,19966.0,50424.0,5494.0,44685.0,0.08102065081097752,0.1813286477756451,0.3959622402030779,2.0,1.0,1.0,1.5062,83.31,0.0,0.9167393712641673,0.0,DOS_DDOS
29.618,415.0,4518.0,606204.0,134.17529880478088,152.54237288135593,20467.418461746238,716.0,1378.0,293.0,1265.0,0.15847720230190349,0.27999114652501106,0.5195936139332366,3.0,1.0,1.0,1.9622,10.89,0.908433734939759,1.0,0.0,BRUTE_FORCE
52.917,105.0,1321.0,208777.0,158.0446631339894,24.96362227639511,3945.3672732770187,367.0,445.0,169.0,300.0,0.2778198334595004,0.22710068130204392,0.8247191011235955,3.0,1.0,1.0,1.0644,12.58,0.8666666666666667,1.0,0.0,BRUTE_FORCE
19.766,459.0,3815.0,271539.0,71.17667103538663,193.00819589193566,13737.680866133765,1127.0,1720.0,534.0,1104.0,0.29541284403669726,0.2893840104849279,0.6552325581395348,1.0,1.0,1.0,0.8517,8.31,0.9912854030501089,1.0,0.0,BRUTE_FORCE
10.404,938.0,1212.0,101033.0,83.36056105610561,116.49365628604383,9710.976547481738,925.0,62.0,0.0,656.0,0.7632013201320133,0.5412541254125413,14.919354838709678,862.0,1.0,1.0,0.0256,1.29,0.11194029850746269,0.981023102310231,0.0,PORT_SCAN
5.56,79723.0,87423.0,5284146.0,60.44343021859236,15723.561151079139,950385.9712230216,50231.0,11492.0,0.0,1647.0,0.5745741967216865,0.018839435846401978,4.370953706926557,2.0,1.0,70.0,0.0043,1.1,0.0,1.0,0.0,SYN_FLOOD
24.054,261.0,3057.0,589188.0,192.73405299313052,127.0890496383138,24494.38762783737,742.0,1330.0,170.0,943.0,0.24272162250572457,0.30847235852142624,0.5578947368421052,2.0,1.0,1.0,2.2299,11.71,0.896551724137931,1.0,0.0,BRUTE_FORCE
24.875,6941.0,125343.0,84482007.0,674.006581939159,5038.914572864322,3396261.5879396987,44275.0,34133.0,1304.0,0.0,0.35323073486353446,0.0,1.2971318079278118,4.0,1.0,8.0,0.497,18.06,0.0,0.997423071092921,0.0,DOS_DDOS
21.421,4.0,7882.0,1373871.0,174.30487185993402,367.9566780262359,64136.64161337006,8.0,5226.0,5.0,0.0,0.0010149708195889369,0.0,0.0015308075009567547,4.0,2.0,1.0,3.918,1970.5,0.0,0.8510530322253235,0.0040598832783557475,BENIGN
21.393,69870.0,148737.0,29344892.0,197.29382735970202,6952.601318188192,1371705.324171458,56167.0,19013.0,3512.0,0.0,0.3776262799437934,0.0,2.9541366433492873,3.0,1.0,1.0,2.3778,2.13,0.0,0.9552700404068927,0.0,DOS_DDOS
64.315,80.0,1200.0,182860.0,152.38333333333333,18.65816683510845,2843.1936562232763,416.0,567.0,86.0,236.0,0.3466666666666667,0.19666666666666666,0.7336860670194003,3.0,1.0,1.0,0.1527,15.0,0.875,1.0,0.0,BRUTE_FORCE
57.43,7302.0,645722.0,645026330.0,998.9226478267738,11243.635730454467,11231522.375065297,224884.0,33600.0,19962.0,0.0,0.34826752069776157,0.0,6.69297619047619,1.0,1.0,15.0,2.879,88.43,0.0,0.9625488987520946,0.0,DOS_DDOS
22.861,99214.0,127999.19976618196,8365108.0,65.35281482447286,5599.020155119284,365911.7273960019,96583.0,31414.0,0.0,724.0,0.7545594048746367,0.005656285362115869,3.0745209142420578,1.0,1.0,16.0,0.0079,1.29,0.0,0.9999984393169463,0.0,SYN_FLOOD
47.209,10516.0,898986.0,1244778745.0,1384.647530662324,19042.68253934631,26367403.35529242,390660.0,143430.0,6657.0,0.0,0.4345562667271793,0.0,2.7236979711357456,2.0,1.0,23.0,3.5723,85.49,0.0,0.9499013332799399,0.0,DOS_DDOS
14.643,55.0,4554.0,20506490.0,4502.962231005709,311.0018438844499,1400429.556784812,1598.0,2171.0,0.0,0.0,0.35090030742204653,0.0,0.7360663288807001,1.0,1.0,1.0,0.3875,82.8,1.0,1.0,0.0,ANOMALY
22.584,5.0,7184.0,1257698.0,175.0693207126949,318.10131066241587,55689.78037548707,11.0,5520.0,5.0,0.0,0.0015311804008908685,0.0,0.0019927536231884057,1.0,1.0,1.0,2.3221,1436.8,0.0,0.8994988864142539,0.006124721603563474,BENIGN
23.045,359.0,879.1069763852423,70699.0,80.42138431286692,38.14740622196755,3067.8672163159035,745.0,132.0,0.0,224.0,0.8474509018951591,0.25480402956310827,5.643939393939394,340.0,1.0,1.0,0.0113,2.45,0.05013927576601671,0.9964657584700126,0.0,PORT_SCAN
15.563,694.0,1313.0,71345.0,54.33739527798934,84.36676733277645,4584.2703848872325,834.0,158.0,0.0,326.0,0.6351865955826352,0.24828636709824828,5.2784810126582276,598.0,1.0,1.0,0.0231,1.89,0.03170028818443804,0.9946686976389947,0.0,PORT_SCAN
126.059,3.0,9.0,492.0,54.666666666666664,0.07139514037077876,3.902934340269239,3.0,4.0,3.0,0.0,0.3333333333333333,0.0,0.75,3.0,1.0,1.0,100.847,3.0,0.0,1.0,0.0,ANOMALY
292.047,2.0,8.0,370.0,46.25,0.02739285115067095,1.2669193657185316,2.0,4.0,2.0,0.0,0.25,0.0,0.5,2.0,1.0,1.0,233.6379,4.0,0.0,1.0,0.0,ANOMALY
24.677,355033.0,601789.5289890612,30519899.0,50.7152376866211,24386.65676496581,1236775.0942172874,469410.0,132377.0,0.0,25667.0,0.7800235420987733,0.04265112429443177,3.546008747743188,2.0,1.0,1.0,0.0028,1.7,0.0,0.9999991209733041,0.0,SYN_FLOOD
21.799,254556.0,298475.0,17606284.0,58.98746628695871,13692.14184136887,807664.755264003,250393.0,10571.0,0.0,15208.0,0.8389077812212078,0.050952341067091046,23.68678459937565,2.0,1.0,41.0,0.0083,1.17,0.0,1.0,0.0,SYN_FLOOD
9.563,556.0,1338.0,84282.0,62.99103139013453,139.9142528495242,8813.343093171598,791.0,181.0,0.0,135.0,0.5911808669656203,0.10089686098654709,4.370165745856354,463.0,1.0,1.0,0.0155,2.41,0.07733812949640288,0.9947683109118086,0.0,PORT_SCAN
33.837,5.0,42356.0,31157738.0,735.6156860893379,1251.765818482726,920818.5713863522,12.0,36214.0,7.0,2.0,0.0002833128718481443,4.721881197469072e-05,0.0003313635610537361,1.0,3.0,1.0,2.6682,8471.2,0.0,0.9872037019548588,0.008735480215317783,BENIGN
20.338,176308.0,308558.0,33076488.0,107.19698727629813,15171.501622578424,1626339.2663978757,41692.0,39557.0,3684.0,0.0,0.13511884313484013,0.0,1.0539727481861618,4.0,1.0,55.0,3.8551,1.75,0.0,0.9228832180659714,0.0,DOS_DDOS
52.544,1811.0,200535.0,154987092.0,772.8680379983545,3816.5156820950065,2949662.987210719,27058.0,38817.0,1875.0,75202.0,0.13492906475178895,0.3750068566584387,0.697065718628436,5.0,1.0,1.0,1.557,110.73,0.0,0.9405390580197971,0.0,DOS_DDOS
62.469,33.0,214.0,44464.0,207.77570093457945,3.425699146776801,711.7770414125406,52.0,83.0,7.0,17.0,0.24299065420560748,0.0794392523364486,0.6265060240963856,1.0,1.0,1.0,1.3958,6.48,0.8484848484848485,1.0,0.0,BRUTE_FORCE
37.428,822.0,1440.2357374151857,80738.0,56.05887835063848,38.48016825411953,2157.1550710697875,1198.0,240.0,0.0,425.0,0.8318082719916879,0.2950905806314419,4.991666666666666,730.0,1.0,1.0,0.0138,1.75,0.09975669099756691,0.9637311198033913,0.0,PORT_SCAN
16.446,135616.0,154716.58158899535,11795940.0,76.24224810845368,9407.550868843204,717252.8274352426,121278.0,33437.0,0.0,5814.0,0.7838720242809852,0.037578389725833605,3.627059843885516,3.0,1.0,111.0,0.0096,1.14,0.0,0.9999962409394689,0.0,SYN_FLOOD
32.417,1051.0,2052.0,156755.0,76.39132553606238,63.300120307246196,4835.580096862757,1841.0,176.0,0.0,272.0,0.8971734892787524,0.13255360623781676,10.460227272727273,846.0,1.0,1.0,0.0161,1.95,0.07992388201712655,0.9692982456140351,0.0,PORT_SCAN
9.299,9.0,3208.0,1290369.0,402.2347256857855,344.98333154102596,138764.27572857297,16.0,1962.0,21.0,0.0,0.004987531172069825,0.0,0.00815494393476045,6.0,3.0,1.0,0.8548,356.44,0.1111111111111111,0.9853491271820449,0.008104738154613466,BENIGN
91.189,1.0,18.0,1426.0,79.22222222222223,0.19739222932590555,15.63785105659674,1.0,9.0,1.0,0.0,0.05555555555555555,0.0,0.1111111111111111,1.0,1.0,1.0,72.951,18.0,0.0,1.0,0.0,ANOMALY
11.895,156463.0,173485.0,11631492.0,67.04609620428279,14584.699453551913,977847.1626733922,114354.0,42548.0,0.0,464.0,0.6591578522638845,0.0026745828169582385,2.6876468929209363,3.0,1.0,14.0,0.0079,1.11,0.0,1.0,0.0,SYN_FLOOD
11.764,6.0,2779.0,710068.0,255.51205469593378,236.22917375042505,60359.40156409385,13.0,2622.0,14.0,0.0,0.004677941705649514,0.0,0.004958047292143402,5.0,1.0,1.0,0.1311,463.17,0.0,0.920115149334293,0.0014393666786613889,BENIGN
41.244,108384.0,502341.0,86745913.0,172.68332268319728,12179.735234215887,2103237.1496460093,172286.0,36457.0,6534.0,0.0,0.3429662321013017,0.0,4.725731683901583,1.0,1.0,1.0,3.0533,4.63,0.0,0.9317893622061508,0.0,DOS_DDOS
50.365,6087.0,218103.0,109476837.0,501.9501657473762,4330.447731559615,2173668.956616698,77468.0,44926.0,812.0,0.0,0.35518997904659727,0.0,1.724346703467925,3.0,1.0,1.0,3.118,35.83,0.0,0.9480841620702145,0.0,DOS_DDOS
82.094,120.0,612.0,54811.0,89.56045751633987,7.454868808926353,667.6614612517359,80.0,271.0,17.0,92.0,0.13071895424836602,0.1503267973856209,0.2952029520295203,1.0,1.0,1.0,0.7079,5.1,0.9333333333333333,1.0,0.0,BRUTE_FORCE
7.818,107311.0,163490.60927893192,7065662.0,43.21754032945861,20912.07588627935,903768.4829879765,130619.0,32870.0,0.0,9453.0,0.7989388538955803,0.05781983467853008,3.973805902038333,3.0,1.0,1.0,0.0041,1.52,0.0,0.9999962733093074,0.0,SYN_FLOOD
12.859,94980.0,162388.85962710087,8609839.0,53.01988707705116,12628.420532475377,669557.4305933587,121228.0,41159.0,0.0,512.0,0.7465290431768535,0.003152925645119519,2.945358244855317,2.0,1.0,1.0,0.0048,1.71,0.0,0.9999947063665399,0.0,SYN_FLOOD
9.921,1288.0,2150.0,128460.0,59.74883720930232,216.7120249974801,12948.291502872695,1072.0,531.0,0.0,698.0,0.4986046511627907,0.32465116279069767,2.018832391713748,1019.0,1.0,1.0,0.0449,1.67,0.1125776397515528,0.9744186046511628,0.0,PORT_SCAN
41.913,85913.0,253404.0,59117208.0,233.2923237202254,6045.952329826068,1410474.2681268342,98654.0,39013.0,613.0,0.0,0.3893150857918581,0.0,2.5287468279804166,4.0,1.0,1.0,1.8471,2.95,0.0,0.9095199760066929,0.0,DOS_DDOS
81.131,451.0,6002.0,1222853.0,203.74091969343553,73.97912018833738,15072.573985283061,1745.0,2497.0,175.0,2282.0,0.2907364211929357,0.38020659780073307,0.6988386063275931,2.0,1.0,1.0,0.3091,13.31,0.926829268292683,1.0,0.0,BRUTE_FORCE
35.437,822.0,1491.0,84590.0,56.733735747820255,42.07466772017948,2387.0530801140053,786.0,327.0,0.0,251.0,0.5271629778672032,0.16834339369550638,2.403669724770642,665.0,1.0,1.0,0.008,1.81,0.06569343065693431,0.9812206572769953,0.0,PORT_SCAN
10.281,7.0,5024.0,1017249.0,202.47790605095543,488.66841746911774,98944.5579223811,17.0,4038.0,11.0,0.0,0.0033837579617834396,0.0,0.004210004952947003,4.0,2.0,2.0,0.9949,717.71,0.0,0.991640127388535,0.0007961783439490446,BENIGN
24.461,427482.0,603062.0,47281943.0,78.40312107212857,24654.020685989944,1932952.168758432,308463.0,32352.0,0.0,20020.0,0.5114946721895924,0.03319725003399319,9.53458827893175,1.0,1.0,1.0,0.0013,1.41,0.0,1.0,0.0,SYN_FLOOD
37.978,668.0,1777.7171840273488,131052.0,73.71926264621396,46.8091311819303,3450.734635841803,1413.0,363.0,0.0,725.0,0.7948395913004023,0.4078264003487556,3.8925619834710745,552.0,1.0,1.0,0.0446,2.66,0.08083832335329341,0.9534699980567458,0.0,PORT_SCAN
37.889,968.0,88886.0,101624581.0,1143.3136939450533,2345.9579297421415,2682165.826493177,35229.0,13133.0,1697.0,0.0,0.3963391310217582,0.0,2.6824792507424045,2.0,1.0,45.0,2.7616,91.82,0.0,0.9911909637063204,0.0,DOS_DDOS
35.749,6.0,40251.0,28169568.0,699.8476559588581,1125.9335925480432,787981.9855100842,15.0,27656.0,7.0,0.0,0.0003726615487813967,0.0,0.0005423777842059589,1.0,3.0,1.0,3.3639,6708.5,0.0,0.9784850065836873,0.014980994261012149,BENIGN
29.247,927777.0,1018231.0,72705467.0,71.40370603527097,34814.88699695695,2485911.956781892,899894.0,92544.0,0.0,43793.0,0.8837817744696439,0.043008904659158874,9.723958333333334,1.0,1.0,117.0,0.0097,1.1,0.0,1.0,0.0,SYN_FLOOD
29.056,6.0,38223.0,30669454.0,802.3821782696282,1315.494218061674,1055529.1161894272,12.0,31457.0,7.0,1.0,0.00031394709991366455,2.6162258326138714e-05,0.0003814731220396096,5.0,3.0,1.0,2.9374,6370.5,0.0,0.9410302697328834,0.015592705962378673,BENIGN
32.465,91403.0,186133.0,11883356.0,63.84335931833689,5733.343600800862,366035.9156014169,79538.0,34930.0,7013.0,0.0,0.427318100498031,0.0,2.2770684225594047,2.0,1.0,1.0,0.3005,2.04,0.0,0.9799229583147534,0.0,DOS_DDOS
58.506,3116.0,281264.0,254924052.0,906.3515131691222,4807.438553310772,4357229.207260794,108771.0,65328.0,4292.0,58273.0,0.3867220831674157,0.20718257580067126,1.6649981631153563,3.0,1.0,1.0,3.9378,90.26,0.0,0.9364760509699073,0.0,DOS_DDOS
9.116,59272.0,84129.0,6113896.0,72.67287142364702,9228.718736287847,670677.4901272488,66283.0,13158.0,0.0,6437.0,0.7878733849207764,0.07651344958337791,5.037467700258398,2.0,1.0,1.0,0.0094,1.42,0.0,1.0,0.0,SYN_FLOOD
89.351,238.0,1091.0,280066.0,256.7057745187901,12.210271849223847,3134.4472921399874,218.0,553.0,26.0,235.0,0.1998166819431714,0.2153987167736022,0.39421338155515373,2.0,1.0,1.0,0.4061,4.58,0.8781512605042017,1.0,0.0,BRUTE_FORCE
24.7,469.0,1995.0,483721.0,242.46666666666667,80.76923076923077,19583.846153846156,342.0,893.0,181.0,382.0,0.17142857142857143,0.19147869674185464,0.3829787234042553,3.0,1.0,1.0,1.5933,4.25,0.908315565031983,1.0,0.0,BRUTE_FORCE
96.022,1.0,3.0,138.0,46.0,0.031242840182458185,1.4371706483930764,1.0,1.0,1.0,0.0,0.3333333333333333,0.0,1.0,1.0,1.0,1.0,76.8176,3.0,0.0,1.0,0.0,ANOMALY
23.679,1197.0,1451.0,127630.0,87.96002756719504,61.27792558807383,5390.0080239875,688.0,358.0,0.0,743.0,0.4741557546519642,0.5120606478290833,1.9217877094972067,976.0,1.0,1.0,0.005,1.21,0.04678362573099415,0.994486560992419,0.0,PORT_SCAN
74.367,223.0,3532.0,390973.0,110.6945073612684,47.49418424838974,5257.345327900816,848.0,1092.0,275.0,866.0,0.24009060022650056,0.24518686296715742,0.7765567765567766,2.0,1.0,1.0,0.2117,15.84,0.8475336322869955,1.0,0.0,BRUTE_FORCE
34.397,105525.0,331520.0,57057060.0,172.1074444980695,9638.04982992703,1658780.1261737943,37595.0,50162.0,1093.0,0.0,0.11340190637065638,0.0,0.7494717116542403,5.0,1.0,1.0,0.6816,3.14,0.0,0.9392284025096526,0.0,DOS_DDOS
23.072,30536.0,111284.0,15919764.0,143.0552819812372,4823.335644937587,690003.6407766991,30839.0,17559.0,4326.0,0.0,0.27711980158872795,0.0,1.7563073067942365,4.0,1.0,1.0,0.5987,3.64,0.0,0.9573433737105065,0.0,DOS_DDOS
58.596,3951.0,320940.0,428718414.0,1335.8210693587587,5477.16567683801,7316513.311488839,30804.0,22252.0,7258.0,0.0,0.09598055711347915,0.0,1.384325004493978,5.0,1.0,1.0,1.0023,81.23,0.0,0.9160403813796971,0.0,DOS_DDOS
23.747,6.0,2930.0,1788503.0,610.4105802047782,123.38400640080853,75314.90293510759,12.0,2597.0,10.0,0.0,0.004095563139931741,0.0,0.004620716211012707,5.0,1.0,2.0,1.1006,488.33,0.0,0.9098976109215017,0.013651877133105802,BENIGN
22.806,159471.0,192941.50980632656,14064871.0,72.89707131512668,8460.120573810687,616718.0128036481,141758.0,51181.0,0.0,0.0,0.7347200721207985,0.0,2.769738770246771,2.0,1.0,1.0,0.0069,1.21,0.0,0.9999973577156773,0.0,SYN_FLOOD
19.887,4.0,5959.0,3343854.0,561.1434804497399,299.64298285312015,168142.70629054157,8.0,4404.0,7.0,0.0,0.0013425071320691392,0.0,0.0018165304268846503,1.0,2.0,1.0,4.6508,1489.75,0.0,0.8801812384628294,0.01829165967444202,BENIGN
6.164,37358.0,48321.0,3706335.0,76.70236543117899,7839.227774172616,601287.3134328359,24814.0,2216.0,0.0,1740.0,0.5135241406427847,0.03600918855156143,11.197653429602887,3.0,1.0,163.0,0.0023,1.29,0.0,1.0,0.0,SYN_FLOOD
87.358,420.0,2694.0,283761.0,105.33073496659243,30.83861810023123,3248.2543098514157,409.0,1417.0,159.0,822.0,0.151818856718634,0.3051224944320713,0.2886379675370501,3.0,1.0,1.0,1.2764,6.41,0.9833333333333333,1.0,0.0,BRUTE_FORCE
20.79,285040.0,419419.0,30166245.0,71.92388756827897,20174.074074074077,1450997.8354978357,234376.0,33667.0,0.0,30267.0,0.5588111172836709,0.0721641127369051,6.961594439659013,3.0,1.0,138.0,0.0016,1.47,0.0,1.0,0.0,SYN_FLOOD
6.767,3.0,2542.0,1892492.0,744.4893784421715,375.64651987586814,279664.8440963499,6.0,2389.0,3.0,0.0,0.0023603461841070024,0.0,0.0025115110925073253,6.0,2.0,1.0,1.0837,847.33,0.0,0.8284815106215578,0.012981904012588513,BENIGN
13.313,72477.0,103189.0,5657488.0,54.826464061091784,7750.995267783369,424959.6634868174,67485.0,5274.0,0.0,7802.0,0.6539941272810086,0.07560883427497117,12.795790671217292,1.0,1.0,1.0,0.0087,1.42,0.0,1.0,0.0,SYN_FLOOD
12.435,166259.0,202556.0,14350385.0,70.84650664507593,16289.18375552875,1154031.7651789305,131342.0,54571.0,0.0,9561.0,0.648423152115958,0.047201761488181046,2.406809477561342,3.0,1.0,1.0,0.0071,1.22,0.0,1.0,0.0,SYN_FLOOD
36.928,260.0,3229.0,673183.0,208.4803344688758,87.440424610052,18229.60896880416,975.0,1898.0,325.0,878.0,0.3019510684422422,0.2719108082997832,0.5136986301369864,1.0,1.0,1.0,1.5554,12.42,0.9076923076923077,1.0,0.0,BRUTE_FORCE
43.036,81.0,3911.0,21755326.0,5562.599335208387,90.87740496328655,505514.5924342411,1845.0,1103.0,0.0,0.0,0.47174635643058044,0.0,1.6727107887579329,1.0,1.0,1.0,0.1258,48.28,1.0,1.0,0.0,ANOMALY
10.187,302.0,29228.0,19563712.0,669.3482961543725,2869.146951997644,1920458.6237361345,12864.0,2519.0,335.0,0.0,0.4401259066648419,0.0,5.106788408098452,3.0,1.0,18.0,3.1581,96.78,0.0,0.9345148487751471,0.0,DOS_DDOS
22.567,877.0,1744.0,134798.0,77.29243119266054,77.28098550981521,5973.23525501839,1175.0,411.0,0.0,829.0,0.6737385321100917,0.47534403669724773,2.8588807785888077,852.0,1.0,1.0,0.0492,1.99,0.08893956670467502,0.9541284403669725,0.0,PORT_SCAN
70.686,243.0,2464.0,319355.0,129.6083603896104,34.85838779956427,4517.938488526724,421.0,1231.0,123.0,550.0,0.1708603896103896,0.22321428571428573,0.3419983753046304,2.0,1.0,1.0,1.2973,10.14,0.9053497942386831,1.0,0.0,BRUTE_FORCE
12.655,254.0,4394.0,743858.0,169.2894856622667,347.2145397076255,58779.770841564605,764.0,1509.0,599.0,1394.0,0.17387346381429222,0.31725079654073735,0.5062955599734924,2.0,1.0,1.0,1.3032,17.3,0.8779527559055118,1.0,0.0,BRUTE_FORCE
26.093,946.0,1766.0,81037.0,45.88731596828992,67.68098723795654,3105.6988464339097,1290.0,399.0,0.0,928.0,0.7304643261608154,0.5254813137032842,3.2330827067669174,805.0,1.0,1.0,0.0118,1.87,0.0306553911205074,0.9881087202718006,0.0,PORT_SCAN
13.579,51.0,15120.0,1162586.0,76.89060846560847,1113.4840562633478,85616.46660284261,297.0,0.0,0.0,631.0,0.019642857142857142,0.04173280423280423,297.0,3.0,1.0,1.0,0.114,296.47,0.0,0.3957010582010582,0.6042328042328042,ANOMALY
9.125,146167.0,201654.0,10260639.0,50.88239757207891,22099.068493150684,1124453.589041096,146022.0,16278.0,0.0,15967.0,0.724121515070368,0.07918017991212671,8.970512347954294,3.0,1.0,1.0,0.0095,1.38,0.0,1.0,0.0,SYN_FLOOD
7.494,1284.0,3251.0,164444.0,50.582589972316214,433.8137176407793,21943.4214037897,1801.0,569.0,0.0,1122.0,0.5539833897262381,0.3451245770532144,3.165202108963093,1195.0,1.0,1.0,0.0194,2.53,0.09735202492211838,0.9606274992310059,0.0,PORT_SCAN
30.863,2984.0,250158.0,283966318.0,1135.1478585533941,8105.433690827204,9200865.696789036,93779.0,68105.0,4417.0,0.0,0.3748790764237002,0.0,1.3769767271125468,1.0,1.0,1.0,1.9256,83.83,0.0,0.9776661150153103,0.0,DOS_DDOS
31.433,169.0,250.0,11901.0,47.604,7.953424744695066,378.6148315464639,131.0,60.0,0.0,117.0,0.524,0.468,2.183333333333333,166.0,1.0,1.0,0.0266,1.48,0.04142011834319527,0.948,0.0,PORT_SCAN
21.966,279772.0,305827.0,14525340.0,47.49528328107067,13922.744241099881,661264.6817809341,208094.0,69924.0,0.0,8314.0,0.6804304394314432,0.027185304109839877,2.976002517018477,1.0,1.0,115.0,0.0044,1.09,0.0,1.0,0.0,SYN_FLOOD
13.099,422.0,5426.0,792832.0,146.11721341688167,414.23009390029773,60526.14703412474,953.0,3142.0,624.0,1507.0,0.17563582749723552,0.27773682270549205,0.30330999363462763,1.0,1.0,1.0,0.3013,12.86,0.8625592417061612,1.0,0.0,BRUTE_FORCE
18.236,68807.0,98024.0,6483135.0,66.13824165510488,5375.30160122834,355512.99627111206,61751.0,27168.0,0.0,2950.0,0.6299579694768628,0.030094670692891536,2.2729313898704357,2.0,1.0,1.0,0.002,1.42,0.0,1.0,0.0,SYN_FLOOD
36.14,5622.0,452596.0,418423203.0,924.4960251526747,12523.408965135584,11577841.809629219,161421.0,60211.0,7753.0,0.0,0.3566558255044234,0.0,2.680922090647888,5.0,1.0,1.0,2.8365,80.5,0.0,0.9001272658176387,0.0,DOS_DDOS
49.581,179.0,1783.0,225339.0,126.38194054963544,35.96135616465985,4544.865976886307,486.0,862.0,243.0,203.0,0.2725743129556927,0.11385305664610207,0.5638051044083526,3.0,1.0,1.0,2.1867,9.96,0.8491620111731844,1.0,0.0,BRUTE_FORCE
27.378,167.0,282.67382222659,16171.0,57.20727824254416,10.324852882847177,590.6567316823727,242.0,39.0,0.0,124.0,0.8561104034812744,0.4386681406267687,6.205128205128205,149.0,1.0,1.0,0.0418,1.69,0.10179640718562874,0.9622397923425894,0.0,PORT_SCAN
7.782,55.0,18784.0,1245811.0,66.32298764906304,2413.775379079928,160088.7946543305,80.0,0.0,0.0,715.0,0.004258943781942078,0.038064310051107324,80.0,3.0,3.0,1.0,0.3082,341.53,0.0,0.24169505962521295,0.7582517035775128,ANOMALY
23.16,361369.0,447170.0,32908617.0,73.59307869490351,19307.858376511227,1420924.7409326425,262152.0,38620.0,0.0,14355.0,0.5862468412460585,0.03210188518907798,6.787985499741067,3.0,1.0,1.0,0.0064,1.24,0.0,1.0,0.0,SYN_FLOOD
20.676,385.0,1784.0,135159.0,75.76177130044843,86.28361385180887,6536.999419616947,321.0,751.0,117.0,588.0,0.17993273542600896,0.3295964125560538,0.4274300932090546,2.0,1.0,1.0,1.4748,4.63,0.9714285714285714,1.0,0.0,BRUTE_FORCE
18.609,2540.0,148185.0,111941668.0,755.4183486857644,7963.082379493792,6015458.541565908,65610.0,8226.0,654.0,0.0,0.44275736410567873,0.0,7.975929978118162,3.0,1.0,1.0,3.1794,58.34,0.0,0.9941896953132908,0.0,DOS_DDOS
14.131,62.0,70.0,3165.0,45.214285714285715,4.953648007925837,223.97565635836105,0.0,10.0,53.0,0.0,0.0,0.0,0.0,62.0,1.0,1.0,0.0244,1.13,0.0,1.0,0.0,ANOMALY
88.641,449.0,6392.0,1223546.0,191.4183354192741,72.11109982964993,13803.386694644689,836.0,2336.0,819.0,1815.0,0.13078848560700876,0.28394868585732164,0.3578767123287671,1.0,1.0,1.0,2.4545,14.24,0.9265033407572383,1.0,0.0,BRUTE_FORCE
17.627,6498.0,208838.0,224109059.0,1073.1239477489728,11847.620128212402,12713964.883417485,32523.0,39622.0,2580.0,0.0,0.15573315201256477,0.0,0.8208318610872748,3.0,1.0,57.0,1.1981,32.14,0.0,0.9542037368678115,0.0,DOS_DDOS
6.521,34769.0,55594.43330122941,2944436.0,52.96278467389085,8525.445990067383,451531.360220825,44546.0,11046.0,0.0,1058.0,0.8012672736249461,0.019030682339496095,4.032772044178889,1.0,1.0,1.0,0.0071,1.6,0.0,0.9999922060320849,0.0,SYN_FLOOD
48.583,4.0,26067.0,14751479.0,565.9062799708444,536.5457052878579,303634.58411378466,9.0,23066.0,4.0,0.0,0.00034526412705719877,0.0,0.00039018468741871154,2.0,2.0,1.0,4.5822,6516.75,0.0,0.9008324701730157,0.010549737215636628,BENIGN
14.572,8.0,7897.0,5222417.0,661.3165759149044,541.9297282459512,358387.1122701071,15.0,4707.0,15.0,0.0,0.0018994554894263644,0.0,0.0031867431485022306,5.0,1.0,2.0,0.7692,987.12,0.125,0.9051538558946436,0.01988096745599595,BENIGN
38.4,2596.0,238253.0,253908834.0,1065.7109627161044,6204.505208333334,6612209.21875,36490.0,53275.0,5709.0,23370.0,0.15315651849084796,0.09808900622447567,0.6849366494603473,2.0,1.0,47.0,2.4077,91.78,0.0,0.980932034433984,0.0,DOS_DDOS
19.141,138521.0,165300.0,10555318.0,63.855523290986085,8635.912439266496,551450.7079044982,125858.0,20257.0,0.0,3965.0,0.7613914095583787,0.02398669086509377,6.213062151355087,1.0,1.0,26.0,0.008,1.19,0.0,1.0,0.0,SYN_FLOOD
22.28,570794.0,694171.0,37374785.0,53.840890789157136,31156.687612208258,1677503.8150807898,401011.0,119894.0,0.0,50509.0,0.5776833085795863,0.0727616106117945,3.344712829666205,3.0,1.0,62.0,0.003,1.22,0.0,1.0,0.0,SYN_FLOOD
212.048,3.0,19.0,1456.0,76.63157894736842,0.08960235418395834,6.866369878518071,3.0,9.0,3.0,0.0,0.15789473684210525,0.0,0.3333333333333333,3.0,1.0,1.0,169.6386,6.33,0.0,1.0,0.0,ANOMALY
6.59,35.0,38103.0,2913979.0,76.47636669028685,5781.942336874052,442181.9423368741,552.0,0.0,0.0,1830.0,0.014487048263916226,0.04802771435320054,552.0,1.0,3.0,1.0,0.2498,1088.66,0.0,0.5028737894653964,0.49709996588195154,ANOMALY
15.052,203004.0,226408.0,12382492.0,54.69105331967069,15041.722030294977,822647.6215785278,177464.0,40486.0,0.0,16189.0,0.783823893148652,0.07150365711458959,4.383342389961962,3.0,1.0,1.0,0.0085,1.12,0.0,1.0,0.0,SYN_FLOOD
10.758,31533.0,107135.0,6480842.0,60.49229476828301,9958.635434095557,602420.7101691765,27191.0,27905.0,867.0,0.0,0.25380127876044245,0.0,0.9744131876007884,4.0,1.0,1.0,2.7847,3.4,0.0,0.9620665515471134,0.0,DOS_DDOS
11.152,5.0,1087.0,392506.0,361.09107635694573,97.47130559540891,35196.01865136299,10.0,823.0,5.0,0.0,0.00919963201471941,0.0,0.012150668286755772,5.0,2.0,1.0,0.8163,217.4,0.0,0.8868445262189513,0.006439742410303588,BENIGN
27.288,247873.0,340659.0,20327969.0,59.67248480151706,12483.839050131926,744941.6959835825,193753.0,92349.0,0.0,18331.0,0.5687593752109881,0.053810408649118326,2.0980519550834336,1.0,1.0,1.0,0.01,1.37,0.0,1.0,0.0,SYN_FLOOD
26.588,67.0,7654.0,67022193.0,8756.492422262869,287.87422897547765,2520768.504588536,3379.0,3725.0,0.0,0.0,0.4414685131957147,0.0,0.9071140939597315,1.0,1.0,1.0,0.2761,114.24,1.0,1.0,0.0,ANOMALY
217.537,3.0,12.0,958.0,79.83333333333333,0.05516302973746995,4.403848540708017,3.0,6.0,3.0,0.0,0.25,0.0,0.5,3.0,1.0,1.0,174.0295,4.0,0.0,1.0,0.0,ANOMALY
19.88,164686.0,219378.0,17138049.0,78.12109236113011,11035.110663983904,862074.8993963783,127318.0,51201.0,0.0,7820.0,0.5803590150334127,0.03564623617682721,2.486631120485928,3.0,1.0,48.0,0.0018,1.33,0.0,1.0,0.0,SYN_FLOOD
32.066,908.0,1910.0,138447.0,72.48534031413612,59.56464791367804,4317.563774714651,1353.0,474.0,0.0,594.0,0.7083769633507854,0.31099476439790574,2.8544303797468356,735.0,1.0,1.0,0.0265,2.1,0.04515418502202643,0.9664921465968587,0.0,PORT_SCAN
20.997,177209.0,197618.0,13014077.0,65.85471465149936,9411.725484593037,619806.496166119,138361.0,5252.0,0.0,7684.0,0.7001437116052182,0.03888309769352994,26.344440213252096,1.0,1.0,129.0,0.0055,1.12,0.0,1.0,0.0,SYN_FLOOD
28.296,3461.0,333637.0,345556516.0,1035.726001612531,11790.959852982754,12212203.703703703,132634.0,65366.0,7331.0,18700.0,0.39753984120466257,0.05604893941619185,2.0290976960499343,4.0,1.0,1.0,3.1417,96.4,0.0,0.9162772714057493,0.0,DOS_DDOS
16.5,182230.0,239760.0,10789028.0,44.999282615949284,14530.90909090909,653880.4848484849,163520.0,48867.0,0.0,12145.0,0.6820153486820153,0.050654821488154825,3.346225469130497,3.0,1.0,1.0,0.0058,1.32,0.0,1.0,0.0,SYN_FLOOD
15.029,598.0,693.0,33655.0,48.56421356421357,46.11085235211924,2239.337281256238,33.0,235.0,584.0,0.0,0.047619047619047616,0.0,0.14042553191489363,598.0,1.0,1.0,0.004,1.16,0.0,1.0,0.0,ANOMALY
16.234,1037.0,1593.0,115075.0,72.23791588198368,98.12738696562768,7088.517925341875,1198.0,187.0,0.0,645.0,0.7520401757689893,0.4048964218455744,6.406417112299465,822.0,1.0,1.0,0.0265,1.54,0.10703953712632594,0.9617074701820465,0.0,PORT_SCAN
34.85,4715.0,532848.0,530447574.0,995.4951017926313,15289.756097560976,15220877.302725967,189344.0,30777.0,5553.0,0.0,0.35534336245983844,0.0,6.152126588036521,4.0,1.0,1.0,2.1396,113.01,0.0,0.9092442873014444,0.0,DOS_DDOS
18.047,418970.0,466516.0,32583010.0,69.8432851177666,25850.058181415192,1805452.9838754362,367716.0,24530.0,0.0,22077.0,0.7882173387407935,0.04732313575525813,14.990460660415817,2.0,1.0,91.0,0.0053,1.11,0.0,1.0,0.0,SYN_FLOOD
57.015,136.0,1094.0,223805.0,204.57495429616088,19.187933000087696,3925.3705165307374,333.0,461.0,41.0,337.0,0.30438756855575866,0.3080438756855576,0.7223427331887202,1.0,1.0,1.0,2.1176,8.04,0.9485294117647058,1.0,0.0,BRUTE_FORCE
8.759,5.0,834.0,442005.0,529.9820143884892,95.21634889827605,50462.95239182555,11.0,735.0,5.0,0.0,0.013189448441247002,0.0,0.014965986394557823,1.0,1.0,1.0,0.3584,166.8,0.0,0.934052757793765,0.005995203836930456,BENIGN
30.357,65.0,5141.0,23202852.0,4513.2954678078195,169.3513851829891,764332.839213361,2101.0,1122.0,0.0,0.0,0.4086753549893017,0.0,1.8725490196078431,1.0,1.0,1.0,0.3305,79.09,1.0,1.0,0.0,ANOMALY
55.571,6.0,58823.0,39075366.0,664.2872005848053,1058.519731514639,703161.1092116392,12.0,51448.0,6.0,0.0,0.00020400183601652414,0.0,0.0002332452184730213,1.0,3.0,2.0,5.4508,9803.83,0.0,0.8010982098838889,0.014348129133162198,BENIGN
18.739,4.0,19435.0,11743760.0,604.2582968870594,1037.1417898500454,626701.5315651849,8.0,17491.0,5.0,0.0,0.0004116285052739902,0.0,0.00045737808015550857,1.0,3.0,1.0,5.0545,4858.75,0.0,0.9319783895034731,0.002829945973758683,BENIGN
79.047,62.0,886.0,133070.0,150.19187358916477,11.20852151251787,1683.428846129518,303.0,451.0,52.0,282.0,0.34198645598194133,0.3182844243792325,0.6718403547671841,1.0,1.0,1.0,1.9384,14.29,0.9354838709677419,1.0,0.0,BRUTE_FORCE
32.231,630.0,948.0,79823.0,84.20147679324894,29.412677236201173,2476.5908597313146,739.0,101.0,0.0,115.0,0.7795358649789029,0.12130801687763713,7.316831683168317,583.0,1.0,1.0,0.0303,1.5,0.09523809523809523,0.979957805907173,0.0,PORT_SCAN
14.032,196489.0,243933.0,14935473.0,61.22776746073717,17384.050741163057,1064386.616305587,155634.0,45854.0,0.0,6950.0,0.6380194561621428,0.028491430023818015,3.394120469315654,2.0,1.0,1.0,0.0055,1.24,0.0,1.0,0.0,SYN_FLOOD
16.392,137926.0,164778.0,8707805.0,52.84567721419121,10052.342606149341,531222.8526110298,93171.0,44930.0,0.0,9565.0,0.5654334923351418,0.05804779764288922,2.073692410416203,1.0,1.0,1.0,0.0044,1.19,0.0,1.0,0.0,SYN_FLOOD
42.771,4.0,57987.0,26407407.0,455.40219359511616,1355.755067686049,617413.8318019218,8.0,40338.0,6.0,3.0,0.0001379619569903599,5.1735733871384965e-05,0.00019832416084089444,3.0,2.0,2.0,1.9834,14496.75,0.0,0.8130270577888148,0.018642109438322382,BENIGN
38.55,3256.0,283526.0,164310970.0,579.5269922335165,7354.760051880675,4262281.9714656295,73982.0,80423.0,2750.0,0.0,0.26093550503304813,0.0,0.9199109707422006,4.0,1.0,1.0,2.8781,87.08,0.0,0.9020407299506924,0.0,DOS_DDOS
59.058,11013.0,1201086.0,1636509031.0,1362.5244412140346,20337.39713501981,27710200.66714078,469367.0,290361.0,9202.0,0.0,0.39078550578393223,0.0,1.6164946394316042,4.0,1.0,1.0,1.5112,109.06,0.0,0.9347432240489024,0.0,DOS_DDOS
45.817,3.0,54927.0,45165263.0,822.2779871465764,1198.8344937468626,985775.214440055,7.0,32549.0,3.0,2.0,0.00012744187740091394,3.64119649716897e-05,0.0002150603705182955,6.0,2.0,2.0,2.5994,18309.0,0.0,0.809783894987893,0.01674950388697726,BENIGN
24.153,10.0,13355.0,6315822.0,472.91815799326093,552.9333830166025,261492.23698919392,20.0,10010.0,17.0,0.0,0.001497566454511419,0.0,0.001998001998001998,6.0,2.0,1.0,4.2963,1335.5,0.1,0.8354923249719206,0.0067390490453013855,BENIGN
25.887,1269.0,1801.0,150137.0,83.36313159355913,69.57159964460926,5799.706416347974,1469.0,324.0,0.0,828.0,0.8156579677956691,0.4597445863409217,4.533950617283951,1029.0,1.0,1.0,0.0316,1.42,0.02364066193853428,0.9644641865630206,0.0,PORT_SCAN
49.98,687019.0,915367.0,165383251.0,180.6742552440715,18314.66586634654,3308988.6154461787,355558.0,75685.0,25456.0,0.0,0.3884321807537305,0.0,4.697866155777235,5.0,1.0,1.0,2.1548,1.33,0.0,0.96020612497501,0.0,DOS_DDOS
29.628,68.0,1070.0,211641.0,197.79532710280372,36.11448629674632,7143.276630214662,253.0,433.0,99.0,280.0,0.23644859813084113,0.2616822429906542,0.5842956120092379,3.0,1.0,1.0,0.9366,15.74,0.8970588235294118,1.0,0.0,BRUTE_FORCE
26.914,512.0,825.0,71675.0,86.87878787878788,30.65319164746972,2663.1121349483537,577.0,130.0,0.0,390.0,0.6993939393939393,0.4727272727272727,4.438461538461539,492.0,1.0,1.0,0.0068,1.61,0.041015625,0.9684848484848485,0.0,PORT_SCAN
8.498,13.0,2520.0,458032.0,181.75873015873015,296.54036243822077,53898.79971758061,32.0,2103.0,13.0,3.0,0.012698412698412698,0.0011904761904761906,0.015216357584403234,4.0,1.0,1.0,0.7,193.85,0.15384615384615385,0.9123015873015873,0.0007936507936507937,BENIGN
25.766,121.0,1386.0,278637.0,201.03679653679654,53.79181867577428,10814.134906465886,387.0,602.0,151.0,245.0,0.2792207792207792,0.17676767676767677,0.6428571428571429,3.0,1.0,1.0,0.6466,11.45,0.9421487603305785,1.0,0.0,BRUTE_FORCE
32.343,95.0,136.0,10153.0,74.65441176470588,4.204928423461027,313.916457966175,2.0,35.0,91.0,0.0,0.014705882352941176,0.0,0.05714285714285714,95.0,1.0,1.0,0.0041,1.43,0.0,1.0,0.0,ANOMALY
37.012,4.0,24572.0,13688650.0,557.0832655054534,663.8927915270723,369843.5642494326,9.0,22909.0,7.0,0.0,0.0003662705518476315,0.0,0.0003928587018202453,1.0,2.0,1.0,3.0919,6143.0,0.0,0.8963861305551034,0.011435780563242716,BENIGN
24.198,2.0,29472.0,12129792.0,411.5700325732899,1217.9518968509794,501272.5018596578,4.0,24689.0,4.0,0.0,0.00013572204125950055,0.0,0.00016201547247762162,4.0,2.0,1.0,5.8961,14736.0,0.0,0.8818200325732899,0.012011400651465798,BENIGN
15.916,259.0,1236.0,300976.0,243.50809061488673,77.65770294043729,18910.27896456396,400.0,628.0,111.0,358.0,0.32362459546925565,0.2896440129449838,0.6369426751592356,2.0,1.0,1.0,1.8088,4.77,0.8725868725868726,1.0,0.0,BRUTE_FORCE
9.25,435.0,618.0,38855.0,62.872168284789645,66.8108108108108,4200.540540540541,451.0,117.0,0.0,284.0,0.7297734627831716,0.459546925566343,3.8547008547008548,428.0,1.0,1.0,0.0186,1.42,0.04827586206896552,0.9773462783171522,0.0,PORT_SCAN
34.571,823.0,1812.288209328535,84414.0,46.57868409974149,52.42220963606882,2441.7575424488737,1401.0,410.0,0.0,397.0,0.7730558488371339,0.21906007993457685,3.4170731707317072,777.0,1.0,1.0,0.0264,2.2,0.10692588092345079,0.9981856035306033,0.0,PORT_SCAN
28.825,11.0,4043.0,2574587.0,636.8011377689834,140.2601908065915,89317.84908933217,21.0,2470.0,22.0,0.0,0.0051941627504328465,0.0,0.008502024291497975,1.0,1.0,1.0,2.5995,367.55,0.0,0.8827603264902301,0.010388325500865693,BENIGN
29.906,1070.0,2179.0,175695.0,80.63102340523176,72.86163311710025,5874.90804520832,1342.0,305.0,0.0,887.0,0.6158788435061955,0.4070674621385957,4.4,1035.0,1.0,1.0,0.0188,2.04,0.10654205607476636,0.9605323542909592,0.0,PORT_SCAN
46.249,290.0,2007.0,451872.0,225.14798206278027,43.39553287638651,9770.416657657463,423.0,774.0,108.0,570.0,0.21076233183856502,0.28400597907324365,0.5465116279069767,1.0,1.0,1.0,1.7945,6.92,0.903448275862069,1.0,0.0,BRUTE_FORCE
34.926,5.0,12216.0,4162160.0,340.7138179436804,349.7680810857241,119170.81830155184,12.0,8174.0,9.0,0.0,0.0009823182711198428,0.0,0.0014680694886224615,6.0,2.0,1.0,4.2462,2443.2,0.0,0.9196136214800262,0.01195153896529142,BENIGN
8.057,11.0,1692.0,881277.0,520.8492907801418,210.00372347027428,109380.29043068139,25.0,1338.0,18.0,2.0,0.014775413711583925,0.001182033096926714,0.01868460388639761,6.0,2.0,1.0,1.3428,153.82,0.0,0.8782505910165485,0.008274231678486997,BENIGN
22.292,207937.0,221238.0,15373625.0,69.48907963369764,9924.546922662837,689647.6314372869,145069.0,52317.0,0.0,15869.0,0.6557146602301593,0.0717281841275007,2.7728845308408356,2.0,1.0,1.0,0.0095,1.06,0.0,1.0,0.0,SYN_FLOOD
7.958,183427.0,215766.0,15941544.0,73.88348488640472,27113.093742146266,2003209.851721538,118384.0,31710.0,0.0,15965.0,0.548668464911061,0.07399219524855631,3.7333333333333334,2.0,1.0,1.0,0.0055,1.18,0.0,1.0,0.0,SYN_FLOOD
48.747,11654.0,58495.0,6065520.0,103.69296521070177,1199.971280283915,124428.58022032125,9635.0,5807.0,1369.0,0.0,0.16471493290024788,0.0,1.6592044084725333,5.0,1.0,1.0,2.5584,5.02,0.0,0.9009658945208993,0.0,DOS_DDOS
35.217,367.0,4884.0,485230.0,99.35094185094185,138.68302240395263,13778.288894567964,957.0,1610.0,292.0,1199.0,0.19594594594594594,0.24549549549549549,0.5944099378881987,2.0,1.0,1.0,0.3614,13.31,0.8664850136239782,1.0,0.0,BRUTE_FORCE
16.58,195284.0,267379.0,16270980.0,60.853619768194214,16126.598311218337,981361.8817852836,185321.0,33911.0,0.0,20514.0,0.6931023004798432,0.07672255487528938,5.464922886379051,2.0,1.0,107.0,0.0031,1.37,0.0,1.0,0.0,SYN_FLOOD
18.849,1001.0,1665.0,90574.0,54.3987987987988,88.33359859939519,4805.241657382355,1230.0,361.0,0.0,632.0,0.7387387387387387,0.3795795795795796,3.407202216066482,789.0,1.0,1.0,0.0079,1.66,0.07892107892107893,0.9861861861861861,0.0,PORT_SCAN
118.915,3.0,12.0,708.0,59.0,0.10091241643190514,5.953832569482403,3.0,6.0,3.0,0.0,0.25,0.0,0.5,3.0,1.0,1.0,95.1319,4.0,0.0,1.0,0.0,ANOMALY
27.361,6.0,27475.0,18540594.0,674.8168880800728,1004.1665143817843,677628.5223493293,11.0,16964.0,7.0,1.0,0.00040036396724294816,3.6396724294813465e-05,0.0006484319735911341,6.0,1.0,1.0,4.0132,4579.17,0.0,0.924695177434031,0.0071337579617834395,BENIGN
84.555,393.0,5042.0,886188.0,175.76120587068624,59.629826739991714,10480.610253681036,649.0,2686.0,559.0,1842.0,0.12871876239587465,0.3653312177707259,0.24162323157110946,3.0,1.0,1.0,1.2951,12.83,0.9694656488549618,1.0,0.0,BRUTE_FORCE
65.72,50.0,608.0,80578.0,132.5296052631579,9.251369446135119,1226.080340839927,130.0,271.0,74.0,236.0,0.2138157894736842,0.3881578947368421,0.4797047970479705,3.0,1.0,1.0,1.1541,12.16,0.9,1.0,0.0,BRUTE_FORCE
22.7,69561.0,143902.0,36257539.0,251.95993801337022,6339.2951541850225,1597248.4140969163,26365.0,29637.0,3489.0,11507.0,0.18321496574057344,0.07996414226348487,0.8895974626311705,4.0,1.0,49.0,1.0726,2.07,0.0,0.9933496407277175,0.0,DOS_DDOS
41.768,140.0,3646.0,20147821.0,5526.006856829402,87.29170656962268,482374.56904807506,1496.0,957.0,0.0,0.0,0.4103126714207351,0.0,1.5632183908045978,1.0,1.0,1.0,0.2002,26.04,1.0,1.0,0.0,ANOMALY
21.268,163296.0,199105.78110265624,15341664.0,77.05283048557011,9361.753860384439,721349.6332518337,169110.0,29994.0,0.0,9606.0,0.8493475129826048,0.04824571113305483,5.638127625525105,1.0,1.0,1.0,0.0088,1.22,0.0,0.9999960769463754,0.0,SYN_FLOOD
27.319,41141.0,208790.0,29956711.0,143.47770966042435,7642.666276218017,1096552.2530107251,62828.0,22129.0,25.0,0.0,0.30091479476986444,0.0,2.8391703194902616,5.0,1.0,44.0,0.8129,5.07,0.0,0.9370898989415202,0.0,DOS_DDOS
38.775,426.0,881.0,66125.0,75.05675368898979,22.720825274016764,1705.3513862024502,447.0,82.0,0.0,270.0,0.5073779795686719,0.3064699205448354,5.451219512195122,380.0,1.0,1.0,0.0161,2.07,0.107981220657277,0.9886492622020431,0.0,PORT_SCAN
274.794,4.0,16.0,973.0,60.8125,0.05822543432534918,3.540834224910297,4.0,8.0,4.0,0.0,0.25,0.0,0.5,4.0,1.0,1.0,219.8351,4.0,0.0,1.0,0.0,ANOMALY
59.986,102.0,694.0,105099.0,151.43948126801152,11.56936618544327,1752.058813723202,96.0,263.0,27.0,206.0,0.138328530259366,0.2968299711815562,0.3650190114068441,2.0,1.0,1.0,1.845,6.8,0.9509803921568627,1.0,0.0,BRUTE_FORCE
46.466,112196.0,279609.0,24852999.0,88.88483203330365,6017.496664227607,534864.1802608359,138001.0,82457.0,2567.0,0.0,0.49354992149751975,0.0,1.673611700643972,1.0,1.0,31.0,0.9339,2.49,0.0,0.964847340393192,0.0,DOS_DDOS
20.894,18.0,4632.0,420518.0,90.78540587219344,221.6904374461568,20126.256341533455,215.0,0.0,0.0,190.0,0.04641623488773748,0.041018998272884286,215.0,2.0,1.0,1.0,0.2744,257.33,0.0,0.4930915371329879,0.5066925734024179,ANOMALY
86.045,1.0,5.0,242.0,48.4,0.058109128944157123,2.8124818408972048,1.0,2.0,1.0,0.0,0.2,0.0,0.5,1.0,1.0,1.0,68.8362,5.0,0.0,1.0,0.0,ANOMALY
31.355,546.0,1255.0,87282.0,69.54741035856574,40.025514272045925,2783.6708658906077,585.0,100.0,0.0,132.0,0.46613545816733065,0.1051792828685259,5.85,516.0,1.0,1.0,0.0308,2.3,0.07142857142857142,0.9705179282868526,0.0,PORT_SCAN
57.958,309024.0,756126.0,132709118.0,175.51190939076292,13046.102349977571,2289746.3335518823,338506.0,39850.0,16963.0,144651.0,0.44768464515173395,0.1913054173510764,8.494504391468006,3.0,1.0,1.0,0.464,2.45,0.0,0.9222325379632496,0.0,DOS_DDOS
19.152,72990.0,98993.0,5836497.0,58.95868394734981,5168.807435254804,304746.0839598997,57844.0,25170.0,0.0,1785.0,0.5843241441314032,0.018031577990362955,2.2981326976559395,2.0,1.0,55.0,0.0042,1.36,0.0,1.0,0.0,SYN_FLOOD
17.238,139.0,1712.0,268241.0,156.68282710280374,99.31546583130294,15561.027961480451,270.0,775.0,176.0,422.0,0.15771028037383178,0.24649532710280375,0.34838709677419355,2.0,1.0,1.0,2.0286,12.32,0.9928057553956835,1.0,0.0,BRUTE_FORCE
22.129,4.0,25567.0,13399305.0,524.0859310830367,1155.3617425098287,605508.8345609832,9.0,20923.0,5.0,1.0,0.0003520162709743028,3.9112918997144755e-05,0.0004301486402523539,4.0,1.0,1.0,3.6269,6391.75,0.0,0.9747721672468417,0.010247584777251927,BENIGN
18.637,675.0,1742.0,102461.0,58.818025258323765,93.46997907388528,5497.7195900627785,1244.0,164.0,0.0,781.0,0.7141216991963261,0.44833524684270953,7.585365853658536,525.0,1.0,1.0,0.0297,2.58,0.028148148148148148,0.9902411021814007,0.0,PORT_SCAN
24.675,371858.0,406003.0,23142859.0,57.00169456875934,16454.02228976697,937907.1529888551,287161.0,49681.0,0.0,17376.0,0.7072878771831735,0.04279771331738928,5.7800970189811,3.0,1.0,1.0,0.0015,1.09,0.0,1.0,0.0,SYN_FLOOD
50.918,7.0,52166.0,24454282.0,468.7781696890695,1024.5099964649044,480267.9209709729,12.0,37682.0,11.0,2.0,0.00023003488862477476,3.8339148104129126e-05,0.0003184544344780001,5.0,3.0,2.0,3.8204,7452.29,0.0,0.953686309090212,0.012536901430050224,BENIGN
33.381,222.0,2150.0,182785.0,85.01627906976744,64.40789670770798,5475.719720799257,636.0,785.0,87.0,655.0,0.2958139534883721,0.30465116279069765,0.8101910828025478,3.0,1.0,1.0,1.217,9.68,0.8738738738738738,1.0,0.0,BRUTE_FORCE
39.848,939.0,1417.0,62676.0,44.23147494707128,35.56012848825537,1572.876932342903,677.0,82.0,0.0,202.0,0.47776993648553284,0.14255469301340862,8.25609756097561,834.0,1.0,1.0,0.0177,1.51,0.05005324813631523,0.9710656316160904,0.0,PORT_SCAN
48.272,10995.0,1196703.0,1039700344.0,868.8039923021836,24790.83112363275,21538373.05270136,309074.0,228915.0,42821.0,0.0,0.2582712669726741,0.0,1.3501692768058013,2.0,1.0,37.0,2.3925,108.84,0.0,0.9328037115307641,0.0,DOS_DDOS
11.635,434.0,1863.0,372162.0,199.76489533011272,160.12032660077352,31986.420283626987,360.0,980.0,208.0,700.0,0.1932367149758454,0.3757380568974772,0.3673469387755102,2.0,1.0,1.0,2.331,4.29,0.8617511520737328,1.0,0.0,BRUTE_FORCE
20.858,10.0,105885.0,10366539.0,97.90375407281485,5076.469460159172,497005.4175855787,910.0,0.0,0.0,1189.0,0.008594229588704727,0.011229163715351561,910.0,2.0,2.0,1.0,0.1629,10588.5,0.0,0.17228124852434246,0.8277093072673183,ANOMALY
28.391,315454.0,429284.0,19906633.0,46.37170963744281,15120.425486950091,701159.9802754394,220801.0,20779.0,0.0,7528.0,0.5143471454794495,0.01753617651717744,10.626161027960922,1.0,1.0,1.0,0.0061,1.36,0.0,1.0,0.0,SYN_FLOOD
39.937,4709.0,189455.0,187721130.0,990.8481169670898,4743.846558329369,4700431.4295014655,90455.0,50213.0,7275.0,44538.0,0.4774484706130743,0.23508484864479692,1.8014259255571266,1.0,1.0,1.0,1.6064,40.23,0.0,0.9562217940935842,0.0,DOS_DDOS
5.471,8.0,1350.0,999565.0,740.4185185185186,246.75562054469017,182702.4309998172,20.0,1039.0,17.0,0.0,0.014814814814814815,0.0,0.019249278152069296,2.0,3.0,1.0,0.7792,168.75,0.0,0.8318518518518518,0.0,BENIGN
19.251,312883.0,443972.50805838767,25964637.0,58.482533329710904,23062.308870104807,1348742.2471559918,345023.0,98947.0,0.0,3518.0,0.7771269475870911,0.00792391406257376,3.4869475577834597,1.0,1.0,1.0,0.0059,1.42,0.0,0.9999988556534956,0.0,SYN_FLOOD
10.525,14470.0,48653.0,8199357.0,168.52726450578587,4622.612826603326,779036.2945368171,10275.0,3331.0,318.0,3973.0,0.21118944361087702,0.08165991819620579,3.084659261483038,2.0,1.0,21.0,0.0935,3.36,0.0,0.995005446735042,0.0,DOS_DDOS
74.343,212.0,1181.0,89323.0,75.6333615580017,15.885826506866819,1201.4984598415451,397.0,366.0,48.0,413.0,0.336155800169348,0.34970364098221846,1.0846994535519126,2.0,1.0,1.0,1.8654,5.57,0.9811320754716981,1.0,0.0,BRUTE_FORCE
5.13,41483.0,57702.0,3348102.0,58.02401996464594,11247.95321637427,652651.4619883042,33368.0,13255.0,0.0,1432.0,0.5782815153720842,0.024817164049772973,2.5173896642776312,2.0,1.0,1.0,0.0056,1.39,0.0,1.0,0.0,SYN_FLOOD
48.351,216.0,1693.0,227411.0,134.32427643236858,35.01478769828959,4703.336022005749,306.0,795.0,85.0,293.0,0.18074424099232134,0.17306556408741877,0.3849056603773585,3.0,1.0,1.0,1.2079,7.84,0.9259259259259259,1.0,0.0,BRUTE_FORCE
18.71,54.0,4526.0,477472.0,105.49536014140521,241.90272581507213,25519.615179048636,108.0,0.0,0.0,179.0,0.023862129916040652,0.03954927087936368,108.0,1.0,3.0,1.0,0.4322,83.81,0.0,0.4829871851524525,0.5167918692001767,ANOMALY
9.472,130662.0,166204.54430922063,10487283.0,63.098653791851774,17546.932465078193,1107187.816722973,116757.0,49445.0,0.0,2914.0,0.7024898175032788,0.017532613275474312,2.361350996056224,2.0,1.0,176.0,0.0085,1.27,0.0,0.9999967250641498,0.0,SYN_FLOOD
41.271,98.0,1540.0,160122.0,103.97532467532467,37.31433694361658,3879.7702987569965,340.0,882.0,208.0,540.0,0.22077922077922077,0.35064935064935066,0.3854875283446712,2.0,1.0,1.0,1.2668,15.71,0.8775510204081632,1.0,0.0,BRUTE_FORCE
22.124,355.0,984.8282052937976,88114.0,89.47144235548524,44.514021211977834,3982.7336828783223,799.0,183.0,0.0,175.0,0.8113090138006753,0.17769596672730686,4.366120218579235,349.0,1.0,1.0,0.0323,2.77,0.11549295774647887,0.9514349761342088,0.0,PORT_SCAN
17.991,27.0,1533.0,7939758.0,5179.228962818004,85.20927130231783,441318.3258295815,654.0,569.0,0.0,0.0,0.42661448140900193,0.0,1.149384885764499,1.0,1.0,1.0,0.2448,56.78,1.0,1.0,0.0,ANOMALY
25.928,515.0,535.0,42364.0,79.18504672897197,20.634063560629436,1633.9092872570193,22.0,151.0,320.0,0.0,0.041121495327102804,0.0,0.1456953642384106,515.0,1.0,1.0,0.022,1.04,0.0,1.0,0.0,ANOMALY
69.29,106.0,1717.0,285432.0,166.23878858474083,24.779910520998698,4119.382306249097,482.0,937.0,250.0,460.0,0.2807221898660454,0.267909143855562,0.5144076840981857,1.0,1.0,1.0,1.0997,16.2,0.8867924528301887,1.0,0.0,BRUTE_FORCE
9.645,5.0,4208.0,3088054.0,733.8531368821293,436.2882322446864,320171.487817522,10.0,3998.0,10.0,2.0,0.002376425855513308,0.0004752851711026616,0.0025012506253126563,2.0,3.0,1.0,0.6154,841.6,0.0,0.9082699619771863,0.0002376425855513308,BENIGN
5.248,7.0,1323.0,1021948.0,772.4474678760394,252.09603658536585,194730.9451219512,15.0,1123.0,10.0,0.0,0.011337868480725623,0.0,0.013357079252003561,1.0,2.0,2.0,0.7884,189.0,0.0,0.9743008314436886,0.017384731670445956,BENIGN
25.6,279991.0,300301.0,16802013.0,55.95057292516508,11730.5078125,656328.6328125,215168.0,28029.0,0.0,10453.0,0.7165077705368946,0.034808408896407274,7.676620642905562,1.0,1.0,1.0,0.0038,1.07,0.0,1.0,0.0,SYN_FLOOD
18.625,41.0,23296.0,2663406.0,114.32889766483517,1250.7919463087248,143001.6644295302,507.0,0.0,0.0,271.0,0.021763392857142856,0.011632898351648352,507.0,3.0,2.0,1.0,0.0358,568.2,0.0,0.460207760989011,0.5397493131868132,ANOMALY
24.313,227490.0,262380.0,17832935.0,67.96606067535636,10791.757495989801,733473.2447661745,135291.0,25328.0,0.0,6234.0,0.5156300022867597,0.023759432883603934,5.3415587492103604,3.0,1.0,1.0,0.0081,1.15,0.0,1.0,0.0,SYN_FLOOD
26.737,185586.0,272482.0,13063739.0,47.94349351516797,10191.19572128511,488601.52597524034,152564.0,49548.0,0.0,12356.0,0.5599048744504224,0.04534611460573543,3.0791152014208443,1.0,1.0,152.0,0.0091,1.47,0.0,1.0,0.0,SYN_FLOOD
25.361,234788.0,385475.86707375373,22600492.0,58.63010873175054,15199.553135671058,891151.4530184141,298493.0,86981.0,0.0,4722.0,0.7743493834411399,0.012249794094364231,3.4317034754716547,2.0,1.0,66.0,0.0042,1.64,0.0,0.9999977506406295,0.0,SYN_FLOOD
213.844,3.0,16.0,889.0,55.5625,0.07482089747666523,4.157236116047212,3.0,8.0,3.0,0.0,0.1875,0.0,0.375,3.0,1.0,1.0,171.0753,5.33,0.0,1.0,0.0,ANOMALY
32.563,255.0,3140.0,548425.0,174.65764331210192,96.42846175106716,16841.96787765255,499.0,1273.0,64.0,365.0,0.1589171974522293,0.11624203821656051,0.391987431264729,3.0,1.0,1.0,1.0874,12.31,0.9411764705882353,1.0,0.0,BRUTE_FORCE
28.539,260683.0,370652.0,18088317.0,48.8013473554709,12987.560881600615,633810.4698833175,193434.0,12127.0,0.0,27995.0,0.521874966275644,0.07552906769692326,15.95068854621918,2.0,1.0,123.0,0.0036,1.42,0.0,1.0,0.0,SYN_FLOOD
16.64,931.0,1667.0,130464.0,78.26274745050989,100.18028846153845,7840.384615384615,1093.0,384.0,0.0,497.0,0.6556688662267547,0.2981403719256149,2.8463541666666665,745.0,1.0,1.0,0.0224,1.79,0.03007518796992481,0.9526094781043791,0.0,PORT_SCAN
19.851,1136.0,114890.0,149674957.0,1302.767490643224,5787.617752254295,7539920.255906504,34495.0,26016.0,551.0,39731.0,0.3002437113760989,0.3458177387065889,1.3259148216482164,1.0,1.0,1.0,3.9237,101.14,0.0,0.9022456262511968,0.0,DOS_DDOS
22.0,113675.0,140822.0,9951684.0,70.66853190552612,6401.0,452349.2727272727,94268.0,35860.0,0.0,227.0,0.6694124497592706,0.0016119640397097045,2.6287785833798103,3.0,1.0,92.0,0.0058,1.24,0.0,1.0,0.0,SYN_FLOOD
36.188,757.0,1256.0,104324.0,83.06050955414013,34.70763789101359,2882.8340886481706,749.0,136.0,0.0,137.0,0.5963375796178344,0.10907643312101911,5.507352941176471,592.0,1.0,1.0,0.0058,1.66,0.052840158520475564,0.9617834394904459,0.0,PORT_SCAN
11.31,3.0,5075.0,2483664.0,489.391921182266,448.7179487179487,219598.93899204244,5.0,4455.0,5.0,0.0,0.0009852216748768472,0.0,0.001122334455667789,6.0,2.0,2.0,0.8508,1691.67,0.0,0.8553694581280789,0.0009852216748768472,BENIGN
26.742,1181.0,2671.3208648239115,157329.0,58.89558310711238,99.89233658005801,5883.217410814449,2288.0,381.0,0.0,858.0,0.8565051207919273,0.3211894202969727,6.005249343832021,952.0,1.0,1.0,0.0149,2.26,0.11939034716342083,0.9987568453989781,0.0,PORT_SCAN
188.722,4.0,12.0,573.0,47.75,0.06358559150496497,3.0362119943620773,4.0,6.0,4.0,0.0,0.3333333333333333,0.0,0.6666666666666666,4.0,1.0,1.0,150.9779,3.0,0.0,1.0,0.0,ANOMALY
57.455,463.0,7434.0,545901.0,73.43301049233253,129.3882168653729,9501.366286659124,975.0,3470.0,814.0,1043.0,0.1311541565778854,0.14030131826741996,0.28097982708933716,1.0,1.0,1.0,1.8618,16.06,0.958963282937365,1.0,0.0,BRUTE_FORCE
7.519,6.0,1879.0,947528.0,504.2724853645556,249.9002526931773,126017.821518819,11.0,1054.0,6.0,1.0,0.005854177754124534,0.0005321979776476849,0.010436432637571158,5.0,1.0,2.0,1.2811,313.17,0.0,0.9265566790846195,0.007982969664715274,BENIGN
46.303,5.0,28478.0,17604515.0,618.1794718730248,615.035742824439,380202.4706822452,9.0,22099.0,6.0,0.0,0.0003160334293138563,0.0,0.0004072582469795013,3.0,1.0,1.0,3.2233,5695.6,0.0,0.8904417445045298,0.00867336189339139,BENIGN
34.214,188.0,277.0,24106.0,87.02527075812274,8.096101011281931,704.5653825919214,5.0,65.0,169.0,0.0,0.018050541516245487,0.0,0.07692307692307693,188.0,1.0,1.0,0.0047,1.47,0.0,1.0,0.0,ANOMALY
28.396,879021.0,1260025.0,71794737.0,56.9788194678677,44373.327229187205,2528339.801380476,1008614.0,63843.0,0.0,97336.0,0.8004714192178727,0.07724926092736255,15.798349075074793,3.0,1.0,117.0,0.0034,1.43,0.0,1.0,0.0,SYN_FLOOD
4.358,1031.0,2050.0,120204.0,58.63609756097561,470.3992657182194,27582.3772372648,1026.0,371.0,0.0,961.0,0.5004878048780488,0.468780487804878,2.765498652291105,965.0,1.0,1.0,0.0059,1.99,0.03394762366634336,0.9678048780487805,0.0,PORT_SCAN
16.573,278.0,404.0,27782.0,68.76732673267327,24.37699873287878,1676.3410366258372,8.0,155.0,239.0,0.0,0.019801980198019802,0.0,0.05161290322580645,278.0,1.0,1.0,0.0016,1.45,0.0,1.0,0.0,ANOMALY
8.915,373737.0,463405.0,28867133.0,62.29352941811159,51980.37016264723,3238040.717891195,351049.0,83505.0,0.0,35022.0,0.7575425383843506,0.07557536064565552,4.203927908508472,2.0,1.0,1.0,0.0045,1.24,0.0,1.0,0.0,SYN_FLOOD
39.358,253.0,292.0,13589.0,46.53767123287671,7.419076172569745,345.2665277707201,242.0,43.0,0.0,74.0,0.8287671232876712,0.2534246575342466,5.627906976744186,236.0,1.0,1.0,0.0051,1.15,0.02766798418972332,0.958904109589041,0.0,PORT_SCAN
31.404,4447.0,392627.0,454466686.0,1157.5023775746447,12502.451916953254,14471617.819386065,119186.0,35014.0,5329.0,0.0,0.30356037664246216,0.0,3.4039527046324327,4.0,1.0,16.0,3.5395,88.29,0.0,0.9415552165286646,0.0,DOS_DDOS
22.141,3400.0,169037.0,209194810.0,1237.5681655495544,7634.569350977825,9448299.986450477,14201.0,36345.0,3440.0,40567.0,0.08401119281577406,0.23998887817460082,0.39072774797083504,4.0,1.0,26.0,3.5276,49.72,0.0,0.9721776889083455,0.0,DOS_DDOS
38.152,253.0,3107.0,462303.0,148.79401351786288,81.43740826169008,12117.398825749633,1032.0,1601.0,417.0,575.0,0.3321532024460895,0.18506598004505953,0.6445971267957527,1.0,1.0,1.0,0.6899,12.28,0.924901185770751,1.0,0.0,BRUTE_FORCE
12.087,147533.0,160104.0,12205221.0,76.23307974816369,13245.966741126831,1009780.8389178456,100580.0,25523.0,0.0,10206.0,0.6282166591715385,0.06374606505771249,3.940759315127532,2.0,1.0,1.0,0.007,1.09,0.0,1.0,0.0,SYN_FLOOD
13.688,116581.0,129465.0,9843336.0,76.03086548488008,9458.284628872005,719121.5663354764,100265.0,3426.0,0.0,7737.0,0.7744564167921832,0.05976132545475611,29.265907764156452,1.0,1.0,124.0,0.0024,1.11,0.0,1.0,0.0,SYN_FLOOD
23.763,880.0,2135.0,185634.0,86.9480093676815,89.84555822076337,7811.892437823507,1452.0,318.0,0.0,1119.0,0.6800936768149883,0.5241217798594848,4.566037735849057,717.0,1.0,1.0,0.0499,2.43,0.035227272727272725,0.9498829039812646,0.0,PORT_SCAN
35.986,33107.0,161273.0,36324795.0,225.23791955255996,4481.548379925527,1009414.6334685712,38941.0,33945.0,2503.0,0.0,0.24146013281826467,0.0,1.147179260568567,2.0,1.0,36.0,1.6651,4.87,0.0,0.9772249539600553,0.0,DOS_DDOS
17.45,10.0,5256.0,3560753.0,677.4644216133942,301.2034383954155,204054.61318051576,23.0,3035.0,18.0,0.0,0.004375951293759513,0.0,0.007578253706754531,1.0,1.0,1.0,4.7385,525.6,0.0,0.863013698630137,0.0024733637747336376,BENIGN
26.083,433476.0,620523.0,40026647.0,64.50469523289226,23790.32319901852,1534587.5474446958,437662.0,145126.0,0.0,2147.0,0.7053114872454365,0.0034599845614102943,3.0157380483166354,1.0,1.0,63.0,0.0079,1.43,0.0,1.0,0.0,SYN_FLOOD
36.58,9.0,15339.0,3350432.0,218.42571223678206,419.3275013668672,91591.90814652816,22.0,8981.0,14.0,3.0,0.0014342525588369516,0.00019557989438685703,0.002449615855695357,3.0,3.0,2.0,1.6883,1704.33,0.0,0.8913227720190364,0.015059651867787991,BENIGN
87.376,65.0,875.0,186609.0,213.26742857142858,10.014191540010987,2135.700878959897,116.0,422.0,118.0,192.0,0.13257142857142856,0.21942857142857142,0.27488151658767773,2.0,1.0,1.0,2.4514,13.46,0.8461538461538461,1.0,0.0,BRUTE_FORCE
39.923,12344.0,307956.0,245318057.0,796.6009981945473,7713.748966761014,6144780.126743982,97188.0,89098.0,3426.0,0.0,0.3155905389081557,0.0,1.0907988955981054,2.0,1.0,1.0,3.7279,24.95,0.0,0.9471515411292523,0.0,DOS_DDOS
14.965,291.0,326.0,24289.0,74.50613496932516,21.784163047109924,1623.0537921817574,4.0,100.0,248.0,0.0,0.012269938650306749,0.0,0.04,291.0,1.0,1.0,0.0217,1.12,0.0,1.0,0.0,ANOMALY
197.142,4.0,8.5,385.0,45.294117647058826,0.04311612949041808,1.9529070416248187,4.0,3.0,4.0,0.0,0.47058823529411764,0.0,1.3333333333333333,4.0,1.0,1.0,157.7139,2.12,0.0,0.9411764705882353,0.0,ANOMALY
33.636,357.0,665.0,49617.0,74.61203007518797,19.770484005232486,1475.115947199429,472.0,46.0,0.0,227.0,0.7097744360902256,0.34135338345864663,10.26086956521739,323.0,1.0,1.0,0.0194,1.86,0.0700280112044818,0.9639097744360903,0.0,PORT_SCAN
52.566,6315.0,636104.0,881735639.0,1386.150124822356,12101.053913175816,16773877.39223072,263232.0,137967.0,18867.0,0.0,0.4138191239168438,0.0,1.9079345060775403,3.0,1.0,59.0,2.9418,100.73,0.0,0.9751455736797756,0.0,DOS_DDOS
25.695,439.0,493.0,37903.0,76.88235294117646,19.186612181358242,1475.11188947266,300.0,98.0,0.0,72.0,0.6085192697768763,0.1460446247464503,3.061224489795918,374.0,1.0,1.0,0.0386,1.12,0.07517084282460136,0.9939148073022313,0.0,PORT_SCAN
16.555,912.0,1823.0,86589.0,47.49808008776742,110.11778918755662,5230.383569918454,1381.0,286.0,0.0,204.0,0.757542512342293,0.11190345584201865,4.828671328671328,771.0,1.0,1.0,0.0487,2.0,0.09429824561403509,0.9972572682391662,0.0,PORT_SCAN
23.337,13.0,120969.0,12112339.0,100.12762773933818,5183.571153104513,519018.68277842057,2051.0,0.0,0.0,3138.0,0.016954757003860493,0.02594053021848573,2051.0,2.0,1.0,1.0,0.2894,9305.31,0.0,0.3382850151691756,0.6617067182501302,ANOMALY
21.514,1159.0,1308.0,61435.0,46.968654434250766,60.79762015431812,2855.5824114530074,832.0,227.0,0.0,515.0,0.636085626911315,0.3937308868501529,3.6651982378854626,1072.0,1.0,1.0,0.0077,1.13,0.08541846419327007,0.9762996941896025,0.0,PORT_SCAN
18.614,32.0,85788.0,7939906.0,92.55264139506691,4608.789083485548,426555.60330933705,3970.0,0.0,0.0,141.0,0.04627686855970532,0.001643586515596587,3970.0,1.0,3.0,1.0,0.0784,2680.88,0.0,0.1399496433067562,0.8600387000512892,ANOMALY
10.788,47.0,3805.0,21491107.0,5648.122733245729,352.70671116054876,1992130.7934742307,1200.0,792.0,0.0,0.0,0.31537450722733246,0.0,1.5151515151515151,1.0,1.0,1.0,0.4548,80.96,1.0,1.0,0.0,ANOMALY
29.518,10.0,12226.0,3109957.0,254.37240307541305,414.1879531133546,105357.9849583305,25.0,9653.0,16.0,0.0,0.0020448225094061834,0.0,0.0025898684346835183,5.0,1.0,1.0,0.8,1222.6,0.0,0.9609029936201537,0.010633077048912155,BENIGN
10.691,159.0,316.0,24697.0,78.15506329113924,29.55757178935553,2310.0738939294733,253.0,48.0,0.0,85.0,0.8006329113924051,0.2689873417721519,5.270833333333333,129.0,1.0,1.0,0.0065,1.99,0.11320754716981132,0.9968354430379747,0.0,PORT_SCAN
5.569,975.0,1575.0,111035.0,70.4984126984127,282.8155862811995,19938.049919195546,1095.0,391.0,0.0,465.0,0.6952380952380952,0.29523809523809524,2.8005115089514065,864.0,1.0,1.0,0.0461,1.62,0.06769230769230769,0.9885714285714285,0.0,PORT_SCAN
47.766,83.0,1118.0,249265.0,222.9561717352415,23.40576979441444,5218.4608298789935,201.0,593.0,62.0,236.0,0.17978533094812166,0.2110912343470483,0.33895446880269814,1.0,1.0,1.0,2.2742,13.47,0.9879518072289156,1.0,0.0,BRUTE_FORCE
11.768,13.0,3000.0,1121784.0,373.928,254.9286199864038,95324.949014276,29.0,1958.0,16.0,1.0,0.009666666666666667,0.0003333333333333333,0.01481103166496425,2.0,2.0,1.0,1.1423,230.77,0.0,0.8103333333333333,0.018333333333333333,BENIGN
9.782,249.0,313.0,24193.0,77.29392971246007,31.997546514005315,2473.2161112246986,2.0,60.0,264.0,0.0,0.006389776357827476,0.0,0.03333333333333333,249.0,1.0,1.0,0.0035,1.26,0.0,1.0,0.0,ANOMALY
20.951,530359.0,673929.0,49606736.0,73.60825250137626,32166.91327382941,2367750.274449907,456515.0,55364.0,0.0,38877.0,0.6773933159131006,0.057687085731583,8.245701177660573,1.0,1.0,181.0,0.0028,1.27,0.0,1.0,0.0,SYN_FLOOD
91.993,4.0,8.5,634.0,74.58823529411765,0.09239833465589774,6.891828726098725,4.0,3.0,4.0,0.0,0.47058823529411764,0.0,1.3333333333333333,4.0,1.0,1.0,73.5943,2.12,0.0,0.9411764705882353,0.0,ANOMALY
32.08,2698.0,263233.0,322184511.0,1223.951825948874,8205.517456359103,10043158.073566085,69206.0,71971.0,332.0,0.0,0.2629077661235483,0.0,0.9615817482041378,4.0,1.0,1.0,3.4275,97.57,0.0,0.9901304167790512,0.0,DOS_DDOS
21.104,274.0,617.0,53306.0,86.39546191247975,29.236163760424564,2525.871872630781,318.0,42.0,0.0,321.0,0.5153970826580226,0.520259319286872,7.571428571428571,249.0,1.0,1.0,0.0215,2.25,0.058394160583941604,0.9918962722852512,0.0,PORT_SCAN
42.494,4.0,46662.0,28272760.0,605.905447687626,1098.0844354497106,665335.3414599708,7.0,36645.0,5.0,1.0,0.00015001500150015003,2.143071450002143e-05,0.00019102196752626553,3.0,1.0,1.0,3.0439,11665.5,0.0,0.9144914491449145,0.011315417256011316,BENIGN
49.306,122954.0,441414.0,54843520.0,124.2450851128419,8952.5412728674,1112309.25242364,186653.0,51352.0,14417.0,134053.0,0.42285246956372025,0.3036899599922069,3.6347756659915875,2.0,1.0,33.0,1.376,3.59,0.0,0.9268079399384704,0.0,DOS_DDOS
24.904,3.0,9147.0,4603353.0,503.263693014103,367.2903951172502,184843.9206553164,6.0,5693.0,5.0,0.0,0.0006559527714004591,0.0,0.0010539258738802037,3.0,2.0,2.0,2.3089,3049.0,0.0,0.8850989395430195,0.00470099486170329,BENIGN
14.793,85.0,4355.0,35316030.0,8109.306544202067,294.3959981072129,2387347.3940377207,1368.0,1333.0,0.0,0.0,0.31412169919632604,0.0,1.0262565641410353,1.0,1.0,1.0,0.453,51.24,1.0,1.0,0.0,ANOMALY
22.857,409011.0,459661.0,27131130.0,59.02421567198435,20110.294439340247,1186994.3562147263,328128.0,19745.0,0.0,13848.0,0.7138478139324416,0.030126549783427353,16.61828310964801,1.0,1.0,1.0,0.0055,1.12,0.0,1.0,0.0,SYN_FLOOD
217.113,1.0,7.0,376.0,53.714285714285715,0.03224127528061424,1.7318170722158508,1.0,4.0,1.0,0.0,0.14285714285714285,0.0,0.25,1.0,1.0,1.0,173.6907,7.0,0.0,1.0,0.0,ANOMALY
7.258,43397.0,64132.91040080476,3782649.0,58.98140247121132,8836.168421163511,521169.6059520529,50195.0,13936.0,0.0,53.0,0.7826714815576207,0.0008264087762238051,3.601822617680827,1.0,1.0,1.0,0.0062,1.48,0.0,0.9999858044676427,0.0,SYN_FLOOD
40.428,145.0,652.0,106328.0,163.079754601227,16.127436430196894,2630.058375383398,191.0,352.0,70.0,96.0,0.2929447852760736,0.147239263803681,0.5426136363636364,2.0,1.0,1.0,2.426,4.5,0.8758620689655172,1.0,0.0,BRUTE_FORCE
10.003,1420.0,21537.0,13955237.0,647.9656869573292,2153.0540837748676,1395105.1684494652,8117.0,4645.0,550.0,0.0,0.37688628871244834,0.0,1.747470398277718,3.0,1.0,36.0,0.9936,15.17,0.0,0.95185030412778,0.0,DOS_DDOS
11.46,422.0,5873.0,1283977.0,218.62370168568023,512.4781849912739,112039.87783595112,1184.0,3277.0,738.0,636.0,0.20160054486633747,0.10829218457347183,0.3613060726274031,2.0,1.0,1.0,1.8572,13.92,0.8838862559241706,1.0,0.0,BRUTE_FORCE
24.492,628.0,1563.0,127394.0,81.5060780550224,63.816756491915726,5201.45353584844,1201.0,172.0,0.0,223.0,0.7683941138835573,0.14267434420985284,6.982558139534884,564.0,1.0,1.0,0.024,2.49,0.027070063694267517,0.9545745361484325,0.0,PORT_SCAN
18.697,3585.0,105122.0,112621923.0,1071.3449420673123,5622.399315398193,6023529.068834573,12190.0,15310.0,1077.0,10622.0,0.11596050303456935,0.10104450067540571,0.7962116263879817,3.0,1.0,34.0,3.0445,29.32,0.0,0.9852742527729685,0.0,DOS_DDOS
14.698,80421.0,120365.0,7299881.0,60.64787105886263,8189.2094162471085,496658.1167505783,89467.0,26951.0,0.0,1281.0,0.7432974701948241,0.010642628671125327,3.3196170828540685,3.0,1.0,1.0,0.0072,1.5,0.0,1.0,0.0,SYN_FLOOD
26.121,68127.0,218029.0,56367881.0,258.5338693476556,8346.885647563264,2157952.6434669425,66820.0,20197.0,6965.0,0.0,0.3064729921249008,0.0,3.308412140416894,4.0,1.0,1.0,1.4161,3.2,0.0,0.9963261767929954,0.0,DOS_DDOS
162.102,4.0,17.0,806.0,47.411764705882355,0.10487224093472011,4.972178011375553,4.0,8.0,4.0,0.0,0.23529411764705882,0.0,0.5,4.0,1.0,1.0,129.6815,4.25,0.0,1.0,0.0,ANOMALY
11.042,1178.0,1612.0,116080.0,72.00992555831266,145.98804564390508,10512.588299221155,1088.0,321.0,0.0,697.0,0.674937965260546,0.4323821339950372,3.3894080996884735,1135.0,1.0,1.0,0.0151,1.37,0.06112054329371817,0.9621588089330024,0.0,PORT_SCAN
12.612,213924.0,322105.2472181836,13530118.0,42.00527037932772,25539.585095003455,1072797.1772914685,255012.0,67091.0,0.0,977.0,0.7917039607469145,0.0030331700847400726,3.8009867195301905,3.0,1.0,3.0,0.0098,1.51,0.0,0.9999992324925293,0.0,SYN_FLOOD
54.023,100771.0,317608.0,19882779.0,62.60163157099318,5879.125557632859,368042.85211854207,58402.0,71780.0,593.0,67560.0,0.1838807586710662,0.2127150449610841,0.813624965171357,4.0,1.0,1.0,1.4767,3.15,0.0,0.9165260320898718,0.0,DOS_DDOS
12.509,147609.0,155001.0,8506580.0,54.88080722059858,12391.158365976496,680036.7735230634,99858.0,32895.0,0.0,7145.0,0.6442410048967426,0.04609647679692389,3.0356589147286823,2.0,1.0,1.0,0.0079,1.05,0.0,1.0,0.0,SYN_FLOOD
119.68,2.0,10.0,771.0,77.1,0.08355614973262032,6.442179144385026,2.0,5.0,2.0,0.0,0.2,0.0,0.4,2.0,1.0,1.0,95.7442,5.0,0.0,1.0,0.0,ANOMALY
43.616,4.0,55368.0,28832583.0,520.7445275249241,1269.4424064563464,661055.1861702128,8.0,47635.0,4.0,1.0,0.00014448779078167894,1.8060973847709867e-05,0.00016794373884748608,4.0,3.0,2.0,5.3223,13842.0,0.0,0.9992233781245484,0.0021311949140297645,BENIGN
14.259,160325.0,205741.0,9486371.0,46.10831579510161,14428.851953152394,665290.0624167193,162348.0,38803.0,0.0,7732.0,0.7890891946670814,0.0375812307707263,4.183903306445378,3.0,1.0,1.0,0.0013,1.28,0.0,1.0,0.0,SYN_FLOOD
62.152,1.0,10.0,775.0,77.5,0.16089586819410479,12.46942978504312,1.0,5.0,1.0,0.0,0.1,0.0,0.2,1.0,1.0,1.0,49.7219,10.0,0.0,1.0,0.0,ANOMALY
33.473,2.0,11732.0,4392211.0,374.37870780770544,350.49144086278494,131216.53272787022,5.0,8306.0,4.0,0.0,0.0004261847937265598,0.0,0.0006019744762822056,2.0,3.0,1.0,0.7421,5866.0,0.0,0.9717865666553017,0.018240709171496762,BENIGN
9.719,10.0,4940.0,1005126.0,203.4668016194332,508.28274513838875,103418.66447165346,24.0,3776.0,16.0,3.0,0.004858299595141701,0.0006072874493927126,0.006355932203389831,1.0,2.0,1.0,0.5974,494.0,0.0,0.9544534412955465,0.010931174089068825,BENIGN
27.444,54.0,191229.0,12858645.0,67.24212854744835,6967.971141233057,468541.2111937036,5272.0,0.0,0.0,1595.0,0.027569040260629927,0.008340785131962203,5272.0,1.0,2.0,1.0,0.1376,3541.28,0.0,0.14449691207923485,0.855497858588394,ANOMALY
31.932,777.0,1568.0,124093.0,79.14094387755102,49.104346736815735,3886.16434924214,1267.0,201.0,0.0,329.0,0.8080357142857143,0.20982142857142858,6.303482587064677,765.0,1.0,1.0,0.0031,2.02,0.10038610038610038,0.9897959183673469,0.0,PORT_SCAN
11.995,7.0,2317.0,387303.0,167.1570996978852,193.16381825760735,32288.703626511047,13.0,1528.0,17.0,0.0,0.0056107034958998705,0.0,0.008507853403141362,3.0,2.0,1.0,0.7937,331.0,0.0,0.8243418213206732,0.011652999568407424,BENIGN
59.953,52867.0,178895.0,30052879.0,167.99172140082172,2983.9207379113636,501273.98128534015,32334.0,19942.0,3086.0,48484.0,0.18074289387629616,0.2710193130048352,1.621402065991375,5.0,1.0,37.0,1.781,3.38,0.0,0.9854886944855921,0.0,DOS_DDOS
4.237,1175.0,2385.0,183488.0,76.93417190775682,562.8982770828417,43306.11281567146,1801.0,311.0,0.0,499.0,0.7551362683438155,0.20922431865828092,5.790996784565916,1156.0,1.0,1.0,0.0166,2.03,0.02723404255319149,0.970230607966457,0.0,PORT_SCAN
249.092,4.0,8.5,425.0,50.0,0.0341239381433366,1.70619690716683,4.0,3.0,4.0,0.0,0.47058823529411764,0.0,1.3333333333333333,4.0,1.0,1.0,199.2734,2.12,0.0,0.9411764705882353,0.0,ANOMALY
16.782,2402.0,167379.0,159618074.0,953.6326181898565,9973.72184483375,9511266.475986175,17569.0,10518.0,315.0,0.0,0.10496537797453682,0.0,1.6703745959307854,5.0,1.0,1.0,2.4708,69.68,0.0,0.965664748863358,0.0,DOS_DDOS
11.078,129431.0,185742.02666520694,10696385.0,57.58731716263565,16766.74730684302,965551.994944936,153250.0,32490.0,0.0,7469.0,0.8250690635363175,0.04021168571323168,4.71683594952293,3.0,1.0,1.0,0.0093,1.44,0.0,0.9999998564395607,0.0,SYN_FLOOD
8.43,63029.0,79023.85834653578,3331460.0,42.15764795222813,9374.123172780046,395190.98457888496,63781.0,15240.0,0.0,5196.0,0.8071106794141495,0.06575229441739579,4.185104986876641,1.0,1.0,1.0,0.0088,1.25,0.0,0.9999891381343086,0.0,SYN_FLOOD
10.731,11.0,1221.0,918214.0,752.018018018018,113.7824993010903,85566.48960954245,27.0,709.0,14.0,0.0,0.022113022113022112,0.0,0.0380818053596615,3.0,1.0,1.0,0.0877,111.0,0.09090909090909091,0.8894348894348895,0.007371007371007371,BENIGN
4.281,322.0,820.0,54227.0,66.13048780487804,191.54403176827844,12666.900256949311,433.0,90.0,0.0,447.0,0.5280487804878049,0.5451219512195122,4.811111111111111,291.0,1.0,1.0,0.0173,2.55,0.08074534161490683,0.974390243902439,0.0,PORT_SCAN
34.877,4.0,13687.0,6586283.0,481.2072039161248,392.4362760558534,188843.1631160937,8.0,12710.0,8.0,1.0,0.0005844962373054724,7.306202966318405e-05,0.0006294256490952006,4.0,3.0,1.0,1.6908,3421.75,0.0,0.8793745890260831,0.01446628187331044,BENIGN
15.908,223552.0,345513.0992568691,21237902.0,61.46771872232503,21719.455573099644,1335045.3859693236,271093.0,74418.0,0.0,14086.0,0.7846099050457649,0.04076835300975917,3.642841785589508,3.0,1.0,1.0,0.0048,1.55,0.0,0.9999997127261765,0.0,SYN_FLOOD
57.915,206.0,2061.0,517120.0,250.9073265405143,35.58663558663559,8928.947595614263,342.0,878.0,87.0,284.0,0.16593886462882096,0.13779718583212033,0.3895216400911162,2.0,1.0,1.0,1.5697,10.0,0.970873786407767,1.0,0.0,BRUTE_FORCE
15.13,10623.0,51352.0,6088623.0,118.56642389780339,3394.0515532055515,402420.55518836743,24573.0,9940.0,199.0,0.0,0.4785207976320299,0.0,2.4721327967806843,2.0,1.0,1.0,1.7414,4.83,0.0,0.9498753699953264,0.0,DOS_DDOS
27.519,1858.0,221025.0,173338349.0,784.2477050107453,8031.723536465715,6298860.750754025,60743.0,48585.0,2204.0,0.0,0.2748241149191268,0.0,1.2502418441905938,2.0,1.0,1.0,2.4493,118.96,0.0,0.9401832371903631,0.0,DOS_DDOS
38.684,779.0,819.0,38398.0,46.88400488400488,21.17154379071451,992.6067624857823,8.0,172.0,466.0,0.0,0.009768009768009768,0.0,0.046511627906976744,779.0,1.0,1.0,0.0035,1.05,0.0,1.0,0.0,ANOMALY
67.358,147.0,1744.0,298395.0,171.0980504587156,25.89150509219395,4429.986044716292,331.0,672.0,116.0,557.0,0.18979357798165136,0.31938073394495414,0.49255952380952384,2.0,1.0,1.0,1.0962,11.86,0.9183673469387755,1.0,0.0,BRUTE_FORCE
12.804,261.0,356.0,26759.0,75.16573033707866,27.803811308965948,2089.8937831927524,171.0,31.0,0.0,166.0,0.4803370786516854,0.46629213483146065,5.516129032258065,204.0,1.0,1.0,0.0486,1.36,0.08812260536398467,0.9691011235955056,0.0,PORT_SCAN
35.618,384.0,507.0,35746.0,70.50493096646943,14.234375877365377,1003.5936885844236,19.0,154.0,402.0,0.0,0.03747534516765286,0.0,0.12337662337662338,384.0,1.0,1.0,0.0021,1.32,0.0,1.0,0.0,ANOMALY
34.711,287.0,308.0,25859.0,83.95779220779221,8.873267840165942,744.9799775287373,3.0,86.0,181.0,0.0,0.00974025974025974,0.0,0.03488372093023256,287.0,1.0,1.0,0.0217,1.07,0.0,1.0,0.0,ANOMALY
21.846,204.0,391.0,30029.0,76.8005115089514,17.898013366291313,1374.576581525222,246.0,89.0,0.0,202.0,0.629156010230179,0.5166240409207161,2.764044943820225,191.0,1.0,1.0,0.0124,1.92,0.06372549019607843,0.9641943734015346,0.0,PORT_SCAN
47.843,358321.0,507392.0,91419461.0,180.17521167066096,10605.355015362748,1910822.0847354888,223016.0,31255.0,19275.0,0.0,0.43953393037336025,0.0,7.135370340745481,2.0,1.0,1.0,1.9318,1.42,0.0,0.9177421007820383,0.0,DOS_DDOS
8.487,495.0,629.0,38737.0,61.58505564387917,74.11334982915047,4564.274773182515,13.0,247.0,380.0,0.0,0.02066772655007949,0.0,0.05263157894736842,495.0,1.0,1.0,0.0266,1.27,0.0,1.0,0.0,ANOMALY
18.764,7.0,3033.0,474649.0,156.494889548302,161.63930931571093,25295.72585802601,17.0,2635.0,17.0,1.0,0.00560501153972964,0.0003297065611605671,0.0064516129032258064,2.0,3.0,1.0,1.4654,433.29,0.0,0.8638311902406858,0.00560501153972964,BENIGN
203.719,2.0,14.0,783.0,55.92857142857143,0.06872211232138387,3.8435295676888264,2.0,7.0,2.0,0.0,0.14285714285714285,0.0,0.2857142857142857,2.0,1.0,1.0,162.9754,7.0,0.0,1.0,0.0,ANOMALY
11.919,194.0,1691.0,15220562.0,9000.92371377883,141.87431831529491,1276999.916100344,543.0,515.0,0.0,0.0,0.3211117681845062,0.0,1.054368932038835,1.0,1.0,1.0,0.3096,8.72,1.0,1.0,0.0,ANOMALY
12.691,9.0,6323.0,1594348.0,252.1505614423533,498.22709006382473,125628.24048538333,21.0,3705.0,18.0,0.0,0.0033212082872054404,0.0,0.005668016194331984,2.0,1.0,2.0,4.8456,702.56,0.0,0.9481258896093626,0.00648426379882967,BENIGN
50.702,135.0,13806.0,121748148.0,8818.495436766623,272.2969508106189,2401249.4181689085,5639.0,6724.0,0.0,0.0,0.4084456033608576,0.0,0.8386377156454491,1.0,1.0,1.0,0.0991,102.27,1.0,1.0,0.0,ANOMALY
240.75,3.0,6.0,310.0,51.666666666666664,0.024922118380062305,1.2876427829698858,3.0,2.0,3.0,0.0,0.5,0.0,1.5,3.0,1.0,1.0,192.6001,2.0,0.0,1.0,0.0,ANOMALY
30.699,4.0,36483.0,23103028.0,633.2546117369734,1188.4100459298347,752566.1422196162,9.0,28412.0,5.0,0.0,0.00024669023928953213,0.0,0.0003167675630015486,1.0,2.0,1.0,2.8065,9120.75,0.0,0.824767700024669,0.004741934599676562,BENIGN
34.356,996.0,2476.0,176140.0,71.1389337641357,72.06892536965886,5126.906508324601,1580.0,232.0,0.0,349.0,0.6381260096930533,0.14095315024232632,6.810344827586207,843.0,1.0,1.0,0.0313,2.49,0.08132530120481928,0.9515347334410339,0.0,PORT_SCAN
28.228,3.0,28161.0,18294515.0,649.6401051099037,997.6264701714609,648098.1649426102,7.0,18701.0,6.0,1.0,0.00024857071836937607,3.5510102624196586e-05,0.00037431153414255923,3.0,3.0,1.0,4.2187,9387.0,0.0,0.9235112389474806,0.013564859202443096,BENIGN
5.58,11.0,2195.0,1227799.0,559.3617312072893,393.3691756272401,220035.66308243727,22.0,1761.0,13.0,2.0,0.010022779043280182,0.0009111617312072893,0.01249290176036343,4.0,2.0,1.0,1.192,199.55,0.09090909090909091,0.9712984054669704,0.0009111617312072893,BENIGN
40.193,4438.0,482259.0,656294720.0,1360.8760437856006,11998.58184260941,16328582.589008037,233639.0,121571.0,14548.0,122274.0,0.48446788966094984,0.2535442573388988,1.9218316868332086,5.0,1.0,13.0,3.474,108.67,0.0,0.9240553312639059,0.0,DOS_DDOS
11.809,882.0,104426.0,86765481.0,830.8800586060943,8842.916419679907,7347402.913032433,41407.0,30937.0,3150.0,0.0,0.3965200237488748,0.0,1.3384297119953454,3.0,1.0,1.0,2.6534,118.4,0.0,0.9464022369907877,0.0,DOS_DDOS
51.434,109397.0,408543.0,39503284.0,96.6930873861503,7943.053233269822,768038.3403974025,87681.0,85521.0,15643.0,134162.0,0.21461877941856794,0.3283913810786135,1.0252569544322447,5.0,1.0,1.0,2.4492,3.73,0.0,0.9829148951273183,0.0,DOS_DDOS
44.448,100.0,555.0,43980.0,79.24324324324324,12.486501079913607,989.4708423326134,159.0,283.0,38.0,60.0,0.2864864864864865,0.10810810810810811,0.5618374558303887,1.0,1.0,1.0,2.2424,5.55,0.91,1.0,0.0,BRUTE_FORCE
32.802,103691.0,559192.0,35108052.0,62.783537675789354,17047.497103835132,1070302.1766965429,68794.0,167717.0,12580.0,0.0,0.1230239345341135,0.0,0.4101790516167115,5.0,1.0,35.0,3.8145,5.39,0.0,0.9755468604701069,0.0,DOS_DDOS
34.919,1108.0,2001.7262012950143,162622.0,81.240880943054,57.32484324565464,4657.120765199462,1695.0,304.0,0.0,655.0,0.8467691529957603,0.3272175782962967,5.5756578947368425,1011.0,1.0,1.0,0.0105,1.81,0.06046931407942238,0.9816527348888903,0.0,PORT_SCAN
18.757,4.0,24576.0,21376855.0,869.8264567057291,1310.230847150397,1139673.4552433756,10.0,22700.0,5.0,0.0,0.0004069010416666667,0.0,0.0004405286343612335,3.0,2.0,1.0,4.3296,6144.0,0.0,0.9949544270833334,0.014485677083333334,BENIGN
35.459,8375.0,216368.0,289605771.0,1338.4870729497893,6101.920527933669,8167341.74680617,75023.0,53677.0,2464.0,65727.0,0.3467379649486061,0.3037741255638542,1.3976749818357956,5.0,1.0,22.0,3.9859,25.83,0.0,0.9214532648081047,0.0,DOS_DDOS
84.045,39.0,638.0,48101.0,75.3934169278997,7.591171396275804,572.3243500505681,107.0,204.0,73.0,102.0,0.1677115987460815,0.15987460815047022,0.5245098039215687,3.0,1.0,1.0,1.3961,16.36,0.9743589743589743,1.0,0.0,BRUTE_FORCE
73.766,43.0,548.0,53724.0,98.03649635036497,7.428896781715153,728.3030122278556,128.0,168.0,70.0,200.0,0.23357664233576642,0.36496350364963503,0.7619047619047619,1.0,1.0,1.0,0.2484,12.74,0.9302325581395349,1.0,0.0,BRUTE_FORCE
55.468,138.0,775.0,132486.0,170.94967741935483,13.972019903367707,2388.512295377515,103.0,346.0,45.0,261.0,0.1329032258064516,0.3367741935483871,0.2976878612716763,2.0,1.0,1.0,2.3561,5.62,0.8768115942028986,1.0,0.0,BRUTE_FORCE
60.109,373.0,1529.0,259085.0,169.44735120994113,25.437122560681427,4310.253040310103,426.0,629.0,141.0,373.0,0.2786134728580772,0.24395029431000653,0.6772655007949125,1.0,1.0,1.0,0.3478,4.1,0.9222520107238605,1.0,0.0,BRUTE_FORCE
5.646,128318.0,157274.0,9867717.0,62.74220150819589,27855.82713425434,1747735.9192348565,80786.0,8250.0,0.0,3928.0,0.5136640512735735,0.024975520429314446,9.792242424242424,1.0,1.0,1.0,0.0047,1.23,0.0,1.0,0.0,SYN_FLOOD
49.579,5985.0,676880.0,544682994.0,804.6965400070914,13652.55450896549,10986163.375622744,323967.0,163783.0,3842.0,79910.0,0.4786180711499823,0.1180563763148564,1.978025802433708,3.0,1.0,1.0,1.5441,113.1,0.0,0.9302003309301501,0.0,DOS_DDOS
38.768,86.0,92.0,4989.0,54.22826086956522,2.373091209244738,128.68860916219563,75.0,12.0,0.0,31.0,0.8152173913043478,0.33695652173913043,6.25,82.0,1.0,1.0,0.0424,1.07,0.08139534883720931,0.9891304347826086,0.0,PORT_SCAN
16.445,23.0,67453.0,8923286.0,132.2889419299364,4101.733049559137,542613.9252052295,1127.0,0.0,0.0,1650.0,0.016707929966050434,0.024461476880198063,1127.0,1.0,2.0,1.0,0.3624,2932.74,0.0,0.5052258609698604,0.49475931389263633,ANOMALY
23.987,257.0,585.0,43625.0,74.57264957264957,24.388210280568643,1818.693458956935,451.0,43.0,0.0,234.0,0.770940170940171,0.4,10.488372093023257,232.0,1.0,1.0,0.0381,2.28,0.05058365758754864,0.9692307692307692,0.0,PORT_SCAN
26.68,536.0,1023.0,86667.0,84.71847507331378,38.343328335832084,3248.3883058470765,673.0,75.0,0.0,467.0,0.6578690127077224,0.45650048875855326,8.973333333333333,474.0,1.0,1.0,0.041,1.91,0.11380597014925373,0.9726295210166178,0.0,PORT_SCAN
5.803,26.0,24789.0,1692089.0,68.25967162854492,4271.755988281923,291588.6610373944,427.0,0.0,0.0,168.0,0.017225382225987334,0.0067771995643228855,427.0,2.0,2.0,1.0,0.3832,953.42,0.0,0.48501351405865506,0.5149461454677478,ANOMALY
41.588,451.0,4295.0,400923.0,93.34644935972061,103.2749831682216,9640.352986438396,1070.0,1366.0,540.0,1414.0,0.24912689173457508,0.3292200232828871,0.7833089311859444,3.0,1.0,1.0,1.9846,9.52,0.9024390243902439,1.0,0.0,BRUTE_FORCE
27.542,2.0,26328.0,22197377.0,843.1091233667578,955.9218647883232,805946.4454287996,4.0,21454.0,2.0,0.0,0.00015192950470981463,0.0,0.0001864454181038501,3.0,3.0,1.0,2.3572,13164.0,0.0,0.8866605894864783,0.004861744150714068,BENIGN
13.213,114202.0,131103.0,10262139.0,78.27539415574014,9922.273518504504,776669.8705820026,69455.0,11450.0,0.0,7431.0,0.5297742995965005,0.05668062515731905,6.065938864628821,2.0,1.0,155.0,0.0087,1.15,0.0,1.0,0.0,SYN_FLOOD
6.75,172464.0,226913.0,15035125.0,66.25942541855248,33616.74074074074,2227425.925925926,117214.0,40904.0,0.0,54.0,0.5165592099174574,0.00023797666947244098,2.8655877175826325,2.0,1.0,1.0,0.0085,1.32,0.0,1.0,0.0,SYN_FLOOD
10.363,13.0,2702.0,896080.0,331.6358253145818,260.7353083084049,86469.1691595098,24.0,2266.0,23.0,1.0,0.008882309400444115,0.0003700962250185048,0.01059135039717564,6.0,1.0,1.0,0.5472,207.85,0.0,0.8915618060695781,0.009622501850481125,BENIGN
27.565,184.0,3298.0,684615.0,207.5848999393572,119.64447669145655,24836.386722292762,711.0,1135.0,115.0,492.0,0.21558520315342633,0.14918132201334142,0.626431718061674,1.0,1.0,1.0,0.8747,17.92,0.8804347826086957,1.0,0.0,BRUTE_FORCE
33.061,556.0,678.0,58885.0,86.85103244837758,20.507546656181,1781.101600072593,305.0,141.0,0.0,233.0,0.4498525073746313,0.34365781710914456,2.1631205673758864,468.0,1.0,1.0,0.0278,1.22,0.04136690647482014,0.9837758112094396,0.0,PORT_SCAN
37.347,6.0,36978.0,32640775.0,882.7079614906161,990.1196883283798,873986.5317160682,14.0,23112.0,11.0,3.0,0.0003786034939693872,8.112932013629726e-05,0.0006057459328487366,1.0,2.0,2.0,5.8179,6163.0,0.0,0.8963437719725242,0.011276975498945319,BENIGN
39.012,6779.0,475485.0,602941999.0,1268.0568240848818,12188.172869886188,15455295.780785399,222387.0,99253.0,12082.0,175794.0,0.4677056058550743,0.3697151329694943,2.2406073368059403,4.0,1.0,1.0,1.8391,70.14,0.0,0.9482170836093673,0.0,DOS_DDOS
101.85,2.0,8.0,360.0,45.0,0.07854688267059401,3.534609720176731,2.0,4.0,2.0,0.0,0.25,0.0,0.5,2.0,1.0,1.0,81.4797,4.0,0.0,1.0,0.0,ANOMALY
29.896,43127.0,699297.0,843428832.0,1206.1096100798372,23390.988761038265,28212096.33395772,198835.0,61783.0,924.0,0.0,0.2843355541350814,0.0,3.218280109415211,3.0,1.0,1.0,0.6969,16.21,0.0,0.9342596922337719,0.0,DOS_DDOS
53.528,8738.0,244193.0,230872286.0,945.450057945969,4561.967568375429,4313112.501868181,98825.0,15968.0,1552.0,0.0,0.40470038043678563,0.0,6.188940380761523,2.0,1.0,1.0,0.8454,27.95,0.0,0.9600438997022847,0.0,DOS_DDOS
59.948,269460.0,681339.0,70565540.0,103.56891356578737,11365.500100086741,1177112.4974978315,183149.0,89047.0,24645.0,190563.0,0.26880745121004374,0.2796889654048866,2.056767774321426,2.0,1.0,1.0,1.4116,2.53,0.0,0.9511506019764023,0.0,DOS_DDOS
40.015,259.0,1204.0,219136.0,182.00664451827242,30.08871673122579,5476.346370111209,353.0,450.0,114.0,142.0,0.2931893687707641,0.11794019933554817,0.7844444444444445,1.0,1.0,1.0,2.4089,4.65,0.9420849420849421,1.0,0.0,BRUTE_FORCE
8.872,159137.0,198472.0,9280790.0,46.76120561086702,22370.604147880975,1046076.4201983769,157148.0,12090.0,0.0,7029.0,0.7917892700229755,0.035415574992946106,12.998180314309346,2.0,1.0,1.0,0.002,1.25,0.0,1.0,0.0,SYN_FLOOD
8.18,531.0,836.0,61627.0,73.71650717703349,102.20048899755501,7533.863080684597,676.0,51.0,0.0,376.0,0.8086124401913876,0.44976076555023925,13.254901960784315,457.0,1.0,1.0,0.0263,1.57,0.10546139359698682,0.9593301435406698,0.0,PORT_SCAN
39.491,152.0,361.0,28199.0,78.11357340720221,9.141323339495075,714.0614317186195,259.0,80.0,0.0,54.0,0.7174515235457064,0.14958448753462603,3.2375,124.0,1.0,1.0,0.0322,2.38,0.019736842105263157,0.96398891966759,0.0,PORT_SCAN
113.108,2.0,15.0,781.0,52.06666666666667,0.13261661420942816,6.904905046504226,2.0,7.0,2.0,0.0,0.13333333333333333,0.0,0.2857142857142857,2.0,1.0,1.0,90.4867,7.5,0.0,1.0,0.0,ANOMALY
26.214,27.0,6524.0,55287746.0,8474.51655426119,248.87464713511866,2109092.317082475,3194.0,1778.0,0.0,0.0,0.4895769466584917,0.0,1.7964004499437571,1.0,1.0,1.0,0.4501,241.63,1.0,1.0,0.0,ANOMALY
55.575,90.0,1346.0,138393.0,102.81797919762259,24.219523166891587,2490.2024291497974,365.0,653.0,138.0,295.0,0.2711738484398217,0.21916790490341753,0.55895865237366,2.0,1.0,1.0,0.8192,14.96,0.9444444444444444,1.0,0.0,BRUTE_FORCE
73.414,260.0,2770.0,611629.0,220.80469314079423,37.73122292750701,8331.231100335086,966.0,1360.0,109.0,494.0,0.34873646209386283,0.17833935018050542,0.7102941176470589,1.0,1.0,1.0,0.9037,10.65,0.95,1.0,0.0,BRUTE_FORCE
58.107,3528.0,310620.0,290059587.0,933.8084701564612,5345.6554287779445,4991818.317930714,33377.0,42294.0,4328.0,0.0,0.10745283626295796,0.0,0.7891663120064312,3.0,1.0,14.0,3.1134,88.04,0.0,0.9518511364368039,0.0,DOS_DDOS
8.135,428.0,563.0,32810.0,58.27708703374778,69.20712968653964,4033.1899200983407,9.0,125.0,382.0,0.0,0.015985790408525755,0.0,0.072,428.0,1.0,1.0,0.019,1.32,0.0,1.0,0.0,ANOMALY
12.706,545.0,546.0,34011.0,62.29120879120879,42.97182433495986,2676.7668817881317,14.0,127.0,361.0,0.0,0.02564102564102564,0.0,0.11023622047244094,545.0,1.0,1.0,0.0203,1.0,0.0,1.0,0.0,ANOMALY
19.951,69488.0,150996.0,28874584.0,191.22747622453574,7568.34243897549,1447275.0238083303,59407.0,15098.0,4421.0,23763.0,0.393434263159289,0.15737502980211396,3.93475957080408,5.0,1.0,1.0,3.288,2.17,0.0,0.9812908951230496,0.0,DOS_DDOS
32.043,5.0,17707.0,9503002.0,536.6805218275258,552.601192148051,296570.29616452893,11.0,13826.0,7.0,3.0,0.0006212232450443328,0.00016942452137572712,0.0007956024880659627,4.0,1.0,1.0,4.6989,3541.4,0.0,0.9087931326594002,0.015078782402439712,BENIGN
22.237,36.0,143346.0,10867028.0,75.80977495012068,6446.283221657598,488691.2802986015,4988.0,0.0,0.0,3431.0,0.03479692492291379,0.023935094107962553,4988.0,2.0,2.0,1.0,0.2274,3981.83,0.0,0.3127816611555258,0.6872113627167832,ANOMALY
17.929,138418.0,175993.0,11847943.0,67.32053547584279,9816.107981482515,660825.6456020973,121275.0,39438.0,0.0,6339.0,0.6890899069849369,0.036018478007648035,3.0750798722044728,2.0,1.0,63.0,0.0042,1.27,0.0,1.0,0.0,SYN_FLOOD
38.855,190.0,235.0,16026.0,68.19574468085106,6.048127654098572,412.4565692961009,6.0,77.0,157.0,0.0,0.02553191489361702,0.0,0.07792207792207792,190.0,1.0,1.0,0.0046,1.24,0.0,1.0,0.0,ANOMALY
72.607,361.0,3046.0,487592.0,160.07616546290217,41.95187791810707,6715.495751098379,425.0,1276.0,447.0,991.0,0.13952724885095208,0.3253447143795141,0.3330721003134796,1.0,1.0,1.0,1.9941,8.44,0.96398891966759,1.0,0.0,BRUTE_FORCE
8.347,445.0,838.0,43118.0,51.45346062052506,100.39535162333773,5165.688271235174,559.0,153.0,0.0,405.0,0.6670644391408115,0.48329355608591884,3.65359477124183,379.0,1.0,1.0,0.0411,1.88,0.024719101123595506,0.9737470167064439,0.0,PORT_SCAN
29.542,391944.0,457082.0,23113400.0,50.56729427104983,15472.276758513302,782391.1718908672,236458.0,59519.0,0.0,30211.0,0.5173207433239551,0.06609536144499237,3.9728154034846015,1.0,1.0,1.0,0.0099,1.17,0.0,1.0,0.0,SYN_FLOOD
19.456,860.0,1443.0,105238.0,72.93000693000693,74.1673519736842,5409.0254934210525,1164.0,213.0,0.0,296.0,0.8066528066528067,0.20512820512820512,5.464788732394366,668.0,1.0,1.0,0.0245,1.68,0.04534883720930233,0.9688149688149689,0.0,PORT_SCAN
27.984,594.0,1358.6018281940032,112364.0,82.70561519070387,48.549236284805716,4015.294453973699,1039.0,318.0,0.0,275.0,0.7647568098602873,0.20241397758573532,3.2672955974842766,552.0,1.0,1.0,0.0103,2.29,0.03198653198653199,0.9863081089632194,0.0,PORT_SCAN
29.235,769.0,1634.0,119051.0,72.85862913096695,55.891910381392165,4072.2079698990938,891.0,164.0,0.0,186.0,0.5452876376988984,0.11383108935128519,5.432926829268292,755.0,1.0,1.0,0.0371,2.12,0.04291287386215865,0.9895960832313342,0.0,PORT_SCAN
8.606,5.0,1151.0,444008.0,385.758470894874,133.7438996049268,51592.84220311411,11.0,908.0,6.0,0.0,0.009556907037358819,0.0,0.012114537444933921,2.0,2.0,2.0,1.0474,230.2,0.0,0.9304952215464813,0.01216333622936577,BENIGN
7.853,11.0,3701.0,1482321.0,400.51904890570114,471.28485928944355,188758.56360626512,20.0,3131.0,27.0,3.0,0.0054039448797622265,0.0008105917319643339,0.0063877355477483235,4.0,3.0,1.0,1.262,336.45,0.0,0.9356930559308295,0.015401242907322345,BENIGN
207.348,3.0,7.0,497.0,71.0,0.0337596697339738,2.3969365511121397,3.0,3.0,3.0,0.0,0.42857142857142855,0.0,1.0,3.0,1.0,1.0,165.8787,2.33,0.0,1.0,0.0,ANOMALY
8.549,133065.0,187313.80392221131,8298966.0,44.3051490398777,21910.6098867951,970752.8365890748,134764.0,52548.0,0.0,4572.0,0.7194557858424867,0.02440823849746111,2.5645885666438306,1.0,1.0,192.0,0.0084,1.41,0.0,0.9999957081528724,0.0,SYN_FLOOD
37.928,150726.0,255414.0,48791419.0,191.02875723335447,6734.180552626029,1286422.1419531745,36175.0,53366.0,9692.0,95756.0,0.14163280008143642,0.3749050561049903,0.677866057040063,5.0,1.0,1.0,2.882,1.69,0.0,0.966297853680691,0.0,DOS_DDOS
35.686,7.0,8755.0,3641664.0,415.95248429468876,245.33430476937735,102047.41355153281,17.0,7922.0,11.0,0.0,0.001941747572815534,0.0,0.002145922746781116,4.0,3.0,1.0,4.7699,1250.71,0.0,0.9596801827527127,0.01816105082809823,BENIGN
10.931,12.0,3286.0,2244092.0,682.9251369446135,300.6129356874943,205296.13027170434,26.0,2945.0,18.0,0.0,0.007912355447352405,0.0,0.008828522920203734,4.0,3.0,1.0,0.7914,273.83,0.0,0.9318320146074255,0.00852099817407182,BENIGN
20.95,304477.0,448734.4812329151,28422699.0,63.33968123400625,21419.306980091413,1356692.0763723152,342479.0,106253.0,0.0,10693.0,0.7632107946307712,0.02382923632394055,3.2232407555551372,2.0,1.0,1.0,0.0048,1.47,0.0,0.9999989275775872,0.0,SYN_FLOOD
22.367,160.0,185.0,13151.0,71.08648648648649,8.271113694281754,587.9644118567533,4.0,24.0,117.0,0.0,0.021621621621621623,0.0,0.16666666666666666,160.0,1.0,1.0,0.0032,1.16,0.0,1.0,0.0,ANOMALY
32.275,1286.0,2993.0,239156.0,79.90511192783161,92.73431448489544,7409.9457784663055,1911.0,175.0,0.0,1597.0,0.6384898095556298,0.5335783494821249,10.92,1186.0,1.0,1.0,0.0187,2.33,0.04665629860031104,0.9792849983294354,0.0,PORT_SCAN
12.208,187947.0,203550.0,9693408.0,47.6217538688283,16673.492791612058,794020.9698558323,175683.0,6616.0,0.0,15946.0,0.8630950626381725,0.07833947433063129,26.554262394195888,3.0,1.0,1.0,0.0021,1.08,0.0,1.0,0.0,SYN_FLOOD
83.938,135.0,2117.0,334139.0,157.8360888049126,25.220996449760538,3980.7834353927897,503.0,938.0,214.0,190.0,0.23760037789324515,0.08974964572508266,0.5362473347547975,1.0,1.0,1.0,0.9415,15.68,0.9851851851851852,1.0,0.0,BRUTE_FORCE
9.945,397.0,484.1892056297037,31006.0,64.03695010027268,48.686697398663014,3117.747611865259,385.0,97.0,0.0,180.0,0.7951437073019731,0.3717554995178056,3.9690721649484537,330.0,1.0,1.0,0.0094,1.22,0.07052896725440806,0.9562377570930223,0.0,PORT_SCAN
6.511,122346.0,163720.0,9226607.0,56.356016369411186,25145.138995546,1417079.8648441099,82579.0,9975.0,0.0,9241.0,0.504391644270706,0.05644392865868556,8.27859649122807,1.0,1.0,9.0,0.0029,1.34,0.0,1.0,0.0,SYN_FLOOD
24.911,977.0,1770.0,107077.0,60.4954802259887,71.05294849664806,4298.382240777167,858.0,258.0,0.0,804.0,0.4847457627118644,0.4542372881355932,3.3255813953488373,762.0,1.0,1.0,0.0033,1.81,0.05015353121801433,0.9836158192090395,0.0,PORT_SCAN
14.988,352.0,6156.0,511956.0,83.16374269005848,410.72858286629304,34157.72618094476,1213.0,2301.0,488.0,908.0,0.197043534762833,0.147498375568551,0.5271621034332898,2.0,1.0,1.0,0.4694,17.49,0.8494318181818182,1.0,0.0,BRUTE_FORCE
19.67,118.0,6808.0,31063234.0,4562.754700352526,346.1108286731062,1579218.8103711235,2705.0,3117.0,0.0,0.0,0.39732667450058756,0.0,0.8678216233557908,1.0,1.0,1.0,0.2882,57.69,1.0,1.0,0.0,ANOMALY
54.714,166333.0,835350.0,209728741.0,251.0669072843718,15267.57319881566,3833182.3847644115,212698.0,120657.0,23439.0,149086.0,0.25462141617286166,0.17847129945531812,1.7628318290691796,1.0,1.0,1.0,2.8606,5.02,0.0,0.9379385886155504,0.0,DOS_DDOS
46.588,5.0,64088.0,44123770.0,688.4872363000874,1375.6332102687386,947105.9071005409,9.0,47987.0,12.0,0.0,0.00014043190612907252,0.0,0.00018755079500698107,1.0,3.0,2.0,1.5816,12817.6,0.0,0.8654194232929722,0.01409000124828361,BENIGN
10.477,64502.0,73598.0,5153078.0,70.01654936275442,7024.7208170277745,491846.71184499376,58815.0,12991.0,0.0,3530.0,0.7991385635479225,0.047963259871192154,4.5273650989146335,3.0,1.0,86.0,0.0029,1.14,0.0,1.0,0.0,SYN_FLOOD
22.425,1011.0,96984.0,87215294.0,899.2750763012456,4324.816053511706,3889199.286510591,23371.0,10631.0,3139.0,27656.0,0.24097789326074404,0.2851604388352718,2.1983820901138182,1.0,1.0,34.0,1.6885,95.93,0.0,0.9298750309329374,0.0,DOS_DDOS
25.226,4.0,25479.0,11004599.0,431.908591388987,1010.029334813288,436240.3472607627,9.0,21739.0,6.0,0.0,0.00035323207347227127,0.0,0.00041400248401490407,5.0,3.0,1.0,5.1382,6369.75,0.0,0.8933239138113741,0.0008634561795988853,BENIGN
76.282,213.0,2427.0,588839.0,242.62010712814174,31.816155842793844,7719.239138984295,576.0,965.0,160.0,700.0,0.2373300370828183,0.288421920065925,0.5968911917098445,2.0,1.0,1.0,0.9108,11.39,0.8826291079812206,1.0,0.0,BRUTE_FORCE
9.568,5.0,3750.0,800858.0,213.56213333333332,391.9314381270903,83701.71404682274,9.0,2341.0,8.0,0.0,0.0024,0.0,0.003844510892780863,6.0,2.0,2.0,0.7289,750.0,0.0,0.8530666666666666,0.005333333333333333,BENIGN
5.001,5.0,1139.0,668382.0,586.8147497805093,227.75444911017794,133649.6700659868,12.0,718.0,7.0,3.0,0.010535557506584723,0.0026338893766461808,0.016713091922005572,4.0,1.0,1.0,1.0478,227.8,0.0,0.8147497805092186,0.01755926251097454,BENIGN
17.871,464.0,5877.0,478519.0,81.42232431512677,328.8568071176767,26776.28560237256,1459.0,2905.0,268.0,2272.0,0.24825591288072146,0.38659179853666836,0.50223752151463,1.0,1.0,1.0,1.1136,12.67,0.8663793103448276,1.0,0.0,BRUTE_FORCE
8.717,595.0,1004.0,83527.0,83.19422310756973,115.17723987610415,9582.080991166686,769.0,134.0,0.0,140.0,0.7659362549800797,0.1394422310756972,5.7388059701492535,524.0,1.0,1.0,0.0224,1.69,0.08403361344537816,0.9960159362549801,0.0,PORT_SCAN
10.65,11.0,1173.0,880905.0,750.9846547314578,110.14084507042253,82714.08450704225,24.0,938.0,14.0,0.0,0.020460358056265986,0.0,0.0255863539445629,1.0,1.0,2.0,1.3607,106.64,0.0,0.8516624040920716,0.011082693947144074,BENIGN
26.868,9.0,12961.0,4743603.0,365.990509991513,482.3954146196219,176552.14381420278,17.0,7329.0,13.0,0.0,0.001311627189260088,0.0,0.0023195524628189385,4.0,3.0,1.0,0.4545,1440.11,0.0,0.9355759586451663,0.0132705809736903,BENIGN
7.281,69378.0,103536.0,4472980.0,43.20217122546747,14220.024721878863,614335.9428649911,62077.0,5909.0,0.0,2566.0,0.5995692319579663,0.024783650131355278,10.505500084616687,3.0,1.0,155.0,0.0098,1.49,0.0,1.0,0.0,SYN_FLOOD
50.145,89975.0,427388.0,86108652.0,201.47653186331857,8523.0431747931,1717193.1797786418,164218.0,100223.0,9019.0,30833.0,0.38423633794116824,0.07214287719823673,1.6385260868263771,5.0,1.0,46.0,1.3721,4.75,0.0,0.9275108332475409,0.0,DOS_DDOS
24.097,161079.0,202914.0,13270327.0,65.39877485042925,8420.716271735071,550704.5275345478,108485.0,55086.0,0.0,5679.0,0.534635362764521,0.027987226115497206,1.9693751588425372,3.0,1.0,1.0,0.0034,1.26,0.0,1.0,0.0,SYN_FLOOD
9.794,146970.0,163238.0,11875533.0,72.74980703022581,16667.143148866653,1212531.447825199,133166.0,6312.0,0.0,7710.0,0.8157781889020939,0.04723164949337777,21.09727503168568,2.0,1.0,1.0,0.0047,1.11,0.0,1.0,0.0,SYN_FLOOD
7.683,762.0,1060.0,74393.0,70.18207547169811,137.96693999739685,9682.80619549655,6.0,207.0,641.0,0.0,0.005660377358490566,0.0,0.028985507246376812,762.0,1.0,1.0,0.0196,1.39,0.0,1.0,0.0,ANOMALY
37.975,2114.0,61831.0,63082959.0,1020.2480794423509,1628.2027649769584,1661170.7439104673,15564.0,5838.0,1933.0,5857.0,0.2517183936860151,0.09472594653167506,2.6659815005138747,5.0,1.0,16.0,0.1434,29.25,0.0,0.9788455629053388,0.0,DOS_DDOS
27.722,154014.0,487368.0,30212559.0,61.99126532722706,17580.54974388572,1089840.5237717335,208463.0,24392.0,8046.0,0.0,0.42773222698248553,0.0,8.54636766152837,2.0,1.0,23.0,1.5974,3.16,0.0,0.9891929712250291,0.0,DOS_DDOS
27.817,514.0,1334.0,92589.0,69.40704647676162,47.95628572455693,3328.5041521371822,1013.0,309.0,0.0,136.0,0.7593703148425787,0.10194902548725637,3.27831715210356,472.0,1.0,1.0,0.0362,2.6,0.019455252918287938,0.9880059970014993,0.0,PORT_SCAN
10.296,105838.0,120420.20338323664,9373308.0,77.83833390622584,11695.823949420808,910383.4498834499,101871.0,18547.0,0.0,1528.0,0.845962696772701,0.012688900675056562,5.49258640211355,3.0,1.0,24.0,0.0023,1.14,0.0,0.9999983110538686,0.0,SYN_FLOOD
24.22,219414.0,325008.0,21112203.0,64.95902562398464,13418.992568125517,871684.6820809249,265464.0,52993.0,0.0,21009.0,0.8167922020381037,0.06464148574804313,5.009416338006907,3.0,1.0,179.0,0.0095,1.48,0.0,1.0,0.0,SYN_FLOOD
100.918,4.0,17.0,1020.0,60.0,0.1684535959888226,10.107215759329355,4.0,8.0,4.0,0.0,0.23529411764705882,0.0,0.5,4.0,1.0,1.0,80.7341,4.25,0.0,1.0,0.0,ANOMALY
47.199,6.0,25540.0,12707991.0,497.57208300704775,541.1131591771012,269242.80175427446,12.0,15267.0,7.0,0.0,0.00046985121378230227,0.0,0.0007860090391039497,4.0,2.0,1.0,4.1855,4256.67,0.0,0.9424823805794832,0.005599060297572436,BENIGN
16.27,7.0,52580.0,5175722.0,98.43518448079118,3231.714812538414,318114.4437615243,256.0,0.0,0.0,999.0,0.004868771395968048,0.01899961962723469,256.0,2.0,2.0,1.0,0.3902,7511.43,0.0,0.36466337010270067,0.6353176112590339,ANOMALY
9.58,939.0,1270.0,102884.0,81.01102362204725,132.5678496868476,10739.457202505218,1123.0,70.0,0.0,403.0,0.8842519685039371,0.3173228346456693,16.042857142857144,831.0,1.0,1.0,0.0391,1.35,0.038338658146964855,0.9850393700787402,0.0,PORT_SCAN
41.809,80.0,4770.0,34064488.0,7141.402096436059,114.09026764572222,814764.4765481116,1826.0,1974.0,0.0,0.0,0.38280922431865827,0.0,0.9250253292806484,1.0,1.0,1.0,0.187,59.62,1.0,1.0,0.0,ANOMALY
29.039,45.0,89341.0,7595030.0,85.01169675736784,3076.5866593202245,261545.85212989428,4455.0,0.0,0.0,930.0,0.04986512351551919,0.010409554403913097,4455.0,2.0,1.0,1.0,0.0923,1985.36,0.0,0.2303757513347735,0.7696130555959749,ANOMALY
75.567,2.0,5.5,279.0,50.72727272727273,0.07278309314912595,3.6920878161102073,2.0,2.0,2.0,0.0,0.36363636363636365,0.0,1.0,2.0,1.0,1.0,60.4538,2.75,0.0,0.9090909090909091,0.0,ANOMALY
17.403,379668.0,470324.0,30115694.0,64.03180360772573,27025.455381256106,1730488.6513819457,387370.0,75924.0,0.0,29344.0,0.823623714715813,0.06239103256478513,5.1020757599704964,2.0,1.0,1.0,0.0091,1.24,0.0,1.0,0.0,SYN_FLOOD
28.745,13.0,11707.0,896730.0,76.59776202272145,407.27082970951466,31196.03409288572,366.0,0.0,0.0,419.0,0.03126334671564022,0.03579055266080123,366.0,2.0,1.0,1.0,0.077,900.54,0.0,0.11599897497223884,0.8839156060476638,ANOMALY
32.758,615.0,1074.0,91306.0,85.0148975791434,32.78588436412479,2787.288601257708,503.0,169.0,0.0,395.0,0.46834264432029793,0.36778398510242083,2.9763313609467454,536.0,1.0,1.0,0.0261,1.75,0.03414634146341464,0.9581005586592178,0.0,PORT_SCAN
4.156,765.0,961.4480714863091,53148.0,55.279116549516964,231.33976696013215,12788.25794032724,772.0,188.0,0.0,298.0,0.8029554823554432,0.30994913697140164,4.1063829787234045,617.0,1.0,1.0,0.0158,1.26,0.08104575163398693,0.9620904419414313,0.0,PORT_SCAN
153.087,1.0,11.0,610.0,55.45454545454545,0.07185456635769204,3.9846623161992856,1.0,5.0,1.0,0.0,0.09090909090909091,0.0,0.2,1.0,1.0,1.0,122.4695,11.0,0.0,1.0,0.0,ANOMALY
12.058,29015.0,39444.0,1851374.0,46.93677111854782,3271.189251948914,153539.0612041798,19866.0,8944.0,0.0,134.0,0.5036507453605111,0.0033972213771422777,2.2211538461538463,2.0,1.0,82.0,0.0027,1.36,0.0,1.0,0.0,SYN_FLOOD
32.825,4.0,15800.0,5657583.0,358.0748734177215,481.3404417364813,172355.9177456207,7.0,8717.0,7.0,0.0,0.0004430379746835443,0.0,0.0008030285648732362,2.0,3.0,1.0,4.2251,3950.0,0.0,0.9619620253164557,0.0017721518987341772,BENIGN
12.626,2903.0,209289.0,260342880.0,1243.9396241560712,16576.033581498497,20619584.983367655,100020.0,38613.0,4525.0,0.0,0.4779037598727119,0.0,2.5903193225079635,1.0,1.0,26.0,3.7292,72.09,0.0,0.9933919126184367,0.0,DOS_DDOS
48.681,466.0,2498.0,396764.0,158.83266613290633,51.313654197736284,8150.2845052484545,407.0,1317.0,209.0,890.0,0.16293034427542033,0.35628502802241796,0.3090356871678056,1.0,1.0,1.0,0.1244,5.36,0.8626609442060086,1.0,0.0,BRUTE_FORCE
18.954,334.0,2208.0,484245.0,219.3138586956522,116.49256093700538,25548.43304843305,740.0,1024.0,212.0,331.0,0.3351449275362319,0.14990942028985507,0.72265625,2.0,1.0,1.0,0.1243,6.61,0.9670658682634731,1.0,0.0,BRUTE_FORCE
27.484,29543.0,110242.0,15917471.0,144.38663122947696,4011.133750545772,579154.0896521612,34881.0,21028.0,2888.0,28642.0,0.3164039113949311,0.2598102356633588,1.6587882822902795,4.0,1.0,13.0,3.9768,3.73,0.0,0.9771956241722756,0.0,DOS_DDOS
32.288,427.0,513.0,42647.0,83.13255360623782,15.888255698711598,1320.8312685827552,14.0,193.0,322.0,0.0,0.02729044834307992,0.0,0.07253886010362694,427.0,1.0,1.0,0.0139,1.2,0.0,1.0,0.0,ANOMALY
16.281,112720.0,161684.1071329131,9991561.0,61.796803515056645,9930.846209256993,613694.5519316996,122980.0,38702.0,0.0,482.0,0.7606189759819978,0.0029811216980266952,3.177613560022738,3.0,1.0,1.0,0.008,1.43,0.0,0.9999993373936684,0.0,SYN_FLOOD
34.476,117.0,126.0,7264.0,57.65079365079365,3.6547163243995824,210.69729667014735,62.0,22.0,0.0,40.0,0.49206349206349204,0.31746031746031744,2.8181818181818183,92.0,1.0,1.0,0.0145,1.08,0.03418803418803419,0.9761904761904762,0.0,PORT_SCAN
58.096,422.0,5274.0,599250.0,113.62343572241183,90.7807766455522,10314.823740016525,1347.0,2727.0,177.0,1846.0,0.2554038680318544,0.35001896094046264,0.49394939493949397,2.0,1.0,1.0,0.4634,12.5,0.9478672985781991,1.0,0.0,BRUTE_FORCE
63.537,128.0,1704.0,140552.0,82.48356807511738,26.819018839416405,2212.1283661488583,424.0,686.0,66.0,268.0,0.24882629107981222,0.1572769953051643,0.6180758017492711,3.0,1.0,1.0,1.9387,13.31,0.984375,1.0,0.0,BRUTE_FORCE
88.145,476.0,7785.0,1704118.0,218.89762363519588,88.32038119008452,19333.121561064156,1005.0,2433.0,407.0,2384.0,0.12909441233140656,0.30622992935131665,0.4130702836004932,1.0,1.0,1.0,1.385,16.36,0.9159663865546218,1.0,0.0,BRUTE_FORCE
18.001,270465.0,377932.42925672524,28993248.0,76.71542782666373,20995.079676502708,1610646.5196377977,288509.0,89422.0,0.0,8337.0,0.7633877848678052,0.02205949888025293,3.226376059582653,3.0,1.0,1.0,0.004,1.4,0.0,0.9999988641971632,0.0,SYN_FLOOD
29.127,401.0,584.0,44321.0,75.89212328767124,20.05012531328321,1521.6465822089472,470.0,109.0,0.0,289.0,0.8047945205479452,0.4948630136986301,4.3119266055045875,313.0,1.0,1.0,0.0429,1.46,0.05486284289276808,0.9571917808219178,0.0,PORT_SCAN
9.371,27092.0,36944.0,2339030.0,63.31285188393244,3942.375413509764,249603.03062640058,18979.0,10060.0,0.0,750.0,0.5137234733650932,0.020300996102208747,1.8865805168986083,3.0,1.0,1.0,0.0046,1.36,0.0,1.0,0.0,SYN_FLOOD
19.581,604.0,980.0,83366.0,85.06734693877551,50.048516418977584,4257.494509984169,450.0,145.0,0.0,220.0,0.45918367346938777,0.22448979591836735,3.103448275862069,465.0,1.0,1.0,0.0362,1.62,0.059602649006622516,0.9877551020408163,0.0,PORT_SCAN
153.426,4.0,14.0,1032.0,73.71428571428571,0.09124920156948628,6.72636971569356,4.0,7.0,4.0,0.0,0.2857142857142857,0.0,0.5714285714285714,4.0,1.0,1.0,122.7407,3.5,0.0,1.0,0.0,ANOMALY
5.007,31116.0,49710.607162322136,2529707.0,50.88867636920308,9928.221921773944,505234.0722987817,38778.0,10931.0,0.0,2524.0,0.7800749621378907,0.050773871897365416,3.547525386515415,2.0,1.0,1.0,0.0085,1.6,0.0,0.9999877860610281,0.0,SYN_FLOOD
19.436,21314.0,122528.0,15793312.0,128.89553408200575,6304.177814365095,812580.3663305207,22097.0,18588.0,1149.0,0.0,0.1803424523374249,0.0,1.188777706046912,2.0,1.0,51.0,2.0278,5.75,0.0,0.962057652128493,0.0,DOS_DDOS
78.186,469.0,5912.0,1277390.0,216.0673207036536,75.61456015143375,16337.835418105542,862.0,3138.0,696.0,2183.0,0.14580514208389717,0.3692489851150203,0.2746972594008923,3.0,1.0,1.0,1.5623,12.61,0.8869936034115139,1.0,0.0,BRUTE_FORCE
39.702,123.0,1813.0,226358.0,124.8527302813017,45.66520578308398,5701.425620875523,497.0,1018.0,155.0,437.0,0.27413127413127414,0.2410369553226696,0.48821218074656186,1.0,1.0,1.0,0.2265,14.74,0.9186991869918699,1.0,0.0,BRUTE_FORCE
39.393,46.0,5792.0,39683479.0,6851.429385359116,147.0311984362704,1007373.8735308304,2717.0,1377.0,0.0,0.0,0.46909530386740333,0.0,1.9731299927378358,1.0,1.0,1.0,0.3766,125.91,1.0,1.0,0.0,ANOMALY
3.427,8.0,331.0,133617.0,403.67673716012087,96.58593522030931,38989.49518529326,15.0,308.0,10.0,0.0,0.045317220543806644,0.0,0.048701298701298704,4.0,1.0,2.0,0.4236,41.38,0.0,0.8640483383685801,0.012084592145015106,BENIGN
33.032,132.0,1314.0,225651.0,171.7283105022831,39.7796076531848,6831.284814725116,383.0,746.0,26.0,438.0,0.2914764079147641,0.3333333333333333,0.5134048257372654,1.0,1.0,1.0,0.6937,9.95,0.9090909090909091,1.0,0.0,BRUTE_FORCE
25.129,5.0,140587.0,14572932.0,103.65774929403145,5594.611803096024,579924.867682757,4786.0,0.0,0.0,347.0,0.034042976946659365,0.002468222524130965,4786.0,3.0,2.0,1.0,0.3876,28117.4,0.0,0.14263054194200034,0.8573623450247889,ANOMALY
28.689,553345.0,787387.0,43839814.0,55.677594372271834,27445.606329952247,1528105.3365401374,399864.0,131760.0,0.0,29649.0,0.5078366800569478,0.03765492699269864,3.034790528233151,1.0,1.0,1.0,0.0017,1.42,0.0,1.0,0.0,SYN_FLOOD
26.484,4.0,11503.0,8572082.0,745.2040337303312,434.337713336354,323670.2159794593,8.0,7477.0,7.0,0.0,0.0006954707467617143,0.0,0.0010699478400427978,4.0,1.0,1.0,3.1754,2875.75,0.0,0.9814830913674694,0.0013909414935234286,BENIGN
35.328,342.0,4196.0,646378.0,154.04623450905623,118.77264492753622,18296.478713768116,1429.0,1805.0,592.0,1229.0,0.3405624404194471,0.2928979980934223,0.7916897506925208,3.0,1.0,1.0,1.1893,12.27,0.9239766081871345,1.0,0.0,BRUTE_FORCE
38.629,6.0,43189.0,37123313.0,859.5548171988238,1118.0460275958478,961021.84887002,12.0,25006.0,14.0,0.0,0.0002778485262451087,0.0,0.00047988482764136606,6.0,3.0,2.0,1.5026,7198.17,0.0,0.8323415684549307,0.01597629025909375,BENIGN
22.534,5.0,4033.0,1033069.0,256.1539796677411,178.9739948522233,45844.90103843082,9.0,3330.0,12.0,0.0,0.0022315893875526904,0.0,0.002702702702702703,1.0,3.0,1.0,2.8462,806.6,0.0,0.9442102653111828,0.015125216960079346,BENIGN
34.989,20088.0,463247.0,506658258.0,1093.7108238153728,13239.789648175141,14480501.24324788,77663.0,108579.0,13505.0,62974.0,0.16764922384818468,0.13594043782258708,0.71526722478564,3.0,1.0,1.0,0.2534,23.06,0.0,0.9126578261704879,0.0,DOS_DDOS
29.463,6.0,30873.0,20310268.0,657.8650600848638,1047.856633744018,689348.2673183314,11.0,18391.0,8.0,0.0,0.00035629838370096847,0.0,0.000598118644989397,5.0,3.0,1.0,5.3871,5145.5,0.0,0.8169274123020115,0.008259644349431543,BENIGN
60.772,98.0,1388.0,139781.0,100.70677233429394,22.839465543342328,2300.088856710327,328.0,813.0,65.0,450.0,0.23631123919308358,0.3242074927953891,0.4034440344403444,2.0,1.0,1.0,0.8866,14.16,0.8469387755102041,1.0,0.0,BRUTE_FORCE
19.72,240.0,2809.0,580748.0,206.74546101815594,142.44421906693714,29449.695740365114,357.0,921.0,71.0,423.0,0.12709149163403347,0.1505873976504094,0.38762214983713356,1.0,1.0,1.0,1.115,11.7,0.975,1.0,0.0,BRUTE_FORCE
16.093,769.0,1825.00120235898,106845.0,58.54516690832484,113.40341778158081,6639.222021997141,1505.0,318.0,0.0,368.0,0.8246569909404173,0.2016437027681552,4.732704402515723,637.0,1.0,1.0,0.0382,2.37,0.05981794538361508,0.9863007200616286,0.0,PORT_SCAN
22.906,158.0,1190.0,266995.0,224.3655462184874,51.95145376757182,11656.116301405746,207.0,479.0,124.0,280.0,0.17394957983193277,0.23529411764705882,0.4321503131524008,3.0,1.0,1.0,0.5245,7.53,0.9746835443037974,1.0,0.0,BRUTE_FORCE
5.724,43515.0,63643.0,3199253.0,50.26873340351649,11118.623340321454,558919.1125087352,48292.0,3516.0,0.0,2006.0,0.7587951542196314,0.03151957010197508,13.734926052332195,1.0,1.0,1.0,0.0019,1.46,0.0,1.0,0.0,SYN_FLOOD
21.644,1304.0,2064.0,170859.0,82.78052325581395,95.36130105340973,7894.058399556459,1056.0,487.0,0.0,796.0,0.5116279069767442,0.3856589147286822,2.1683778234086244,1156.0,1.0,1.0,0.0455,1.58,0.11273006134969325,0.9874031007751938,0.0,PORT_SCAN
29.851,223723.0,278403.0,22111896.0,79.42405793041023,9326.421225419585,740742.2196911327,148168.0,72646.0,0.0,10706.0,0.5322069086899207,0.03845504538385003,2.0395892409767917,1.0,1.0,1.0,0.0016,1.24,0.0,1.0,0.0,SYN_FLOOD
28.416,860002.0,1171005.0,49320686.0,42.11825397842025,41209.35388513513,1735666.0332207207,740163.0,344522.0,0.0,64062.0,0.632075012489272,0.05470685436868331,2.1483765913352415,1.0,1.0,46.0,0.0031,1.36,0.0,1.0,0.0,SYN_FLOOD
23.231,11559.0,54382.0,3349383.0,61.5899194586444,2340.9237656579567,144177.30618570014,26921.0,9272.0,1750.0,0.0,0.49503512191533966,0.0,2.9034728213977568,1.0,1.0,1.0,1.0403,4.7,0.0,0.9607039093817807,0.0,DOS_DDOS
36.317,3304.0,294934.0,326123432.0,1105.7505475801365,8121.100311149049,8979911.116006278,146937.0,28093.0,7604.0,0.0,0.49820298778709815,0.0,5.230377674153703,3.0,1.0,1.0,3.8544,89.27,0.0,0.9994439433907247,0.0,DOS_DDOS
69.347,131.0,715.0,92400.0,129.23076923076923,10.31046764820396,1332.429665306358,144.0,224.0,54.0,237.0,0.2013986013986014,0.33146853146853145,0.6428571428571429,2.0,1.0,1.0,0.0813,5.46,0.9007633587786259,1.0,0.0,BRUTE_FORCE
21.185,53505.0,160662.0,16530497.0,102.88989929168068,7583.762095822516,780292.5182912438,27451.0,44300.0,288.0,14827.0,0.1708618092641695,0.092286912897885,0.6196613995485327,1.0,1.0,35.0,2.4524,3.0,0.0,0.9017627068006124,0.0,DOS_DDOS
3.28,9.0,1240.0,625256.0,504.23870967741937,378.0487804878049,190626.8292682927,18.0,1146.0,17.0,0.0,0.014516129032258065,0.0,0.015706806282722512,3.0,2.0,1.0,0.4426,137.78,0.0,0.8572580645161291,0.008064516129032258,BENIGN
11.102,9.0,6085.0,3341489.0,549.135414954807,548.0994415420645,300980.8142676995,21.0,4884.0,19.0,0.0,0.003451109285127362,0.0,0.0042997542997543,4.0,2.0,1.0,0.6225,676.11,0.1111111111111111,0.9393590797041906,0.019063270336894002,BENIGN
42.292,65368.0,270505.0,49099544.0,181.51067078242545,6396.126927078407,1160965.2889435354,26458.0,19535.0,3261.0,0.0,0.09780965231696272,0.0,1.3543895572050166,3.0,1.0,15.0,3.2142,4.14,0.0,0.9964325982883865,0.0,DOS_DDOS
8.722,45.0,60625.0,4374709.0,72.16014845360824,6950.81403347856,501571.77252923645,155.0,0.0,0.0,273.0,0.002556701030927835,0.004503092783505155,155.0,1.0,1.0,1.0,0.471,1347.22,0.0,0.26149278350515465,0.7384907216494845,ANOMALY
37.867,509.0,1268.0971517455198,59868.0,47.21089383222133,33.48818632966752,1581.0072094435789,1022.0,245.0,0.0,409.0,0.8059319418809748,0.32253049337506723,4.171428571428572,483.0,1.0,1.0,0.0362,2.49,0.07072691552062868,0.9652257307850423,0.0,PORT_SCAN
50.204,3554.0,209730.0,111223039.0,530.3153530729986,4177.555573261095,2215421.8588160304,24854.0,19363.0,3178.0,32523.0,0.11850474419491727,0.15507080532112716,1.2835820895522387,5.0,1.0,1.0,1.0015,59.01,0.0,0.9403423449196586,0.0,DOS_DDOS
48.515,3520.0,181261.0,229145054.0,1264.1718516393487,3736.184685148923,4723179.511491291,22327.0,22751.0,1243.0,0.0,0.12317597276854922,0.0,0.9813634565513604,5.0,1.0,22.0,3.8166,51.49,0.0,0.9431924131500985,0.0,DOS_DDOS
12.76,106600.0,133087.0,8456011.0,63.53746797207842,10430.015673981192,662696.7868338558,80826.0,21016.0,0.0,7275.0,0.6073170181911081,0.05466349079925162,3.8459269128283213,2.0,1.0,1.0,0.0023,1.25,0.0,1.0,0.0,SYN_FLOOD
22.592,922.0,1014.0,62977.0,62.10749506903353,44.88314447592068,2787.579674220963,598.0,177.0,0.0,532.0,0.5897435897435898,0.52465483234714,3.378531073446328,749.0,1.0,1.0,0.0488,1.1,0.09544468546637744,0.9733727810650887,0.0,PORT_SCAN
23.939,1335.0,3314.0,191555.0,57.80175015087507,138.43518943982622,8001.796232089895,2787.0,339.0,0.0,1651.0,0.8409776704888352,0.4981894990947495,8.221238938053098,1132.0,1.0,1.0,0.0232,2.48,0.10486891385767791,0.9659022329511164,0.0,PORT_SCAN
8.709,1213.0,1768.0,143784.0,81.32579185520362,203.00838213342521,16509.817430244577,998.0,423.0,0.0,966.0,0.5644796380090498,0.5463800904977375,2.359338061465721,1040.0,1.0,1.0,0.0046,1.46,0.09233305853256389,0.958710407239819,0.0,PORT_SCAN
5.319,1200.0,2455.0,111314.0,45.34175152749491,461.5529234818575,20927.61797330325,1783.0,230.0,0.0,482.0,0.7262729124236252,0.19633401221995928,7.752173913043478,977.0,1.0,1.0,0.0094,2.05,0.05333333333333334,0.9767820773930753,0.0,PORT_SCAN
37.593,225.0,1468.0,151547.0,103.23365122615805,39.049823105365356,4031.255818902455,207.0,781.0,99.0,178.0,0.14100817438692098,0.12125340599455041,0.26504481434058896,1.0,1.0,1.0,2.306,6.52,0.9955555555555555,1.0,0.0,BRUTE_FORCE
36.885,10.0,21739.0,12850232.0,591.1142186853122,589.3723735936018,348386.3901314898,23.0,18730.0,12.0,2.0,0.0010580063480380882,9.200055200331202e-05,0.001227976508275494,6.0,3.0,1.0,3.9635,2173.9,0.1,0.8769952619715718,0.01278807672846037,BENIGN
80.24,309.0,3349.0,348542.0,104.07345476261571,41.737288135593225,4343.743768693918,576.0,1510.0,162.0,709.0,0.17199163929531203,0.21170498656315317,0.38145695364238413,2.0,1.0,1.0,1.4163,10.84,0.86084142394822,1.0,0.0,BRUTE_FORCE
13.226,53.0,814.0,131372.0,161.39066339066338,61.545440798427336,9932.859519128988,249.0,364.0,34.0,283.0,0.3058968058968059,0.3476658476658477,0.6840659340659341,2.0,1.0,1.0,0.8364,15.36,0.9056603773584906,1.0,0.0,BRUTE_FORCE
34.186,11.0,15918.0,6491640.0,407.81756502073125,465.62920493769377,189891.76856022933,27.0,10928.0,11.0,2.0,0.0016961929890689784,0.00012564392511622062,0.002470717423133236,4.0,1.0,2.0,1.0185,1447.09,0.0,0.9587259705993215,0.004209071491393391,BENIGN
32.216,8.0,15069.0,4511070.0,299.3609396774836,467.7489446237894,140025.76359572881,16.0,11180.0,14.0,0.0,0.0010617824673170085,0.0,0.0014311270125223613,5.0,1.0,1.0,1.1513,1883.62,0.125,0.8957462339903113,0.006702501824938615,BENIGN
50.269,403.0,2468.0,236772.0,95.93679092382496,49.09586425033321,4710.099663808709,755.0,1224.0,213.0,971.0,0.30591572123176664,0.3934359805510535,0.6168300653594772,3.0,1.0,1.0,2.179,6.12,0.9776674937965261,1.0,0.0,BRUTE_FORCE
49.834,2412.0,241956.0,220767119.0,912.4267180809734,4855.239394790705,4430050.1464863345,63049.0,57974.0,3128.0,0.0,0.260580436112351,0.0,1.087539241729051,5.0,1.0,56.0,1.5072,100.31,0.0,0.9170055712608904,0.0,DOS_DDOS
30.508,774.0,798.0,36038.0,45.16040100250627,26.157073554477513,1181.2639307722566,37.0,125.0,485.0,0.0,0.046365914786967416,0.0,0.296,774.0,1.0,1.0,0.0209,1.03,0.0,1.0,0.0,ANOMALY
25.709,263795.0,285904.0,17676307.0,61.8260220213778,11120.774825936443,687553.2692831304,216763.0,67147.0,0.0,17775.0,0.7581670770608316,0.06217121831104147,3.228185920443207,3.0,1.0,32.0,0.0044,1.08,0.0,1.0,0.0,SYN_FLOOD
9.151,246315.0,266484.0,13523752.0,50.74883295057114,29120.75183040105,1477844.1700360617,138680.0,45906.0,0.0,19732.0,0.5204064784377298,0.07404572131910359,3.020955866335555,1.0,1.0,45.0,0.0069,1.08,0.0,1.0,0.0,SYN_FLOOD
16.527,473513.0,554923.0,30843173.0,55.58099592195674,33576.75319174684,1866229.382223029,392311.0,40934.0,0.0,18022.0,0.7069647500644234,0.032476577831518964,9.583988860116285,1.0,1.0,160.0,0.0075,1.17,0.0,1.0,0.0,SYN_FLOOD
10.265,687.0,698.0,57705.0,82.67191977077364,67.9980516317584,5621.529469069654,13.0,193.0,369.0,0.0,0.01862464183381089,0.0,0.06735751295336788,687.0,1.0,1.0,0.0273,1.02,0.0,1.0,0.0,ANOMALY
9.606,5.0,4073.0,2182095.0,535.7463785907194,424.0058296897772,227159.58775765146,10.0,2967.0,11.0,0.0,0.0024551927326295114,0.0,0.003370407819346141,3.0,1.0,1.0,0.9075,814.6,0.0,0.8283820279891971,0.003682789098944267,BENIGN
11.497,752.0,1318.0,95865.0,72.73520485584218,114.63860137427154,8338.262155344873,653.0,230.0,0.0,608.0,0.4954476479514416,0.4613050075872534,2.8391304347826085,677.0,1.0,1.0,0.0493,1.75,0.02127659574468085,0.9506828528072838,0.0,PORT_SCAN
6.999,1440.0,2020.0,125200.0,61.98019801980198,288.6126589512788,17888.269752821834,1358.0,147.0,0.0,790.0,0.6722772277227723,0.3910891089108911,9.238095238095237,1117.0,1.0,1.0,0.0388,1.4,0.07222222222222222,0.9564356435643564,0.0,PORT_SCAN
21.954,116.0,185.0,13979.0,75.56216216216217,8.426710394461146,636.7404573198506,149.0,16.0,0.0,93.0,0.8054054054054054,0.5027027027027027,9.3125,91.0,1.0,1.0,0.0093,1.59,0.08620689655172414,0.9837837837837838,0.0,PORT_SCAN
64.514,426.0,4299.0,573816.0,133.47662247034194,66.63669901106736,8894.441516570047,798.0,1493.0,459.0,1149.0,0.1856245638520586,0.267271458478716,0.5344943067649028,1.0,1.0,1.0,0.0814,10.09,0.9647887323943662,1.0,0.0,BRUTE_FORCE
84.903,149.0,1522.0,179112.0,117.6819973718791,17.926339469747827,2109.6074343662767,482.0,686.0,119.0,247.0,0.316688567674113,0.16228646517739817,0.7026239067055393,2.0,1.0,1.0,0.1525,10.21,0.8657718120805369,1.0,0.0,BRUTE_FORCE
48.771,23228.0,476024.0,296550033.0,622.97286061207,9760.390395932009,6080458.325644338,136218.0,40168.0,18063.0,0.0,0.2861578407811371,0.0,3.391206930890261,4.0,1.0,1.0,0.0526,20.49,0.0,0.9568004974539099,0.0,DOS_DDOS
33.609,45013.0,101928.0,25446855.0,249.65519778667294,3032.7590823886458,757144.0685530661,48958.0,13385.0,812.0,0.0,0.48031944117416214,0.0,3.6576765035487484,1.0,1.0,1.0,1.8068,2.26,0.0,0.9067773330193862,0.0,DOS_DDOS
37.702,128.0,184.0,14239.0,77.38586956521739,4.8803776987958205,377.67227202800916,149.0,9.0,0.0,62.0,0.8097826086956522,0.33695652173913043,16.555555555555557,101.0,1.0,1.0,0.0423,1.44,0.1015625,0.9619565217391305,0.0,PORT_SCAN
7.65,946.0,2058.0,96498.0,46.88921282798834,269.01960784313724,12614.117647058823,975.0,185.0,0.0,703.0,0.4737609329446064,0.34159378036929056,5.27027027027027,796.0,1.0,1.0,0.0224,2.18,0.06765327695560254,0.9956268221574344,0.0,PORT_SCAN
16.728,325.0,5124.0,1244201.0,242.81830601092895,306.31276901004304,74378.34768053562,762.0,2517.0,572.0,1087.0,0.148711943793911,0.21213895394223264,0.30274135876042907,2.0,1.0,1.0,0.9821,15.77,0.8769230769230769,1.0,0.0,BRUTE_FORCE
21.419,14.0,43320.0,3657876.0,84.43850415512465,2022.5033848452308,170777.1604650077,281.0,0.0,0.0,951.0,0.006486611265004617,0.021952908587257618,281.0,2.0,1.0,1.0,0.1072,3094.29,0.0,0.15397045244690674,0.8460064635272392,ANOMALY
34.477,25407.0,123742.0,7683862.0,62.0958284171906,3589.117382602895,222869.21715926562,14312.0,9485.0,2781.0,0.0,0.11566000226277254,0.0,1.508908803373748,2.0,1.0,1.0,3.4129,4.87,0.0,0.9457500282846568,0.0,DOS_DDOS
16.066,95895.0,142875.0,6286945.0,44.00311461067366,8893.003859081291,391319.86804431723,111306.0,9313.0,0.0,9641.0,0.7790446194225722,0.06747856517935258,11.951680446687426,3.0,1.0,42.0,0.0012,1.49,0.0,1.0,0.0,SYN_FLOOD
19.743,614.0,1000.0,54558.0,54.558,50.65086359722434,2763.4098161373654,711.0,92.0,0.0,429.0,0.711,0.429,7.728260869565218,601.0,1.0,1.0,0.0424,1.63,0.05374592833876222,0.979,0.0,PORT_SCAN
10.547,51243.0,69433.0,3353075.0,48.29223856091484,6583.199013937612,317917.4172750545,45538.0,13521.0,0.0,3874.0,0.6558552849509599,0.05579479498221307,3.367946157828563,3.0,1.0,1.0,0.0032,1.35,0.0,1.0,0.0,SYN_FLOOD
28.078,568.0,1012.0,73993.0,73.11561264822134,36.042453166179925,2635.2660445900706,857.0,140.0,0.0,318.0,0.8468379446640316,0.3142292490118577,6.121428571428571,443.0,1.0,1.0,0.0124,1.78,0.040492957746478875,0.9752964426877471,0.0,PORT_SCAN
37.822,5.0,16437.0,11276188.0,686.0247003711139,434.58833483157946,298138.3321876156,11.0,12243.0,5.0,0.0,0.0006692218774715581,0.0,0.0008984725965858042,1.0,3.0,2.0,2.2595,3287.4,0.0,0.8247247064549492,0.003954492912331934,BENIGN
47.41,5.0,52421.0,41681068.0,795.1215734152344,1105.69500105463,879161.9489559166,11.0,41542.0,5.0,0.0,0.00020983956811201617,0.0,0.00026479225843724423,6.0,2.0,2.0,4.1238,10484.2,0.0,0.818069094446882,0.011827321111768185,BENIGN
56.408,174878.0,540629.0,131877592.0,243.9336254621931,9584.261097716635,2337923.5569422776,59841.0,135788.0,11214.0,0.0,0.11068773595201145,0.0,0.4406943176127493,3.0,1.0,17.0,0.8086,3.09,0.0,0.962896921918728,0.0,DOS_DDOS
12.198,595.0,1291.0,106086.0,82.17350890782339,105.8370224626988,8696.999508116085,664.0,174.0,0.0,270.0,0.5143299767621998,0.209140201394268,3.8160919540229883,468.0,1.0,1.0,0.0461,2.17,0.03529411764705882,0.9705654531371031,0.0,PORT_SCAN
16.235,94.0,153.0,8338.0,54.49673202614379,9.424083769633508,513.5817677856483,124.0,11.0,0.0,29.0,0.8104575163398693,0.1895424836601307,11.272727272727273,87.0,1.0,1.0,0.0325,1.63,0.07446808510638298,0.9673202614379085,0.0,PORT_SCAN
51.924,1520.0,148355.0,204586134.0,1379.0309325604126,2857.156613512056,3940107.349202681,47554.0,13545.0,4010.0,39316.0,0.3205419433116511,0.26501297563277276,3.5108157991878923,3.0,1.0,25.0,2.0757,97.6,0.0,0.9187893903137744,0.0,DOS_DDOS
22.232,285.0,2525.0,230314.0,91.21346534653465,113.57502698812523,10359.571788413099,547.0,1503.0,193.0,270.0,0.21663366336633663,0.10693069306930693,0.3639387890884897,3.0,1.0,1.0,1.7373,8.86,0.9017543859649123,1.0,0.0,BRUTE_FORCE
34.969,4.0,14098.0,6479818.0,459.6267555681657,403.15708198690265,185301.78157796906,10.0,9621.0,9.0,0.0,0.0007093204709887927,0.0,0.0010393929944912171,6.0,3.0,1.0,1.7992,3524.5,0.0,0.9316215065966804,0.0017023691303731025,BENIGN
11.615,233.0,249.0,16784.0,67.40562248995984,21.437795953508395,1445.0279810589755,197.0,30.0,0.0,32.0,0.7911646586345381,0.1285140562248996,6.566666666666666,217.0,1.0,1.0,0.0489,1.07,0.08583690987124463,0.9558232931726908,0.0,PORT_SCAN
32.943,6353.0,188835.0,130129140.0,689.1155770911113,5732.173754667153,3950130.2249339772,71111.0,17386.0,5306.0,31708.0,0.37657743532713744,0.16791378716869224,4.090129989646842,5.0,1.0,28.0,3.4908,29.72,0.0,0.9679773347101968,0.0,DOS_DDOS
234.205,4.0,8.5,453.0,53.294117647058826,0.03629299118293802,1.9342029418671676,4.0,3.0,4.0,0.0,0.47058823529411764,0.0,1.3333333333333333,4.0,1.0,1.0,187.3637,2.12,0.0,0.9411764705882353,0.0,ANOMALY
233.973,2.0,5.5,340.0,61.81818181818182,0.02350698584879452,1.4531591251982066,2.0,2.0,2.0,0.0,0.36363636363636365,0.0,1.0,2.0,1.0,1.0,187.1786,2.75,0.0,0.9090909090909091,0.0,ANOMALY
26.246,639.0,1198.0,57482.0,47.981636060100165,45.64505067438848,2190.1242094033378,680.0,224.0,0.0,603.0,0.5676126878130217,0.503338898163606,3.0357142857142856,589.0,1.0,1.0,0.0397,1.87,0.03442879499217527,0.9657762938230384,0.0,PORT_SCAN
65.262,347.0,5033.0,779828.0,154.94297635605008,77.11991664368239,11949.189421102632,794.0,1996.0,404.0,829.0,0.15775879197297835,0.16471289489370156,0.39779559118236474,1.0,1.0,1.0,1.4584,14.5,0.9365994236311239,1.0,0.0,BRUTE_FORCE
9.255,77777.0,107171.0,4535778.0,42.32281120825596,11579.794705564558,490089.4651539708,76766.0,8605.0,0.0,5793.0,0.7162945199727538,0.054053801868042664,8.921092388146427,2.0,1.0,143.0,0.0096,1.38,0.0,1.0,0.0,SYN_FLOOD
20.826,168.0,340.0,28495.0,83.80882352941177,16.325746662825313,1368.2416210506099,157.0,70.0,0.0,146.0,0.46176470588235297,0.4294117647058823,2.242857142857143,167.0,1.0,1.0,0.0096,2.02,0.07738095238095238,0.9882352941176471,0.0,PORT_SCAN
6.166,450.0,630.0,32207.0,51.12222222222222,102.17320791436912,5223.3214401556925,4.0,216.0,501.0,0.0,0.006349206349206349,0.0,0.018518518518518517,450.0,1.0,1.0,0.0223,1.4,0.0,1.0,0.0,ANOMALY
5.049,13.0,415.0,296237.0,713.8240963855421,82.19449395919983,58672.41037829273,29.0,354.0,15.0,0.0,0.06987951807228916,0.0,0.08192090395480225,5.0,3.0,1.0,0.4934,31.92,0.0,0.9734939759036144,0.00963855421686747,BENIGN
10.347,202.0,1101.0,232474.0,211.1480472297911,106.40765439257757,22467.768435295256,381.0,651.0,127.0,223.0,0.3460490463215259,0.2025431425976385,0.5852534562211982,2.0,1.0,1.0,0.649,5.45,0.9801980198019802,1.0,0.0,BRUTE_FORCE
47.618,451.0,6650.0,1474416.0,221.71669172932332,139.65307236759207,30963.417195178292,2235.0,3058.0,588.0,1142.0,0.3360902255639098,0.17172932330827068,0.7308698495748855,2.0,1.0,1.0,1.4499,14.75,0.9889135254988913,1.0,0.0,BRUTE_FORCE
7.552,11.0,2219.0,1351855.0,609.2181162685895,293.8294491525424,179006.22351694916,25.0,1425.0,17.0,0.0,0.011266336187471835,0.0,0.017543859649122806,4.0,2.0,1.0,0.7587,201.73,0.0,0.9689049121225778,0.011266336187471835,BENIGN
36.603,481.0,5778.0,1117165.0,193.34804430598822,157.85591344971724,30521.13214763817,1665.0,2706.0,745.0,1025.0,0.2881619937694704,0.1773970231914157,0.61529933481153,3.0,1.0,1.0,0.3999,12.01,0.9147609147609148,1.0,0.0,BRUTE_FORCE
23.827,51.0,131646.0,15389989.0,116.90434194734364,5525.076593780165,645905.443404541,1491.0,0.0,0.0,1710.0,0.01132582835786883,0.012989380611640308,1491.0,1.0,1.0,1.0,0.3731,2581.29,0.0,0.2805098521793294,0.719482551691658,ANOMALY
19.098,85116.0,95581.0,4015976.0,42.01646770801728,5004.764896847838,210282.5426746256,58065.0,21470.0,0.0,2253.0,0.6074952134838514,0.023571630344943032,2.7044713553795994,2.0,1.0,1.0,0.007,1.12,0.0,1.0,0.0,SYN_FLOOD
22.536,25.0,42339.0,3889341.0,91.86190037554029,1878.7273695420658,172583.4664536741,1883.0,0.0,0.0,498.0,0.04447436169961501,0.01176220505916531,1883.0,4.0,2.0,1.0,0.0849,1693.56,0.0,0.2622404874938,0.7377358936205389,ANOMALY
30.343,48292.0,185169.0,12517060.0,67.59803206800274,6102.527765876808,412518.8676136176,49825.0,38184.0,4713.0,0.0,0.2690785174624262,0.0,1.304865912424052,2.0,1.0,36.0,0.5792,3.83,0.0,0.9881675658452549,0.0,DOS_DDOS
276.432,2.0,15.0,708.0,47.2,0.05426289286334433,2.5612085431498524,2.0,7.0,2.0,0.0,0.13333333333333333,0.0,0.2857142857142857,2.0,1.0,1.0,221.1452,7.5,0.0,1.0,0.0,ANOMALY
18.672,1347.0,159764.0,97614145.0,610.9896159335019,8556.341045415595,5227835.529134532,79783.0,36739.0,5729.0,0.0,0.4993803359955935,0.0,2.171615993902937,4.0,1.0,1.0,2.1013,118.61,0.0,0.9035264515159861,0.0,DOS_DDOS
15.851,6.0,8561.0,1935826.0,226.12148113538137,540.092107753454,122126.42735474101,14.0,6261.0,13.0,0.0,0.001635322976287817,0.0,0.002236064526433477,1.0,1.0,1.0,0.5553,1426.83,0.0,0.8921854923490247,0.004321925008760659,BENIGN
55.373,33.0,169.0,36521.0,216.10059171597632,3.052028967186174,659.5452657432323,37.0,54.0,9.0,33.0,0.21893491124260356,0.1952662721893491,0.6851851851851852,3.0,1.0,1.0,1.2908,5.12,0.9696969696969697,1.0,0.0,BRUTE_FORCE
12.097,34.0,61233.0,8185677.0,133.68080936749791,5061.833512441101,676670.0008266512,2421.0,0.0,0.0,978.0,0.03953750428690412,0.01597177992259076,2421.0,2.0,2.0,1.0,0.3525,1800.97,0.0,0.42235395946630083,0.5776297094703836,ANOMALY
45.742,4273.0,308473.0,144145157.0,467.2861384951033,6743.758471426698,3151264.855056622,78295.0,80408.0,2788.0,0.0,0.25381475850398577,0.0,0.9737215202467416,5.0,1.0,11.0,0.6938,72.19,0.0,0.9667004891838183,0.0,DOS_DDOS
19.088,9.0,2756.0,475467.0,172.52068214804063,144.38390611902764,24909.20997485331,19.0,2602.0,15.0,0.0,0.006894049346879536,0.0,0.007302075326671791,5.0,2.0,1.0,3.9535,306.22,0.0,0.9107402031930334,0.015965166908563134,BENIGN
55.198,7.0,30150.0,25301619.0,839.1913432835821,546.2154425884996,458379.27098807925,17.0,18411.0,8.0,0.0,0.0005638474295190713,0.0,0.0009233610341643582,3.0,1.0,1.0,5.1932,4307.14,0.0,0.8248756218905473,0.0003980099502487562,BENIGN
5.403,57021.0,76726.0,5299817.0,69.07459009983577,14200.629280029614,980902.6466777717,39319.0,7579.0,0.0,3814.0,0.5124599223209864,0.04970935536845398,5.187887584113999,1.0,1.0,87.0,0.0043,1.35,0.0,1.0,0.0,SYN_FLOOD
8.031,375.0,748.7803801526769,63470.0,84.76450730060317,93.23625702312002,7903.12538911717,599.0,148.0,0.0,190.0,0.7999675417214637,0.25374596481982986,4.047297297297297,338.0,1.0,1.0,0.0202,2.0,0.04533333333333334,0.9802607272513428,0.0,PORT_SCAN
58.164,4.0,71377.0,47853162.0,670.428317245051,1227.1680077023589,822728.1823808542,10.0,45969.0,5.0,3.0,0.00014010115303248946,4.203034590974684e-05,0.00021753790598011703,5.0,1.0,1.0,2.4227,17844.25,0.0,0.9306779494795242,0.0059823192344873,BENIGN
287.797,4.0,18.0,1231.0,68.38888888888889,0.06254408489317122,4.277320472416321,4.0,9.0,4.0,0.0,0.2222222222222222,0.0,0.4444444444444444,4.0,1.0,1.0,230.2374,4.5,0.0,1.0,0.0,ANOMALY
25.263,48.0,106948.0,9880481.0,92.38584171747017,4233.384791988283,391104.8173217749,4902.0,0.0,0.0,1428.0,0.04583535924000449,0.013352283352657366,4902.0,4.0,1.0,1.0,0.1456,2228.08,0.0,0.4840109211953473,0.5159797284661705,ANOMALY
86.868,453.0,3662.0,431055.0,117.71026761332605,42.15591472118617,4962.184003315376,636.0,1835.0,249.0,964.0,0.1736755871108684,0.2632441288913162,0.3465940054495913,1.0,1.0,1.0,0.6535,8.08,0.9050772626931567,1.0,0.0,BRUTE_FORCE
21.928,255.0,3741.0,620377.0,165.83186313819834,170.6037942356804,28291.545056548704,841.0,1908.0,110.0,355.0,0.2248062015503876,0.09489441325848703,0.44077568134171907,3.0,1.0,1.0,1.4859,14.67,0.9176470588235294,1.0,0.0,BRUTE_FORCE
22.09,1004.0,1489.0,98885.0,66.41034251175286,67.40606609325486,4476.459936622907,889.0,273.0,0.0,465.0,0.5970449966420417,0.31229012760241776,3.2564102564102564,990.0,1.0,1.0,0.0407,1.48,0.04780876494023904,0.9832102081934184,0.0,PORT_SCAN
16.169,593161.0,692796.0,31677671.0,45.724384956033234,42847.17669614695,1959160.8015337992,589832.0,20512.0,0.0,52410.0,0.8513790495326186,0.07564997488438155,28.755460218408736,2.0,1.0,161.0,0.0043,1.17,0.0,1.0,0.0,SYN_FLOOD
8.306,107859.0,159023.0,11277623.0,70.91818793507858,19145.55742836504,1357768.2398266315,89280.0,40323.0,0.0,5563.0,0.5614282210749388,0.034982361042113407,2.2141209731418794,2.0,1.0,61.0,0.0049,1.47,0.0,1.0,0.0,SYN_FLOOD
13.28,196957.0,271850.0,12849299.0,47.26613573661946,20470.63253012048,967567.6957831326,199995.0,36985.0,0.0,15321.0,0.7356814419716755,0.05635828581938569,5.4074624847911315,1.0,1.0,1.0,0.0062,1.38,0.0,1.0,0.0,SYN_FLOOD
17.708,1166.0,2160.0,127034.0,58.81203703703704,121.97876665913712,7173.819742489271,1380.0,318.0,0.0,546.0,0.6388888888888888,0.25277777777777777,4.339622641509434,1021.0,1.0,1.0,0.0033,1.85,0.08662092624356775,0.9805555555555555,0.0,PORT_SCAN
17.197,204829.0,251140.87399783058,14095191.0,56.1246394329334,14603.760772101565,819630.8076990173,203050.0,48089.0,0.0,8929.0,0.8085103661849723,0.03555375060165288,4.222379338310216,1.0,1.0,1.0,0.0058,1.23,0.0,0.999996519890145,0.0,SYN_FLOOD
31.532,66655.0,378952.0,47344810.0,124.9361660579704,12018.013446657364,1501484.5236585056,120867.0,67691.0,12398.0,0.0,0.31895068504718277,0.0,1.785569721233251,5.0,1.0,35.0,3.1061,5.69,0.0,0.9421061242584813,0.0,DOS_DDOS
37.537,770.0,815.0,61283.0,75.19386503067484,21.711910914564296,1632.6024988677839,697.0,69.0,0.0,287.0,0.8552147239263803,0.3521472392638037,10.101449275362318,596.0,1.0,1.0,0.0192,1.06,0.07272727272727272,0.9803680981595092,0.0,PORT_SCAN
239.816,1.0,8.0,556.0,69.5,0.033358908496513996,2.3184441405077227,1.0,4.0,1.0,0.0,0.125,0.0,0.25,1.0,1.0,1.0,191.8525,8.0,0.0,1.0,0.0,ANOMALY
40.826,489.0,8431.0,1201010.0,142.45166646898352,206.51055699799147,29417.77298780189,1149.0,3790.0,292.0,1988.0,0.13628276598268296,0.23579646542521646,0.30316622691292877,2.0,1.0,1.0,2.4591,17.24,0.9693251533742331,1.0,0.0,BRUTE_FORCE
29.482,1340.0,2529.0,205536.0,81.27164887307237,85.7811546028085,6971.575876806187,2070.0,451.0,0.0,395.0,0.8185053380782918,0.15618821668643731,4.58980044345898,1096.0,1.0,1.0,0.0175,1.89,0.09029850746268657,0.9833926453143536,0.0,PORT_SCAN
57.197,3.0,41866.0,22088219.0,527.5932498925142,731.9614665104813,386177.9289123555,6.0,30584.0,5.0,0.0,0.00014331438398700616,0.0,0.00019618100967826315,2.0,3.0,1.0,4.5558,13955.33,0.0,0.8324177136578608,0.006640233124731286,BENIGN
22.648,8.0,2050.0,588865.0,287.2512195121951,90.51571882726952,26000.75061815613,15.0,1352.0,12.0,0.0,0.007317073170731708,0.0,0.011094674556213017,1.0,1.0,1.0,0.8569,256.25,0.0,0.9097560975609756,0.006341463414634147,BENIGN
84.924,78.0,808.0,98503.0,121.90965346534654,9.514389336347792,1159.8959069285477,249.0,274.0,36.0,103.0,0.30816831683168316,0.12747524752475248,0.9087591240875912,3.0,1.0,1.0,2.0357,10.36,0.8974358974358975,1.0,0.0,BRUTE_FORCE
35.274,101521.0,543812.0,90745543.0,166.86932800305988,15416.794239383114,2572590.094687305,132622.0,139683.0,688.0,83932.0,0.24387472141107588,0.15434010282965435,0.9494498256767109,1.0,1.0,55.0,2.8816,5.36,0.0,0.9625109412811781,0.0,DOS_DDOS
48.956,7038.0,446886.0,554669837.0,1241.1886633280076,9128.319307132935,11329966.439251572,137828.0,130871.0,299.0,0.0,0.3084187018613248,0.0,1.0531592178557512,1.0,1.0,1.0,0.8369,63.5,0.0,0.902655263311001,0.0,DOS_DDOS
53.618,126.0,2251.0,530625.0,235.7285650821857,41.98217016673505,9896.396732440598,634.0,949.0,112.0,672.0,0.2816525988449578,0.29853398489560196,0.6680716543730242,2.0,1.0,1.0,1.5658,17.87,0.9523809523809523,1.0,0.0,BRUTE_FORCE
32.395,36229.0,139070.0,9958517.0,71.60794563888689,4292.946442352214,307409.07547461026,33484.0,23118.0,1225.0,0.0,0.24077083483137987,0.0,1.4483951898953196,2.0,1.0,8.0,0.5054,3.84,0.0,0.9977852879844683,0.0,DOS_DDOS
10.47,31.0,32385.0,4124615.0,127.36189593947816,3093.1232091690545,393946.0362941738,644.0,0.0,0.0,1437.0,0.01988574957542072,0.044372394627142195,644.0,2.0,1.0,1.0,0.3483,1044.68,0.0,0.23180484792342135,0.7681642735834491,ANOMALY
29.744,340129.0,472513.0,29830599.0,63.13180589740388,15885.99381387843,1002911.4779451318,267511.0,18854.0,0.0,1708.0,0.5661452700772254,0.0036147153623286555,14.188554152964889,1.0,1.0,1.0,0.0017,1.39,0.0,1.0,0.0,SYN_FLOOD
5.231,8.0,858.0,544752.0,634.9090909090909,164.0221754922577,104139.1703307207,15.0,495.0,15.0,0.0,0.017482517482517484,0.0,0.030303030303030304,2.0,3.0,1.0,1.234,107.25,0.0,0.9836829836829837,0.002331002331002331,BENIGN
8.854,92092.0,124544.0,6548427.0,52.57922501284686,14066.410661847754,739600.9713124012,68761.0,34490.0,0.0,3581.0,0.5521020683453237,0.02875289054470709,1.9936503334299798,3.0,1.0,1.0,0.0015,1.35,0.0,1.0,0.0,SYN_FLOOD
84.864,184.0,1748.0,352519.0,201.6699084668192,20.59766214177979,4153.928638763197,233.0,1042.0,97.0,505.0,0.13329519450800914,0.2889016018306636,0.2236084452975048,2.0,1.0,1.0,1.4291,9.5,0.9184782608695652,1.0,0.0,BRUTE_FORCE
6.821,56609.0,83921.0,5836889.0,69.55218598443774,12303.327957777452,855723.35434687,46996.0,25157.0,0.0,1750.0,0.5600028598324615,0.020852945031636896,1.86810828000159,2.0,1.0,70.0,0.0032,1.48,0.0,1.0,0.0,SYN_FLOOD
21.957,881307.0,999693.0,78843108.0,78.86732026732207,45529.580543790136,3590796.010383932,566972.0,208606.0,0.0,2158.0,0.5671461138569541,0.0021586627094518016,2.7179084014841375,3.0,1.0,70.0,0.0067,1.13,0.0,1.0,0.0,SYN_FLOOD
32.067,73.0,115.20891603805747,7824.0,67.91141058401647,3.592756292701452,243.98914772195715,101.0,13.0,0.0,43.0,0.8766682603509283,0.3732350019315833,7.769230769230769,72.0,1.0,1.0,0.047,1.58,0.0273972602739726,0.9634670980094361,0.0,PORT_SCAN
72.813,452.0,5295.0,947885.0,179.0151085930123,72.72053067446747,13018.073695631274,1728.0,3007.0,420.0,1322.0,0.3263456090651558,0.24966949952785647,0.5746591286997007,1.0,1.0,1.0,1.7313,11.71,0.9469026548672567,1.0,0.0,BRUTE_FORCE
19.272,120258.0,164835.0,9955872.0,60.3990171990172,8553.082191780823,516597.7584059776,116091.0,5976.0,0.0,11888.0,0.7042861042861043,0.0721206054539388,19.426204819277107,3.0,1.0,1.0,0.0099,1.37,0.0,1.0,0.0,SYN_FLOOD
25.135,93.0,2613.0,17650406.0,6754.843474933027,103.95862343345931,702224.2291625224,954.0,607.0,0.0,0.0,0.365097588978186,0.0,1.57166392092257,1.0,1.0,1.0,0.4694,28.1,1.0,1.0,0.0,ANOMALY
57.349,71.0,10846.0,51786958.0,4774.751797897842,189.12273971647284,903014.1414845943,5347.0,4336.0,0.0,0.0,0.4929928084086299,0.0,1.2331642066420665,1.0,1.0,1.0,0.3888,152.76,1.0,1.0,0.0,ANOMALY
21.864,275.0,1194.0,185329.0,155.21691792294808,54.61031833150384,8476.445298207098,150.0,398.0,120.0,399.0,0.12562814070351758,0.3341708542713568,0.3768844221105528,2.0,1.0,1.0,0.5945,4.34,0.9781818181818182,1.0,0.0,BRUTE_FORCE
7.772,49189.0,67541.0,4154822.0,61.51555351564235,8690.298507462687,534588.5229027277,42027.0,11578.0,0.0,1576.0,0.6222442664455664,0.023333974918938127,3.6299015373985144,3.0,1.0,177.0,0.002,1.37,0.0,1.0,0.0,SYN_FLOOD
67.678,378.0,3247.0,791505.0,243.76501385894673,47.97718608705931,11695.15943142528,597.0,1912.0,412.0,474.0,0.18386202648598707,0.14598090545118572,0.3122384937238494,2.0,1.0,1.0,1.4981,8.59,0.9365079365079365,1.0,0.0,BRUTE_FORCE
29.879,557.0,1335.0,111560.0,83.56554307116104,44.68021018106362,3733.7260283142004,1047.0,150.0,0.0,446.0,0.7842696629213484,0.3340823970037453,6.98,542.0,1.0,1.0,0.0485,2.4,0.0466786355475763,0.9820224719101124,0.0,PORT_SCAN
288.187,1.0,10.0,459.0,45.9,0.034699691519742386,1.5927158407561757,1.0,5.0,1.0,0.0,0.1,0.0,0.2,1.0,1.0,1.0,230.5498,10.0,0.0,1.0,0.0,ANOMALY
28.596,372594.0,491242.0,28402274.0,57.81727539583342,17178.6963211638,993225.4161421178,355931.0,49977.0,0.0,11177.0,0.7245532751678398,0.022752533374589306,7.121896072193209,3.0,1.0,135.0,0.0079,1.32,0.0,1.0,0.0,SYN_FLOOD
25.225,204.0,407.0,24918.0,61.223587223587224,16.134786917740335,987.8295341922695,232.0,66.0,0.0,42.0,0.5700245700245701,0.10319410319410319,3.515151515151515,185.0,1.0,1.0,0.0417,2.0,0.06372549019607843,0.972972972972973,0.0,PORT_SCAN
10.426,123.0,1184.0,7640160.0,6452.8378378378375,113.56224822558987,732798.7723000192,537.0,546.0,0.0,0.0,0.4535472972972973,0.0,0.9835164835164835,1.0,1.0,1.0,0.1165,9.63,1.0,1.0,0.0,ANOMALY
19.379,54.0,120056.0,16265322.0,135.48112547477842,6195.159708963311,839327.2098663502,4322.0,0.0,0.0,922.0,0.03599986672885987,0.007679749450256547,4322.0,2.0,2.0,1.0,0.1432,2223.26,0.0,0.37141000866262414,0.6285816618911175,ANOMALY
35.585,536.0,1152.0,92244.0,80.07291666666667,32.3731909512435,2592.2158212730083,830.0,169.0,0.0,257.0,0.7204861111111112,0.2230902777777778,4.911242603550296,517.0,1.0,1.0,0.0414,2.15,0.055970149253731345,0.9956597222222222,0.0,PORT_SCAN
235.703,1.0,3.0,136.0,45.333333333333336,0.012727882122841034,0.5769973229021268,1.0,1.0,1.0,0.0,0.3333333333333333,0.0,1.0,1.0,1.0,1.0,188.5627,3.0,0.0,1.0,0.0,ANOMALY
15.26,1112.0,1265.0,85075.0,67.25296442687747,82.89646133682831,5575.032765399738,891.0,205.0,0.0,428.0,0.7043478260869566,0.3383399209486166,4.3463414634146345,881.0,1.0,1.0,0.0028,1.14,0.024280575539568347,0.9754940711462451,0.0,PORT_SCAN
42.122,150491.0,593315.0,65742592.0,110.80554511515805,14085.632211196049,1560766.1554532074,90257.0,169277.0,18432.0,0.0,0.15212323976302639,0.0,0.5331911600512769,1.0,1.0,10.0,2.9744,3.94,0.0,0.9282455356766641,0.0,DOS_DDOS
18.27,327462.0,369254.0,26854504.0,72.72637263238855,20210.946907498634,1469868.8560481665,186507.0,52595.0,0.0,21845.0,0.5050913463361264,0.059159819528021365,3.5460975377887634,2.0,1.0,1.0,0.0033,1.13,0.0,1.0,0.0,SYN_FLOOD
27.094,1498.0,176277.0,227740653.0,1291.9476335540087,6506.126817745626,8405575.145788735,77958.0,9066.0,664.0,0.0,0.4422471451181947,0.0,8.598941098610192,1.0,1.0,1.0,3.1161,117.67,0.0,0.9145265689795038,0.0,DOS_DDOS
31.754,382901.0,495418.0,53026816.0,107.03449612246628,15601.75096050891,1669925.5526862757,62807.0,55053.0,11206.0,0.0,0.12677577318547167,0.0,1.1408460937641909,1.0,1.0,1.0,1.0574,1.29,0.0,0.9521737199698033,0.0,DOS_DDOS
53.964,36555.0,185535.0,15581731.0,83.98270407200798,3438.1254169446297,288743.0694537099,65298.0,24992.0,6329.0,0.0,0.35194437707171156,0.0,2.6127560819462228,4.0,1.0,1.0,1.1896,5.08,0.0,0.9974991241544722,0.0,DOS_DDOS
37.343,708.0,1794.0,145701.0,81.21571906354515,48.04113220683929,3901.695096805291,1098.0,228.0,0.0,544.0,0.6120401337792643,0.3032329988851728,4.815789473684211,583.0,1.0,1.0,0.0231,2.53,0.06779661016949153,0.9609810479375697,0.0,PORT_SCAN
27.934,410832.0,579001.4014919209,42638826.0,73.6420082751647,20727.479111187833,1526413.1882293979,443761.0,135238.0,0.0,23927.0,0.7664247424212702,0.04132459772696054,3.2813336488265135,3.0,1.0,1.0,0.001,1.41,0.0,0.9999993065786716,0.0,SYN_FLOOD
9.697,8.0,2492.0,1319174.0,529.3635634028892,256.98669691657216,136039.39362689492,15.0,1570.0,8.0,0.0,0.006019261637239166,0.0,0.009554140127388535,2.0,2.0,2.0,1.1265,311.5,0.0,0.9835473515248796,0.0040128410914927765,BENIGN
29.209,790.0,1725.0,103937.0,60.25333333333333,59.05713992262659,3558.3895374713275,892.0,324.0,0.0,730.0,0.5171014492753623,0.42318840579710143,2.753086419753086,739.0,1.0,1.0,0.0144,2.18,0.056962025316455694,0.967536231884058,0.0,PORT_SCAN
23.751,115.0,286.0,20566.0,71.9090909090909,12.0415982484948,865.9003831417624,129.0,66.0,0.0,92.0,0.45104895104895104,0.32167832167832167,1.9545454545454546,97.0,1.0,1.0,0.0236,2.49,0.043478260869565216,0.951048951048951,0.0,PORT_SCAN
44.158,6.0,49353.0,27544258.0,558.1070654266205,1117.645726708637,623765.9767199601,13.0,35661.0,11.0,0.0,0.00026340850606852673,0.0,0.00036454389949805107,5.0,2.0,2.0,4.9372,8225.5,0.0,0.9841954896358884,0.010070309808927522,BENIGN
30.141,6.0,2675.0,799934.0,299.04074766355143,88.74954381075612,26539.72993596762,15.0,1940.0,6.0,0.0,0.005607476635514018,0.0,0.007731958762886598,3.0,3.0,1.0,3.9537,445.83,0.0,0.8085981308411215,0.011588785046728972,BENIGN
274.18,2.0,6.5,503.0,77.38461538461539,0.02370705376030345,1.8345612371434823,2.0,3.0,2.0,0.0,0.3076923076923077,0.0,0.6666666666666666,2.0,1.0,1.0,219.3439,3.25,0.0,0.9230769230769231,0.0,ANOMALY
28.686,436.0,4320.0,802288.0,185.71481481481482,150.596109600502,27967.92860628878,1282.0,1947.0,376.0,1062.0,0.2967592592592593,0.24583333333333332,0.6584488957370314,3.0,1.0,1.0,0.339,9.91,0.8532110091743119,1.0,0.0,BRUTE_FORCE
10.363,643.0,1006.0778821275866,65634.0,65.23749419995357,97.0836516575882,6333.494161922224,878.0,126.0,0.0,452.0,0.8726958574452149,0.44926939358227463,6.968253968253968,625.0,1.0,1.0,0.0236,1.56,0.10108864696734059,0.9512186054385771,0.0,PORT_SCAN
10.856,171226.0,203184.0,15168421.0,74.6536193794787,18716.285924834192,1397238.4856300664,144505.0,28834.0,0.0,15991.0,0.711202653752264,0.0787020631545791,5.011618228480266,2.0,1.0,73.0,0.0073,1.19,0.0,1.0,0.0,SYN_FLOOD
23.423,585351.0,620495.0,37842750.0,60.98800151491954,26490.842334457586,1615623.532425394,479402.0,127573.0,0.0,26020.0,0.7726121886558313,0.041934262161661254,3.757864124854005,3.0,1.0,1.0,0.0015,1.06,0.0,1.0,0.0,SYN_FLOOD
8.881,578.0,959.0,82253.0,85.76955161626694,107.98333520999887,9261.682242990653,683.0,100.0,0.0,333.0,0.7122002085505735,0.3472367049009385,6.83,526.0,1.0,1.0,0.0223,1.66,0.0847750865051903,0.9614181438998958,0.0,PORT_SCAN
23.989,1007.0,112834.0,131723087.0,1167.4059857844268,4703.572470715744,5490978.656884405,46453.0,22922.0,3879.0,0.0,0.41169328393923815,0.0,2.026568362272053,3.0,1.0,48.0,0.0568,112.05,0.0,0.9487743056171012,0.0,DOS_DDOS
29.132,11.0,200427.0,24302746.0,121.25485089334272,6879.960181243992,834228.5459288755,9280.0,0.0,0.0,6095.0,0.046301147051046015,0.030410074490961798,9280.0,2.0,1.0,1.0,0.106,18220.64,0.0,0.4674270432626343,0.5325679673896232,ANOMALY
23.256,72.0,813.0,90236.0,110.99138991389914,34.958720330237355,3880.1169590643276,143.0,379.0,21.0,116.0,0.17589175891758918,0.14268142681426815,0.37730870712401055,1.0,1.0,1.0,0.3537,11.29,0.9027777777777778,1.0,0.0,BRUTE_FORCE
33.49,204657.0,590002.0,80239933.0,135.99942542567652,17617.25888324873,2395937.085697223,198486.0,70985.0,22620.0,228058.0,0.3364158087599703,0.3865376727536517,2.796168204550257,5.0,1.0,1.0,0.1203,2.88,0.0,0.9437256144894424,0.0,DOS_DDOS
24.68,317626.0,357784.0,15933416.0,44.53361804887865,14496.920583468396,645600.3241491086,239818.0,23315.0,0.0,8158.0,0.6702871005970082,0.022801466806788455,10.285996139824148,3.0,1.0,1.0,0.0053,1.13,0.0,1.0,0.0,SYN_FLOOD
24.943,736.0,1652.0,107470.0,65.0544794188862,66.23100669526521,4308.623661949244,1100.0,155.0,0.0,464.0,0.6658595641646489,0.28087167070217917,7.096774193548387,666.0,1.0,1.0,0.0263,2.24,0.10869565217391304,0.9703389830508474,0.0,PORT_SCAN
16.542,128887.0,581756.0,75744652.0,130.2000357538212,35168.419779954056,4578929.51275541,166853.0,139763.0,1345.0,0.0,0.28680924648821843,0.0,1.193828123323054,4.0,1.0,1.0,3.138,4.51,0.0,0.9381562029441897,0.0,DOS_DDOS
42.547,3.0,52277.0,45377678.0,868.023758058037,1228.688274143888,1066530.6132042212,7.0,41329.0,6.0,1.0,0.00013390209843717124,1.9128871205310175e-05,0.00016937259551404584,4.0,2.0,1.0,1.5835,17425.67,0.0,0.8863171184268416,0.011075616427874592,BENIGN
55.829,23.0,19182.0,92469099.0,4820.618235846106,343.58487524404876,1656291.5151623709,6453.0,7742.0,0.0,0.0,0.33640913356271507,0.0,0.8335055541203823,1.0,1.0,1.0,0.1965,834.0,1.0,1.0,0.0,ANOMALY
5.261,3.0,416.0,284338.0,683.5048076923077,79.07241969207375,54046.37901539631,6.0,321.0,4.0,0.0,0.014423076923076924,0.0,0.018691588785046728,4.0,3.0,2.0,0.893,138.67,0.0,0.9326923076923077,0.004807692307692308,BENIGN
53.981,7.0,45434.0,31967538.0,703.603864946956,841.6665122913618,592199.8110446268,15.0,27079.0,7.0,3.0,0.00033014922745080777,6.602984549016155e-05,0.0005539347834114997,2.0,2.0,1.0,5.9589,6490.57,0.0,0.9514680635647312,0.009288198265616058,BENIGN
24.835,558680.0,893529.1159645155,56791191.0,63.55829931596245,35978.623554037265,2286740.124823837,677542.0,215985.0,0.0,54154.0,0.7582763537242216,0.06060686667333021,3.1369863647938514,2.0,1.0,1.0,0.0061,1.6,0.0,0.9999998702174183,0.0,SYN_FLOOD
41.73,125.0,1355.0,270237.0,199.4369003690037,32.47064462017733,6475.844716031633,219.0,538.0,96.0,169.0,0.16162361623616237,0.12472324723247233,0.4070631970260223,3.0,1.0,1.0,1.4118,10.84,0.904,1.0,0.0,BRUTE_FORCE
34.661,55.0,777.0,187873.0,241.7927927927928,22.41712587634517,5420.299472029082,119.0,378.0,87.0,206.0,0.15315315315315314,0.2651222651222651,0.3148148148148148,3.0,1.0,1.0,1.0596,14.13,0.8363636363636363,1.0,0.0,BRUTE_FORCE
23.752,60941.0,116347.0,19199034.0,165.015290467309,4898.408555069047,808312.3105422702,54224.0,9163.0,679.0,0.0,0.46605413117656663,0.0,5.917712539561279,1.0,1.0,6.0,1.4853,1.91,0.0,0.9639526588566959,0.0,DOS_DDOS
59.781,15296.0,768090.0,707567988.0,921.2045307190564,12848.39664776434,11836001.204396047,312903.0,58723.0,26464.0,0.0,0.4073780416357458,0.0,5.328457333583094,1.0,1.0,1.0,3.5852,50.22,0.0,0.9229777760418701,0.0,DOS_DDOS
7.501,5.0,536.0,194759.0,363.3563432835821,71.45713904812692,25964.404746033862,9.0,308.0,9.0,0.0,0.016791044776119403,0.0,0.02922077922077922,6.0,3.0,2.0,1.0329,107.2,0.0,0.8843283582089553,0.0037313432835820895,BENIGN
4.953,10.0,958.0,473624.0,494.3883089770355,193.41813042600444,95623.66242681202,21.0,614.0,24.0,0.0,0.021920668058455117,0.0,0.03420195439739414,5.0,1.0,2.0,1.2052,95.8,0.0,0.9582463465553236,0.003131524008350731,BENIGN
41.947,279215.0,561290.0,47428615.0,84.49930517201447,13380.933082222804,1130679.5480010489,147174.0,67869.0,11024.0,0.0,0.26220670241764504,0.0,2.1685010829686604,5.0,1.0,1.0,1.7214,2.01,0.0,0.9707566498601436,0.0,DOS_DDOS
35.609,759.0,1844.0,145774.0,79.0531453362256,51.784661181162065,4093.7403465416046,1148.0,278.0,0.0,900.0,0.6225596529284165,0.4880694143167028,4.129496402877698,639.0,1.0,1.0,0.0201,2.43,0.021080368906455864,0.9934924078091106,0.0,PORT_SCAN
38.814,306439.0,447410.0,66268427.0,148.11565901522093,11527.026330705416,1707333.1014582368,110300.0,123066.0,2735.0,0.0,0.2465300283855971,0.0,0.8962670437001284,1.0,1.0,1.0,2.0485,1.46,0.0,0.9584720949464697,0.0,DOS_DDOS
43.305,130812.0,638805.0,70564651.0,110.46352329740688,14751.29892622099,1629480.4526036254,229264.0,52805.0,8338.0,99230.0,0.3588951244902592,0.15533691815186168,4.3417100653347225,5.0,1.0,1.0,0.6094,4.88,0.0,0.9032161614264134,0.0,DOS_DDOS
12.543,129.0,650.0,56022.0,86.1876923076923,51.82173323766244,4466.395599138962,85.0,249.0,25.0,78.0,0.13076923076923078,0.12,0.3413654618473896,1.0,1.0,1.0,0.9114,5.04,0.9689922480620154,1.0,0.0,BRUTE_FORCE
36.446,1377.0,3400.0,276168.0,81.22588235294117,93.28870109202657,7577.457059759645,2372.0,380.0,0.0,418.0,0.6976470588235294,0.12294117647058823,6.242105263157895,1123.0,1.0,1.0,0.0319,2.47,0.0457516339869281,0.9938235294117647,0.0,PORT_SCAN
16.363,31.0,15739.0,2198550.0,139.68803608869686,961.8651836460307,134361.0584856078,43.0,0.0,0.0,607.0,0.002732066840332931,0.03856661795539742,43.0,3.0,3.0,1.0,0.4003,507.71,0.0,0.5297032848338522,0.4702331787280005,ANOMALY
15.353,565.0,613.0,38865.0,63.401305057096245,39.927050087930695,2531.427082654856,20.0,209.0,324.0,0.0,0.03262642740619902,0.0,0.09569377990430622,565.0,1.0,1.0,0.0182,1.08,0.0,1.0,0.0,ANOMALY
34.58,304.0,764.0,45447.0,59.48560209424084,22.093695777906305,1314.2567958357433,370.0,156.0,0.0,102.0,0.48429319371727747,0.13350785340314136,2.371794871794872,252.0,1.0,1.0,0.038,2.51,0.08881578947368421,0.9489528795811518,0.0,PORT_SCAN
31.138,4.0,11783.0,6283620.0,533.2784520071289,378.4122294302781,201799.08793114522,9.0,10749.0,7.0,0.0,0.0007638122719171688,0.0,0.0008372871895060006,5.0,3.0,1.0,3.3266,2945.75,0.0,0.909700415853348,0.011881524229822625,BENIGN
7.106,27.0,15420.0,1720772.0,111.5935149156939,2169.9971854770615,242157.61328454828,661.0,0.0,0.0,194.0,0.04286640726329442,0.0125810635538262,661.0,3.0,3.0,1.0,0.0924,571.11,0.0,0.2361219195849546,0.7638132295719844,ANOMALY
10.308,7.0,2027.0,1336504.0,659.3507646768624,196.64338377958867,129656.9654637175,17.0,1332.0,8.0,3.0,0.008386778490379871,0.0014800197335964479,0.012762762762762763,6.0,2.0,1.0,0.5255,289.57,0.0,0.8460779477059694,0.003946719289590528,BENIGN
24.442,198.0,400.0,25490.0,63.725,16.365272890925457,1042.8770149742247,221.0,54.0,0.0,72.0,0.5525,0.18,4.092592592592593,187.0,1.0,1.0,0.0086,2.02,0.050505050505050504,0.9575,0.0,PORT_SCAN
25.091,175942.0,219174.0,16455662.0,75.08035624663509,8735.164003028975,655839.2252201984,157753.0,53992.0,0.0,9233.0,0.7197614680573425,0.0421263471032148,2.921784708845755,1.0,1.0,162.0,0.0045,1.25,0.0,1.0,0.0,SYN_FLOOD
52.346,384384.0,1101878.0,195968099.0,177.84918021777366,21049.89875062087,3743707.2364650597,216067.0,234904.0,4914.0,386806.0,0.1960897667436867,0.3510424929075633,0.9198097946395123,5.0,1.0,1.0,1.7529,2.87,0.0,0.9204077039381855,0.0,DOS_DDOS
22.968,349614.0,496766.0,30010601.0,60.41194646976645,21628.61372344131,1306626.6544757923,254554.0,135358.0,0.0,12246.0,0.5124223477452161,0.02465144554981621,1.8805981175844797,3.0,1.0,137.0,0.0044,1.42,0.0,1.0,0.0,SYN_FLOOD
35.588,363.0,5425.0,1402463.0,258.5185253456221,152.4390243902439,39408.31179049118,964.0,2957.0,586.0,1803.0,0.17769585253456222,0.33235023041474654,0.3260060872505918,1.0,1.0,1.0,1.5357,14.94,0.8650137741046832,1.0,0.0,BRUTE_FORCE
30.385,256.0,265.0,12259.0,46.260377358490565,8.721408589764685,403.4556524600954,3.0,34.0,222.0,0.0,0.011320754716981131,0.0,0.08823529411764706,256.0,1.0,1.0,0.0145,1.04,0.0,1.0,0.0,ANOMALY
18.186,5.0,13616.0,11388460.0,836.4027614571092,748.7077972066425,626221.2691081051,10.0,10022.0,6.0,3.0,0.0007344300822561692,0.00022032902467685077,0.000997804829375374,6.0,3.0,1.0,3.9108,2723.2,0.0,0.862147473560517,0.0031580493537015277,BENIGN
11.727,2.0,4696.0,2272086.0,483.83432708688247,400.4434211648333,193748.27321565617,4.0,2705.0,3.0,0.0,0.0008517887563884157,0.0,0.0014787430683918669,4.0,3.0,1.0,4.8706,2348.0,0.0,0.9689097103918228,0.016609880749574105,BENIGN
33.431,778.0,935.0,59941.0,64.10802139037433,27.968053602943378,1792.97657862463,7.0,288.0,614.0,0.0,0.0074866310160427805,0.0,0.024305555555555556,778.0,1.0,1.0,0.0259,1.2,0.0,1.0,0.0,ANOMALY
25.237,87.0,181.0,15551.0,85.9171270718232,7.17200935134921,616.1984388001744,103.0,44.0,0.0,36.0,0.569060773480663,0.19889502762430938,2.340909090909091,75.0,1.0,1.0,0.0224,2.08,0.011494252873563218,0.9723756906077348,0.0,PORT_SCAN
9.05,4.0,1662.0,961674.0,578.6245487364621,183.64640883977899,106262.32044198894,9.0,986.0,9.0,1.0,0.005415162454873646,0.0006016847172081829,0.009127789046653144,4.0,2.0,1.0,1.1041,415.5,0.0,0.9657039711191335,0.015643802647412757,BENIGN
60.905,144.0,1622.0,159128.0,98.10604192355117,26.631639438469747,2612.724735243412,322.0,605.0,78.0,135.0,0.19852034525277434,0.08323057953144267,0.5322314049586777,2.0,1.0,1.0,2.4285,11.26,0.9583333333333334,1.0,0.0,BRUTE_FORCE
164.665,1.0,18.0,1362.0,75.66666666666667,0.10931284729602526,8.271338778732579,1.0,9.0,1.0,0.0,0.05555555555555555,0.0,0.1111111111111111,1.0,1.0,1.0,131.7318,18.0,0.0,1.0,0.0,ANOMALY
21.443,8.0,5996.0,3970454.0,662.1837891927952,279.6250524646738,185163.17679429182,20.0,4207.0,15.0,0.0,0.00333555703802535,0.0,0.004753981459472308,6.0,2.0,1.0,1.0014,749.5,0.0,0.94079386257505,0.0028352234823215477,BENIGN
27.017,8.0,123617.0,9432387.0,76.30331588697348,4575.526520339046,349127.84543065476,3783.0,0.0,0.0,1400.0,0.030602587022820486,0.011325303154096928,3783.0,2.0,1.0,1.0,0.2908,15452.12,0.0,0.38201865439219523,0.6179732561055519,ANOMALY
54.376,8452.0,624392.0,815214264.0,1305.612922651155,11482.860085331764,14992170.516404297,144486.0,38151.0,15168.0,61664.0,0.23140270855488218,0.09875847224179682,3.7872139655579145,2.0,1.0,5.0,0.3088,73.88,0.0,0.9264804802111494,0.0,DOS_DDOS
18.321,8.0,10100.0,3174409.0,314.2979207920792,551.2799519676873,173266.14267780143,20.0,8305.0,18.0,1.0,0.0019801980198019802,9.900990099009902e-05,0.002408187838651415,4.0,3.0,2.0,1.5949,1262.5,0.125,0.9827722772277228,0.0075247524752475245,BENIGN
35.338,162.0,327.4030114308185,24070.0,73.51795542383422,9.264899299078003,681.1364536759296,269.0,56.0,0.0,69.0,0.8216173663901706,0.21074943598855678,4.803571428571429,138.0,1.0,1.0,0.0482,2.02,0.018518518518518517,0.9804430282945902,0.0,PORT_SCAN
6.406,792.0,794.0,41194.0,51.8816120906801,123.94630034342804,6430.533874492663,27.0,302.0,429.0,0.0,0.03400503778337532,0.0,0.08940397350993377,792.0,1.0,1.0,0.0234,1.0,0.0,1.0,0.0,ANOMALY
35.967,695.0,845.0,59463.0,70.37041420118344,23.49375816720883,1653.2654933689216,712.0,122.0,0.0,233.0,0.842603550295858,0.2757396449704142,5.836065573770492,677.0,1.0,1.0,0.0048,1.22,0.08345323741007195,0.9964497041420118,0.0,PORT_SCAN
41.365,180.0,4925.0,42571788.0,8644.017868020304,119.06200894476005,1029174.1327208993,1911.0,1074.0,0.0,0.0,0.38802030456852793,0.0,1.7793296089385475,1.0,1.0,1.0,0.3101,27.36,1.0,1.0,0.0,ANOMALY
25.892,628355.0,884127.0,67416425.0,76.25196945687667,34146.72485709872,2603755.0208558626,545196.0,209701.0,0.0,32756.0,0.6166489655897852,0.03704897599553005,2.599873152726978,1.0,1.0,1.0,0.0034,1.41,0.0,1.0,0.0,SYN_FLOOD
31.502,46416.0,172978.0,34270460.0,198.12033900264774,5491.016443400419,1087882.0392356042,58242.0,27392.0,2164.0,0.0,0.3367017771046029,0.0,2.126241238317757,5.0,1.0,15.0,1.3521,3.73,0.0,0.9078495531223624,0.0,DOS_DDOS
23.486,567708.0,644472.9966598849,29004650.0,45.00522155361453,27440.730505828364,1234976.1560078345,466029.0,178442.0,0.0,25338.0,0.7231164104862299,0.03931584431204945,2.611655327781576,3.0,1.0,180.0,0.0015,1.14,0.0,0.999998453527316,0.0,SYN_FLOOD
51.742,162141.0,807661.0,125699424.0,155.63389095177308,15609.388891036297,2429349.928491361,130787.0,162164.0,21824.0,0.0,0.16193303873778728,0.0,0.806510692878814,1.0,1.0,1.0,0.9041,4.98,0.0,0.9321683230959524,0.0,DOS_DDOS
23.33,871.0,964.0,68296.0,70.84647302904564,41.320188598371196,2927.3896270895843,537.0,106.0,0.0,493.0,0.5570539419087137,0.5114107883817427,5.066037735849057,737.0,1.0,1.0,0.036,1.11,0.08725602755453502,0.9688796680497925,0.0,PORT_SCAN
5.821,577.0,1499.0,97655.0,65.14676450967312,257.5158907404226,16776.327091565025,896.0,332.0,0.0,207.0,0.5977318212141428,0.1380920613742495,2.6987951807228914,523.0,1.0,1.0,0.0189,2.6,0.03986135181975736,0.9679786524349566,0.0,PORT_SCAN
45.505,7.0,34082.0,24588259.0,721.4441347338771,748.9726403691901,540341.9184704977,15.0,29920.0,11.0,0.0,0.0004401150167243706,0.0,0.000501336898395722,3.0,3.0,2.0,5.1603,4868.86,0.0,0.9032627193239834,0.007687342292119007,BENIGN
49.805,175.0,14934.0,103051318.0,6900.449845989018,299.84941270956733,2069095.8337516314,5181.0,5529.0,0.0,0.0,0.346926476496585,0.0,0.9370591427021161,1.0,1.0,1.0,0.1021,85.34,1.0,1.0,0.0,ANOMALY
16.646,174391.0,194256.0,8159748.0,42.00512725475661,11669.830589931515,490192.7189715247,135239.0,44820.0,0.0,438.0,0.6961895642863026,0.002254756609834445,3.017380633645694,2.0,1.0,1.0,0.0065,1.11,0.0,1.0,0.0,SYN_FLOOD
35.625,61717.0,234008.0,50197962.0,214.5138713206386,6568.645614035087,1409065.6,71406.0,53757.0,3576.0,0.0,0.30514341390037947,0.0,1.3283107316256488,3.0,1.0,1.0,3.3227,3.79,0.0,0.9236179959659498,0.0,DOS_DDOS
33.59,431.0,489.74116631615584,39147.0,79.93406046394797,14.579969226441078,1165.436141708842,373.0,115.0,0.0,121.0,0.7616268054525913,0.24706928541491568,3.243478260869565,431.0,1.0,1.0,0.037,1.14,0.11600928074245939,0.9719419822933874,0.0,PORT_SCAN
17.232,6.0,2990.0,1893000.0,633.1103678929766,173.51439182915507,109853.76044568245,13.0,2696.0,7.0,0.0,0.004347826086956522,0.0,0.004821958456973294,1.0,1.0,1.0,3.6378,498.33,0.0,0.877257525083612,0.018729096989966554,BENIGN
27.963,868145.0,984571.0,62840520.0,63.82528024896122,35209.777205593105,2247273.8976504668,533225.0,30350.0,0.0,11036.0,0.5415810540834536,0.011208942778123671,17.569192751235583,3.0,1.0,1.0,0.0022,1.13,0.0,1.0,0.0,SYN_FLOOD
32.828,662.0,1711.0,107394.0,62.76680303915839,52.12014134275618,3271.4146460338734,795.0,274.0,0.0,300.0,0.46464056107539453,0.17533606078316774,2.9014598540145986,627.0,1.0,1.0,0.0091,2.58,0.03927492447129909,0.9526592635885447,0.0,PORT_SCAN
68.631,103.0,1148.0,114203.0,99.47996515679442,16.727134968163075,1664.0148038058603,365.0,365.0,62.0,119.0,0.31794425087108014,0.10365853658536585,1.0,3.0,1.0,1.0,1.3685,11.15,0.912621359223301,1.0,0.0,BRUTE_FORCE
44.578,308.0,1469.0,171181.0,116.52893124574541,32.95347480820135,3840.033200233299,183.0,713.0,199.0,357.0,0.12457454050374404,0.2430224642614023,0.25666199158485276,1.0,1.0,1.0,1.7752,4.77,0.9675324675324676,1.0,0.0,BRUTE_FORCE
27.444,878.0,960.0,62733.0,65.346875,34.980323567993004,2285.854831657193,623.0,56.0,0.0,298.0,0.6489583333333333,0.3104166666666667,11.125,795.0,1.0,1.0,0.0106,1.09,0.0979498861047836,0.984375,0.0,PORT_SCAN
196.419,2.0,4.5,255.0,56.666666666666664,0.022910207261008352,1.2982450781238066,2.0,1.0,2.0,0.0,0.4444444444444444,0.0,2.0,2.0,1.0,1.0,157.135,2.25,0.0,0.8888888888888888,0.0,ANOMALY
35.825,503375.0,989343.0,143412250.0,144.9570573602886,27615.99441730635,4003133.286810886,209164.0,115061.0,25516.0,0.0,0.21141707173346352,0.0,1.81785313876987,1.0,1.0,33.0,3.3667,1.97,0.0,0.9484991555001653,0.0,DOS_DDOS
31.452,713.0,860.0,55919.0,65.02209302325582,27.343253211242526,1777.9155538598498,433.0,174.0,0.0,420.0,0.5034883720930232,0.4883720930232558,2.4885057471264367,633.0,1.0,1.0,0.0049,1.21,0.02664796633941094,0.9790697674418605,0.0,PORT_SCAN
20.85,11.0,6742.0,2971408.0,440.7309403737763,323.35731414868104,142513.5731414868,28.0,6166.0,27.0,0.0,0.004153070305547315,0.0,0.0045410314628608495,3.0,2.0,2.0,1.5472,612.91,0.0,0.8046573716997923,0.01661228122218926,BENIGN
36.823,54205.0,193464.0,25193658.0,130.22401066865154,5253.890231648697,684182.6575781441,47155.0,49748.0,4734.0,73080.0,0.24374043749741553,0.37774469668775584,0.9478773016000643,3.0,1.0,1.0,2.0914,3.57,0.0,0.9554490757970475,0.0,DOS_DDOS
48.552,60587.0,155458.0,29590947.0,190.34689112171776,3201.8866370077444,609469.1670785962,33779.0,44588.0,2321.0,0.0,0.21728698426584672,0.0,0.7575805149367543,3.0,1.0,21.0,1.3382,2.57,0.0,0.9860605436838246,0.0,DOS_DDOS
4.987,789.0,1679.0,136197.0,81.11792733770102,336.67535592540605,27310.407058351713,841.0,109.0,0.0,290.0,0.5008933889219773,0.17272185824895772,7.715596330275229,622.0,1.0,1.0,0.0367,2.13,0.08365019011406843,0.9815366289458011,0.0,PORT_SCAN
30.773,4.0,24370.0,14365315.0,589.4671727533853,791.9279888213694,466815.5525948071,7.0,14564.0,8.0,0.0,0.0002872384078785392,0.0,0.00048063718758582807,1.0,2.0,1.0,5.725,6092.5,0.0,0.852154288059089,0.00024620434961017645,BENIGN
35.218,9.0,16247.0,7422241.0,456.83763156275006,461.3265943551593,210751.3487421205,21.0,10459.0,16.0,0.0,0.0012925463162429987,0.0,0.0020078401376804667,4.0,3.0,1.0,3.7037,1805.22,0.0,0.9005970332984551,0.0017849449129069982,BENIGN
36.806,3.0,19872.0,13383947.0,673.5077999194847,539.911970874314,363634.92365375214,7.0,17513.0,4.0,0.0,0.00035225442834138486,0.0,0.0003997030777136984,1.0,2.0,1.0,2.3109,6624.0,0.0,0.9300020128824477,0.01358695652173913,BENIGN
251.887,1.0,3.5,253.0,72.28571428571429,0.013895119636980074,1.0044186480445596,1.0,1.0,1.0,0.0,0.2857142857142857,0.0,1.0,1.0,1.0,1.0,201.5098,3.5,0.0,0.8571428571428571,0.0,ANOMALY
79.958,431.0,6177.0,1253134.0,202.87097296422212,77.25305785537407,15672.40301158108,1559.0,3007.0,615.0,709.0,0.25238789056176136,0.11478063785008905,0.5184569338210842,1.0,1.0,1.0,0.3808,14.33,0.9953596287703016,1.0,0.0,BRUTE_FORCE
21.985,898.0,2326.1720883345915,137541.0,59.12761170583541,105.80723622172351,6256.129178985672,1906.0,418.0,0.0,1193.0,0.8193718811941334,0.5128597346613857,4.559808612440191,777.0,1.0,1.0,0.0132,2.59,0.022271714922048998,0.9672543193529906,0.0,PORT_SCAN
31.164,114.0,9487.0,42238632.0,4452.264361758195,304.42176870748295,1355366.1917597228,3663.0,3504.0,0.0,0.0,0.38610730473279226,0.0,1.0453767123287672,1.0,1.0,1.0,0.2072,83.22,1.0,1.0,0.0,ANOMALY
57.076,15476.0,791485.0,1037784945.0,1311.1871292570295,13867.212138201696,18182510.074286915,234919.0,134398.0,10552.0,0.0,0.2968078990757879,0.0,1.747935237131505,3.0,1.0,41.0,3.5521,51.14,0.0,0.9114878993284775,0.0,DOS_DDOS
52.951,158.0,9158.0,61521976.0,6717.83970299192,172.95235217465205,1161866.1781647182,3052.0,2668.0,0.0,0.0,0.3332605372352042,0.0,1.143928035982009,1.0,1.0,1.0,0.4414,57.96,1.0,1.0,0.0,ANOMALY
38.439,4.0,14292.0,2357136.0,164.92695214105794,371.8098805900257,61321.470381643645,7.0,12354.0,8.0,0.0,0.0004897844948222781,0.0,0.0005666180994010038,2.0,2.0,2.0,4.1573,3573.0,0.0,0.8633501259445844,0.012524489224741114,BENIGN
20.314,87.0,1484.0,226089.0,152.3510781671159,73.05306685044796,11129.713498080142,438.0,869.0,76.0,260.0,0.29514824797843664,0.1752021563342318,0.5040276179516686,2.0,1.0,1.0,0.4316,17.06,0.8620689655172413,1.0,0.0,BRUTE_FORCE
84.751,189.0,2036.0,444177.0,218.16159135559923,24.023315359110807,5240.964708381021,304.0,978.0,226.0,613.0,0.14931237721021612,0.3010805500982318,0.310838445807771,3.0,1.0,1.0,0.2783,10.77,0.9788359788359788,1.0,0.0,BRUTE_FORCE
174.23,4.0,18.0,842.0,46.77777777777778,0.10331171440050509,4.8326924180680715,4.0,9.0,4.0,0.0,0.2222222222222222,0.0,0.4444444444444444,4.0,1.0,1.0,139.3836,4.5,0.0,1.0,0.0,ANOMALY
16.192,122889.0,129201.0,8059629.0,62.38054659019667,7979.310770750988,497753.7672924901,87172.0,24400.0,0.0,7178.0,0.6747006602116082,0.055556845535251274,3.5726229508196723,1.0,1.0,64.0,0.0046,1.05,0.0,1.0,0.0,SYN_FLOOD
72.611,281.0,4891.0,759074.0,155.19811899407074,67.35894010549366,10453.980801806889,1419.0,2410.0,268.0,404.0,0.29012471887139646,0.08260069515436516,0.5887966804979253,2.0,1.0,1.0,2.3816,17.41,0.896797153024911,1.0,0.0,BRUTE_FORCE
22.856,348.0,1498.0,380976.0,254.32309746328437,65.54077703885194,16668.533426671333,233.0,731.0,175.0,592.0,0.15554072096128171,0.3951935914552737,0.31874145006839943,1.0,1.0,1.0,2.195,4.3,0.9281609195402298,1.0,0.0,BRUTE_FORCE
40.943,208.0,1788.0,251971.0,140.92337807606265,43.67046870038835,6154.189971423687,220.0,867.0,84.0,414.0,0.12304250559284116,0.23154362416107382,0.2537485582468281,2.0,1.0,1.0,0.6557,8.6,0.9855769230769231,1.0,0.0,BRUTE_FORCE
22.863,268.0,4170.0,728215.0,174.63189448441247,182.39076236714342,31851.244368630538,1450.0,2227.0,303.0,518.0,0.34772182254196643,0.12422062350119904,0.6511001347103726,2.0,1.0,1.0,1.698,15.56,0.9701492537313433,1.0,0.0,BRUTE_FORCE
13.475,219227.0,238934.20066317703,16174344.0,67.69371632485881,17731.666097452842,1200322.374768089,174648.0,64284.0,0.0,15250.0,0.7309460073746387,0.06382510313581169,2.7168191151764045,3.0,1.0,197.0,0.0043,1.09,0.0,0.9999991601739037,0.0,SYN_FLOOD
19.075,41636.0,47687.0,2502904.0,52.48608635477174,2499.9737876802096,131213.84010484928,32756.0,13220.0,0.0,2048.0,0.6868957996938369,0.04294671503764129,2.4777609682299544,1.0,1.0,1.0,0.0098,1.15,0.0,1.0,0.0,SYN_FLOOD
18.718,323.0,459.0,34745.0,75.69716775599129,24.52185062506678,1856.23464045304,6.0,79.0,346.0,0.0,0.013071895424836602,0.0,0.0759493670886076,323.0,1.0,1.0,0.0075,1.42,0.0,1.0,0.0,ANOMALY
37.12,392.0,528.0,46087.0,87.28598484848484,14.224137931034484,1241.5678879310346,8.0,210.0,394.0,0.0,0.015151515151515152,0.0,0.0380952380952381,392.0,1.0,1.0,0.0048,1.35,0.0,1.0,0.0,ANOMALY
3.41,7.0,705.0,546372.0,774.9957446808511,206.74486803519062,160226.39296187682,17.0,424.0,9.0,0.0,0.024113475177304965,0.0,0.04009433962264151,4.0,1.0,2.0,0.7859,100.71,0.0,0.9092198581560283,0.005673758865248227,BENIGN
54.665,11765.0,453653.0,446523480.0,984.2841995974898,8298.783499496936,8168361.474435196,123786.0,113675.0,17744.0,0.0,0.27286494302914344,0.0,1.0889465581702222,3.0,1.0,1.0,0.2056,38.56,0.0,0.9819421452079012,0.0,DOS_DDOS
7.042,74768.0,108389.0,5465806.0,50.42768177582596,15391.792104515764,776172.3942061914,62224.0,9045.0,0.0,2550.0,0.5740803956121009,0.02352637260238585,6.8793808734107245,1.0,1.0,1.0,0.0082,1.45,0.0,1.0,0.0,SYN_FLOOD
36.149,664.0,944.0,44346.0,46.976694915254235,26.11413870369858,1226.7559268582809,30.0,291.0,727.0,0.0,0.03177966101694915,0.0,0.10309278350515463,664.0,1.0,1.0,0.0043,1.42,0.0,1.0,0.0,ANOMALY
29.02,464689.0,516622.0,21917441.0,42.42452121667292,17802.274293590628,755252.9634734666,307504.0,110179.0,0.0,34158.0,0.5952204900294606,0.06611797407001638,2.790949273455014,2.0,1.0,10.0,0.0067,1.11,0.0,1.0,0.0,SYN_FLOOD
48.992,7.0,52439.0,25489828.0,486.0853181792178,1070.3584258654475,520285.5160026127,16.0,39767.0,16.0,1.0,0.0003051164209843819,1.9069776311523867e-05,0.0004023436517715694,4.0,3.0,1.0,3.7168,7491.29,0.0,0.8217166612635634,0.003070233986155342,BENIGN
5.656,14.0,2302.0,1176582.0,511.112945264987,407.00141442715704,208023.69165487977,36.0,1868.0,32.0,0.0,0.015638575152041704,0.0,0.019271948608137045,5.0,2.0,1.0,0.9371,164.43,0.0,0.9834926151172894,0.016072980017376195,BENIGN
89.538,331.0,2051.0,206780.0,100.81911262798634,22.90647546293194,2309.410529607541,295.0,867.0,62.0,731.0,0.14383227693807898,0.35641150658215504,0.3402537485582468,2.0,1.0,1.0,1.6102,6.2,0.8731117824773413,1.0,0.0,BRUTE_FORCE
15.713,1308.0,2916.9853232824257,161152.0,55.24607844740845,185.6415276065949,10255.966397250684,2228.0,687.0,0.0,292.0,0.7638022660644983,0.1001033490533364,3.2430858806404657,1023.0,1.0,1.0,0.0336,2.23,0.06345565749235474,0.9554384719577006,0.0,PORT_SCAN
30.779,1020.0,1176.0,84498.0,71.85204081632654,38.207869001591995,2745.3133630072452,942.0,211.0,0.0,165.0,0.8010204081632653,0.14030612244897958,4.464454976303317,821.0,1.0,1.0,0.038,1.15,0.0392156862745098,0.9710884353741497,0.0,PORT_SCAN
89.154,414.0,1897.0,162653.0,85.74222456510279,21.27778899432443,1824.4049622002378,418.0,1009.0,187.0,651.0,0.22034791776489193,0.34317343173431736,0.41427155599603566,3.0,1.0,1.0,0.6295,4.58,0.9009661835748792,1.0,0.0,BRUTE_FORCE
50.867,9094.0,573653.0,650219856.0,1133.4724232244928,11277.508011087739,12782744.333261251,76789.0,44098.0,3094.0,0.0,0.1338596677782562,0.0,1.7413261372397841,2.0,1.0,1.0,2.223,63.08,0.0,0.9269593290717559,0.0,DOS_DDOS
42.292,156.0,1340.0,186781.0,139.38880597014926,31.68447933415303,4416.46174217346,182.0,556.0,195.0,129.0,0.13582089552238805,0.0962686567164179,0.3273381294964029,1.0,1.0,1.0,0.5855,8.59,0.8910256410256411,1.0,0.0,BRUTE_FORCE
15.055,397.0,6121.0,1486253.0,242.81212220225453,406.5758884091664,98721.5543008967,884.0,3531.0,447.0,1789.0,0.14442084626694984,0.29227250449272996,0.25035400736335317,1.0,1.0,1.0,0.1467,15.42,0.9193954659949622,1.0,0.0,BRUTE_FORCE
60.794,229.0,1563.0,338261.0,216.41778630838132,25.709773990854362,5564.052373589499,406.0,604.0,210.0,466.0,0.2597568777991043,0.2981445937300064,0.6721854304635762,2.0,1.0,1.0,0.664,6.83,0.868995633187773,1.0,0.0,BRUTE_FORCE
69.208,458.0,3450.0,503086.0,145.82202898550725,49.84972835510346,7269.188533117559,756.0,1260.0,317.0,401.0,0.21913043478260869,0.11623188405797101,0.6,2.0,1.0,1.0,0.2615,7.53,0.8864628820960698,1.0,0.0,BRUTE_FORCE
5.5,28114.0,40478.0,1937037.0,47.8540688769208,7359.636363636364,352188.54545454547,30938.0,2627.0,0.0,931.0,0.764316418795395,0.023000148228667423,11.776931861438904,2.0,1.0,1.0,0.0047,1.44,0.0,1.0,0.0,SYN_FLOOD
21.555,541.0,566.0,48128.0,85.03180212014134,26.258408721874275,2232.799814428207,1.0,98.0,367.0,0.0,0.0017667844522968198,0.0,0.01020408163265306,541.0,1.0,1.0,0.0016,1.05,0.0,1.0,0.0,ANOMALY
6.069,1071.0,1457.0,79064.0,54.264927934111185,240.0724995880705,13027.516889108585,744.0,288.0,0.0,285.0,0.5106382978723404,0.19560741249142072,2.5833333333333335,969.0,1.0,1.0,0.0183,1.36,0.06535947712418301,0.9752916952642416,0.0,PORT_SCAN
15.701,8.0,7565.0,2326709.0,307.5623265036352,481.81644481243234,148188.586714222,19.0,5327.0,8.0,0.0,0.002511566424322538,0.0,0.0035667354984043552,6.0,3.0,1.0,3.2181,945.62,0.0,0.9510905485789821,0.006873760740251157,BENIGN
18.066,159423.0,226448.0,10102449.0,44.61266604253515,12534.484667330898,559196.7784789107,116460.0,63671.0,0.0,5342.0,0.5142902564827245,0.023590404861160177,1.8290901666378727,2.0,1.0,1.0,0.0033,1.42,0.0,1.0,0.0,SYN_FLOOD
25.729,496.0,524.0,25116.0,47.93129770992366,20.366123829142214,976.174744451786,21.0,106.0,409.0,0.0,0.04007633587786259,0.0,0.19811320754716982,496.0,1.0,1.0,0.0065,1.06,0.0,1.0,0.0,ANOMALY
73.577,357.0,3155.0,613956.0,194.59778129952457,42.88024790355682,8344.401103605747,428.0,1262.0,260.0,989.0,0.13565768621236132,0.31347068145800316,0.33914421553090335,3.0,1.0,1.0,1.0914,8.84,0.9047619047619048,1.0,0.0,BRUTE_FORCE
14.122,283574.0,413063.0,25438044.0,61.58393271728526,29249.61053675117,1801306.047302082,270685.0,79581.0,0.0,23681.0,0.6553116594805151,0.05733023776034164,3.4013772131538933,1.0,1.0,1.0,0.008,1.46,0.0,1.0,0.0,SYN_FLOOD
22.849,20.0,112266.0,13956733.0,124.31843122583864,4913.387894437394,610824.6750404831,5131.0,0.0,0.0,5275.0,0.04570395311136052,0.046986621060695136,5131.0,4.0,2.0,1.0,0.4423,5613.3,0.0,0.5053355423725794,0.49465555021110574,ANOMALY
5.48,1161.0,2333.1933369616804,173902.0,74.5339004895573,425.76520747475917,31733.941605839413,1899.0,432.0,0.0,961.0,0.8139059759500713,0.4118818551279718,4.395833333333333,1126.0,1.0,1.0,0.0454,2.01,0.09302325581395349,0.9626291848256241,0.0,PORT_SCAN
15.038,53.0,86810.0,11454758.0,131.9520562147218,5772.709136853305,761720.8405373055,2732.0,0.0,0.0,2312.0,0.03147102868333141,0.026632876396728487,2732.0,3.0,1.0,1.0,0.3717,1637.92,0.0,0.14704527128211037,0.8529432093076834,ANOMALY
16.257,171618.0,225132.0,16072654.0,71.39213439226765,13848.311496586084,988660.5154702589,188402.0,29121.0,0.0,3570.0,0.8368512694774621,0.015857363679974416,6.46962672985131,2.0,1.0,1.0,0.0066,1.31,0.0,1.0,0.0,SYN_FLOOD
26.041,4.0,16415.0,11390548.0,693.9109351203168,630.3521370147075,437408.2408509658,7.0,14068.0,6.0,0.0,0.00042643923240938164,0.0,0.0004975831674722775,5.0,2.0,1.0,2.1628,4103.75,0.0,0.9515686871763631,0.018763326226012792,BENIGN
18.309,549.0,796.0,69436.0,87.23115577889448,43.4758861761975,3792.4517996613686,10.0,202.0,651.0,0.0,0.01256281407035176,0.0,0.04950495049504951,549.0,1.0,1.0,0.0039,1.45,0.0,1.0,0.0,ANOMALY
25.336,211342.0,288783.0,21236759.0,73.53881288025957,11398.129144300601,838204.886327755,215498.0,66548.0,0.0,12849.0,0.7462281366977973,0.0444936163139797,3.238234056620785,3.0,1.0,1.0,0.0094,1.37,0.0,1.0,0.0,SYN_FLOOD
60.404,405.0,3072.0,672328.0,218.85677083333334,50.85755910204622,11130.521157539235,473.0,1489.0,178.0,750.0,0.15397135416666666,0.244140625,0.3176628609805238,3.0,1.0,1.0,1.6301,7.59,0.9530864197530864,1.0,0.0,BRUTE_FORCE
275.505,2.0,17.0,987.0,58.05882352941177,0.06170486924012269,3.582512114117711,2.0,8.0,2.0,0.0,0.11764705882352941,0.0,0.25,2.0,1.0,1.0,220.4041,8.5,0.0,1.0,0.0,ANOMALY
15.503,1417.0,132996.0,100092183.0,752.5954389605703,8578.72669805844,6456310.585048055,14381.0,29215.0,978.0,0.0,0.10813107161117627,0.0,0.49224713332192366,1.0,1.0,1.0,3.4662,93.86,0.0,0.9976465457607747,0.0,DOS_DDOS
27.611,395.0,888.0,46370.0,52.218468468468465,32.16109521567491,1679.4031364311325,522.0,130.0,0.0,484.0,0.5878378378378378,0.545045045045045,4.015384615384615,349.0,1.0,1.0,0.0091,2.25,0.03291139240506329,0.9988738738738738,0.0,PORT_SCAN
12.939,115514.0,149711.0,7547941.0,50.416742924701595,11570.52322436046,583348.0949068707,128163.0,8806.0,0.0,3702.0,0.8560693603008463,0.02472764192343916,14.554054054054054,3.0,1.0,117.0,0.006,1.3,0.0,1.0,0.0,SYN_FLOOD
10.654,5.0,1730.0,656325.0,379.37861271676303,162.3803266378825,61603.62305237469,9.0,1099.0,11.0,0.0,0.005202312138728324,0.0,0.00818926296633303,2.0,1.0,1.0,4.4335,346.0,0.0,0.8421965317919076,0.0023121387283236996,BENIGN
11.599,1207.0,103998.0,128227045.0,1232.9760668474394,8966.11776877317,11055008.621432882,35157.0,29420.0,1443.0,39919.0,0.3380545779726533,0.3838439200753861,1.1950033990482665,5.0,1.0,39.0,1.3988,86.16,0.0,0.9682493894113349,0.0,DOS_DDOS
29.947,1027.0,1570.0,79560.0,50.67515923566879,52.4259525161118,2656.6934918355764,1342.0,151.0,0.0,650.0,0.8547770700636943,0.4140127388535032,8.887417218543046,952.0,1.0,1.0,0.0382,1.53,0.04186952288218111,0.9796178343949045,0.0,PORT_SCAN
22.629,971329.0,1023203.0,71759093.0,70.13182428120324,45216.44792080958,3171111.980202395,551624.0,109275.0,0.0,64236.0,0.539114916590354,0.06277933117866151,5.04803477465111,1.0,1.0,1.0,0.002,1.05,0.0,1.0,0.0,SYN_FLOOD
51.473,6.0,60886.0,27483870.0,451.39884374076144,1182.8725739708198,533947.3121830863,13.0,39468.0,6.0,1.0,0.00021351377985086883,1.6424136911605294e-05,0.00032938076416337287,3.0,1.0,1.0,3.3751,10147.67,0.0,0.9648687711460763,0.01851000229937917,BENIGN
50.129,23627.0,113172.0,14817457.0,130.92864842894002,2257.615352390832,295586.52676095674,42423.0,25429.0,2947.0,0.0,0.3748542042201251,0.0,1.6682921074363914,3.0,1.0,1.0,2.7392,4.79,0.0,0.9575248294631181,0.0,DOS_DDOS
42.207,442.0,4248.0,1101568.0,259.3145009416196,100.64681214016632,26099.177861492168,1341.0,1768.0,280.0,1001.0,0.3156779661016949,0.2356403013182674,0.7584841628959276,2.0,1.0,1.0,0.7508,9.61,0.8529411764705882,1.0,0.0,BRUTE_FORCE
64.233,318.0,3310.0,764811.0,231.0607250755287,51.53114442731929,11906.823595348185,1120.0,1475.0,449.0,1283.0,0.338368580060423,0.3876132930513595,0.7593220338983051,1.0,1.0,1.0,1.543,10.41,0.9276729559748428,1.0,0.0,BRUTE_FORCE
15.587,94551.0,134047.0,10411489.0,77.67043648869426,8599.923012767049,667959.7741707833,78636.0,18560.0,0.0,7507.0,0.5866300625899871,0.056002745305750966,4.236853448275862,1.0,1.0,1.0,0.0017,1.42,0.0,1.0,0.0,SYN_FLOOD
25.37,1322.0,111978.0,63949227.0,571.0874189572952,4413.795821836815,2520663.26369728,15265.0,27490.0,1652.0,37678.0,0.13632142027898336,0.33647680794441764,0.5552928337577301,2.0,1.0,46.0,2.0655,84.7,0.0,0.9200914465341407,0.0,DOS_DDOS
7.684,81280.0,87613.0,6250056.0,71.33708467921427,11402.004164497657,813385.7365955232,53999.0,21793.0,0.0,2485.0,0.6163354753290037,0.02836337073265383,2.4778139769650807,3.0,1.0,137.0,0.01,1.08,0.0,1.0,0.0,SYN_FLOOD
35.089,2925.0,350055.0,425664455.0,1215.993072517176,9976.203368577048,12130994.186212204,161808.0,44113.0,9489.0,0.0,0.46223593435317306,0.0,3.668034366286582,1.0,1.0,23.0,2.6517,119.68,0.0,0.9412235220179686,0.0,DOS_DDOS
29.257,362098.0,507346.0,29700713.0,58.541336681475755,17341.012407287144,1015166.0457326451,343490.0,105975.0,0.0,34795.0,0.677033030712768,0.06858238756193998,3.241236140599198,1.0,1.0,141.0,0.0024,1.4,0.0,1.0,0.0,SYN_FLOOD
22.513,2915.0,181855.0,122152008.0,671.7000247449892,8077.7772842357745,5425843.201705681,29518.0,17218.0,1372.0,0.0,0.16231613098347586,0.0,1.7143686839354164,2.0,1.0,39.0,2.6839,62.39,0.0,0.9921090979076737,0.0,DOS_DDOS
19.079,5.0,7331.0,3504495.0,478.03778474969306,384.24445725666965,183683.3691493265,10.0,6067.0,9.0,0.0,0.0013640703860319193,0.0,0.0016482610845557936,6.0,2.0,1.0,1.7791,1466.2,0.0,0.9709453007775202,0.003137361887873414,BENIGN
27.496,4.0,22091.0,13154755.0,595.4802860893576,803.4259528658714,478424.3162641839,7.0,19257.0,6.0,0.0,0.0003168711239871441,0.0,0.0003635041802980734,3.0,3.0,1.0,4.0193,5522.75,0.0,0.9351772214929157,0.0068353628174369655,BENIGN
21.104,7.0,7753.0,3006493.0,387.78447052753774,367.3711144806672,142460.81311599698,17.0,7155.0,12.0,0.0,0.002192699600154779,0.0,0.0023759608665269044,6.0,3.0,1.0,4.1856,1107.57,0.0,0.9398942344898749,0.014961950212820844,BENIGN
51.586,488.0,5595.0,482997.0,86.32654155495979,108.45965959756523,9362.947311286009,1452.0,1852.0,780.0,1072.0,0.2595174262734584,0.19159964253798034,0.7840172786177105,2.0,1.0,1.0,1.8394,11.47,0.9877049180327869,1.0,0.0,BRUTE_FORCE
40.447,9782.0,533853.0,499284136.0,935.2464742166851,13198.828096026898,12344157.44060128,220374.0,31883.0,17747.0,142578.0,0.4127990289461706,0.2670735202387174,6.911959351378478,3.0,1.0,1.0,3.8,54.58,0.0,0.9314380550451155,0.0,DOS_DDOS
47.571,81556.0,345809.0,56694472.0,163.94735822375935,7269.32374766139,1191786.424502323,87448.0,45593.0,11018.0,0.0,0.25287947971278946,0.0,1.9180137301778781,3.0,1.0,8.0,2.715,4.24,0.0,0.9864433834862597,0.0,DOS_DDOS
12.191,313.0,433.0,26473.0,61.13856812933025,35.51800508571897,2171.519973751128,367.0,34.0,0.0,201.0,0.8475750577367206,0.46420323325635104,10.794117647058824,303.0,1.0,1.0,0.0338,1.38,0.10862619808306709,0.9884526558891455,0.0,PORT_SCAN
19.171,11.0,3970.0,1179329.0,297.06020151133504,207.0836158781493,61516.300662458925,23.0,2211.0,12.0,1.0,0.005793450881612091,0.00025188916876574307,0.010402532790592492,5.0,1.0,1.0,0.7387,360.91,0.0,0.9730478589420655,0.0042821158690176326,BENIGN
48.872,132436.0,245232.0,48738465.0,198.74431150910158,5017.842527418563,997267.6583728924,82263.0,59890.0,1250.0,0.0,0.33544969661381874,0.0,1.3735682083820338,3.0,1.0,47.0,1.0634,1.85,0.0,0.9031896326743655,0.0,DOS_DDOS
29.986,49981.0,122519.0,31532688.0,257.36977938115723,4085.873407590209,1051580.337490829,21737.0,11544.0,1904.0,0.0,0.17741738016144434,0.0,1.882969507969508,3.0,1.0,26.0,3.57,2.45,0.0,0.9443106783437671,0.0,DOS_DDOS
54.281,2969.0,312626.0,141763947.0,453.4617946044155,5759.400158434812,2611667.9316888046,65176.0,36835.0,1538.0,0.0,0.20847914121026404,0.0,1.76940409936202,3.0,1.0,1.0,1.0988,105.3,0.0,0.9353220781380948,0.0,DOS_DDOS
29.625,267.0,2120.0,212117.0,100.05518867924528,71.56118143459915,7160.067510548523,490.0,1159.0,42.0,317.0,0.23113207547169812,0.14952830188679245,0.4227782571182053,2.0,1.0,1.0,0.868,7.94,0.947565543071161,1.0,0.0,BRUTE_FORCE
40.871,192.0,2209.0,512002.0,231.77999094612946,54.04810256661202,12527.26872354481,623.0,1110.0,256.0,714.0,0.2820280669986419,0.3232231779085559,0.5612612612612613,1.0,1.0,1.0,2.1287,11.51,0.8958333333333334,1.0,0.0,BRUTE_FORCE
29.714,757.0,1622.0,75285.0,46.41491985203452,54.58706333714748,2533.6541697516323,1257.0,153.0,0.0,858.0,0.7749691738594328,0.528976572133169,8.215686274509803,742.0,1.0,1.0,0.0373,2.14,0.11624834874504623,0.9648581997533908,0.0,PORT_SCAN
20.419,636.0,708.0,33262.0,46.98022598870057,34.673588324599635,1628.9730153288604,30.0,183.0,503.0,0.0,0.0423728813559322,0.0,0.16393442622950818,636.0,1.0,1.0,0.0086,1.11,0.0,1.0,0.0,ANOMALY
35.683,27.0,13854.0,86402567.0,6236.651292045619,388.25210884735026,2421393.016282263,4478.0,2859.0,0.0,0.0,0.3232279486069005,0.0,1.5662819167541098,1.0,1.0,1.0,0.2355,513.11,1.0,1.0,0.0,ANOMALY
35.351,40510.0,148545.0,28740013.0,193.47681174055,4202.002772198806,812990.0992899777,36711.0,19481.0,5039.0,0.0,0.24713723114207817,0.0,1.8844515168625842,2.0,1.0,1.0,2.2366,3.67,0.0,0.958228146352957,0.0,DOS_DDOS
19.047,693.0,812.0,40895.0,50.36330049261084,42.6313855200294,2147.0572793615793,9.0,231.0,680.0,0.0,0.011083743842364532,0.0,0.03896103896103896,693.0,1.0,1.0,0.0186,1.17,0.0,1.0,0.0,ANOMALY
103.08,2.0,6.0,465.0,77.5,0.05820721769499418,4.511059371362049,2.0,3.0,2.0,0.0,0.3333333333333333,0.0,0.6666666666666666,2.0,1.0,1.0,82.4643,3.0,0.0,1.0,0.0,ANOMALY
24.808,129605.0,152271.22450029198,9301216.0,61.08321536471367,6137.988733484843,374928.08771364077,126281.0,25988.0,0.0,10760.0,0.8293162441847827,0.07066338394080077,4.859204248114515,1.0,1.0,1.0,0.004,1.17,0.0,0.9999985256551741,0.0,SYN_FLOOD
5.12,1053.0,1577.3979882373774,116352.0,73.76198072245201,308.0855445776128,22725.0,1239.0,336.0,0.0,280.0,0.7854707621280084,0.17750751686508665,3.6875,872.0,1.0,1.0,0.0341,1.5,0.019943019943019943,0.9838988077664802,0.0,PORT_SCAN
271.504,1.0,14.0,1055.0,75.35714285714286,0.05156461783251812,3.885762272379044,1.0,7.0,1.0,0.0,0.07142857142857142,0.0,0.14285714285714285,1.0,1.0,1.0,217.2032,14.0,0.0,1.0,0.0,ANOMALY
13.782,97.0,496.0,78182.0,157.625,35.98897112175301,5672.761573066318,149.0,280.0,59.0,142.0,0.3004032258064516,0.2862903225806452,0.5321428571428571,3.0,1.0,1.0,2.48,5.11,0.9690721649484536,1.0,0.0,BRUTE_FORCE
36.678,5.0,20613.0,14121137.0,685.059768107505,561.9990184851955,385002.91728011344,9.0,19128.0,12.0,2.0,0.00043661766846165044,9.702614854703343e-05,0.00047051442910915934,4.0,3.0,2.0,3.9111,4122.6,0.0,0.8187551545141416,0.01727065444137195,BENIGN
16.553,23.0,127143.0,8195151.0,64.45617139756023,7680.964175678125,495085.5434060291,4941.0,0.0,0.0,2296.0,0.038861754087916756,0.018058406675947554,4941.0,4.0,1.0,1.0,0.4177,5527.96,0.0,0.2764367680485752,0.7235553667917227,ANOMALY
51.32,228145.0,561975.0,76176839.0,135.55200676186664,10950.409197194076,1484349.941543258,279820.0,102655.0,11654.0,0.0,0.49792250544953065,0.0,2.725829233841508,3.0,1.0,1.0,2.2339,2.46,0.0,0.9847733440099649,0.0,DOS_DDOS
34.916,157.0,4848.0,36545033.0,7538.166872937294,138.84751976171384,1046655.7738572576,2180.0,2239.0,0.0,0.0,0.44966996699669964,0.0,0.9736489504242966,1.0,1.0,1.0,0.1752,30.88,1.0,1.0,0.0,ANOMALY
27.506,32869.0,183713.0,28292445.0,154.00350002449474,6679.015487529993,1028591.761797426,50310.0,14124.0,6362.0,35389.0,0.27385106116605795,0.192631985760398,3.5620220900594735,1.0,1.0,42.0,2.3343,5.59,0.0,0.9491217279125592,0.0,DOS_DDOS
6.95,12.0,3042.0,1835205.0,603.2889546351084,437.6978417266187,264058.273381295,30.0,2599.0,26.0,0.0,0.009861932938856016,0.0,0.011542901115813775,3.0,1.0,2.0,0.1866,253.5,0.0,0.9286653517422748,0.01643655489809336,BENIGN
7.781,51.0,55816.0,4500471.0,80.63048229898237,7173.371032001029,578392.3660197918,2265.0,0.0,0.0,750.0,0.04057976207539057,0.013437007309731977,2265.0,2.0,3.0,1.0,0.1781,1094.43,0.0,0.42231618174000285,0.5776659022502508,ANOMALY
28.618,308.0,319.0,22224.0,69.66771159874608,11.146830666014397,776.5741840799498,9.0,61.0,201.0,0.0,0.02821316614420063,0.0,0.14754098360655737,308.0,1.0,1.0,0.0023,1.04,0.0,1.0,0.0,ANOMALY
21.352,8.0,8057.0,1889115.0,234.46878490753383,377.3417010116148,88474.85013113526,14.0,6783.0,18.0,0.0,0.0017376194613379669,0.0,0.0020639834881320948,2.0,3.0,2.0,3.7769,1007.12,0.0,0.9465061437259525,0.0073228248727814325,BENIGN
21.803,204172.0,303432.0,20647303.0,68.04589825727017,13916.983901297986,946993.6705957896,234447.0,39098.0,0.0,9648.0,0.7726508740014237,0.03179625088982045,5.996393677425956,1.0,1.0,1.0,0.0072,1.49,0.0,1.0,0.0,SYN_FLOOD
33.734,682.0,1098.0,85693.0,78.04462659380692,32.54876385842177,2540.2561214205252,856.0,225.0,0.0,500.0,0.7795992714025501,0.4553734061930783,3.8044444444444445,633.0,1.0,1.0,0.0131,1.61,0.04838709677419355,0.9963570127504554,0.0,PORT_SCAN
43.758,3322.0,319652.0,276175760.0,863.988837861174,7304.995657936834,6311434.709081767,25665.0,56021.0,6407.0,88350.0,0.0802904408544292,0.27639432883260545,0.45813177201406613,3.0,1.0,1.0,1.2945,96.22,0.0,0.9313315730857308,0.0,DOS_DDOS
118.578,4.0,10.0,628.0,62.8,0.08433267553846413,5.2960920238155476,4.0,5.0,4.0,0.0,0.4,0.0,0.8,4.0,1.0,1.0,94.8625,2.5,0.0,1.0,0.0,ANOMALY
46.375,2596.0,302239.0,353518914.0,1169.6667670287422,6517.2830188679245,7623049.358490566,30396.0,31965.0,1047.0,0.0,0.10056941691839902,0.0,0.9509150633505397,3.0,1.0,1.0,1.1084,116.42,0.0,0.9324044878390942,0.0,DOS_DDOS
37.772,5.0,3975.0,1603607.0,403.42314465408805,105.23668325743938,42454.913692682414,9.0,2262.0,6.0,0.0,0.0022641509433962265,0.0,0.003978779840848806,2.0,3.0,1.0,3.6443,795.0,0.0,0.8218867924528301,0.012327044025157233,BENIGN
54.776,2.0,64377.0,48043059.0,746.2767603336596,1175.2774937929019,877082.2805608296,4.0,35552.0,4.0,2.0,6.213399195364804e-05,3.106699597682402e-05,0.0001125112511251125,4.0,1.0,1.0,2.8715,32188.5,0.0,0.8347235814032962,0.012457865386706433,BENIGN
32.686,535.0,673.0,56536.0,84.00594353640416,20.589854983785106,1729.6701951906016,32.0,264.0,411.0,0.0,0.0475482912332838,0.0,0.12121212121212122,535.0,1.0,1.0,0.0019,1.26,0.0,1.0,0.0,ANOMALY
13.816,586.0,810.0,32602.0,40.24938271604938,58.627678054429644,2359.7278517660684,31.0,98.0,655.0,0.0,0.03827160493827161,0.0,0.3163265306122449,586.0,1.0,1.0,0.0199,1.38,0.0,1.0,0.0,ANOMALY
40.77,665.0,69684.0,48293147.0,693.0306383100856,1709.1979396615156,1184526.5391219032,21803.0,7231.0,739.0,0.0,0.3128838757821021,0.0,3.015212280459134,3.0,1.0,1.0,3.8462,104.79,0.0,0.9267694162218013,0.0,DOS_DDOS
50.4,45929.0,254693.0,37995092.0,149.17996175788105,5053.43253968254,753870.873015873,104687.0,70082.0,6409.0,0.0,0.4110321053189526,0.0,1.4937787163608345,5.0,1.0,1.0,1.5888,5.55,0.0,0.9751858119382943,0.0,DOS_DDOS
19.981,6.0,10327.0,7951498.0,769.9717246054033,516.8409989490015,397952.9553075421,14.0,8968.0,7.0,2.0,0.0013556696039508085,0.00019366708627868693,0.0015611061552185548,4.0,2.0,1.0,1.276,1721.17,0.0,0.9888641425389755,0.004067008811852426,BENIGN
99.767,1.0,3.5,229.0,65.42857142857143,0.03508174045526076,2.2953481612156326,1.0,1.0,1.0,0.0,0.2857142857142857,0.0,1.0,1.0,1.0,1.0,79.814,3.5,0.0,0.8571428571428571,0.0,ANOMALY
237.649,2.0,18.0,1057.0,58.72222222222222,0.07574195557313516,4.447735946711326,2.0,9.0,2.0,0.0,0.1111111111111111,0.0,0.2222222222222222,2.0,1.0,1.0,190.1194,9.0,0.0,1.0,0.0,ANOMALY
37.98,6.0,41386.0,19469480.0,470.4363794519886,1089.6787783043708,512624.53923117433,11.0,37726.0,13.0,0.0,0.00026579036389117095,0.0,0.0002915761013624556,4.0,2.0,2.0,1.1158,6897.67,0.0,0.9349296863673706,0.002295462233605567,BENIGN
5.233,36834.0,51748.0,2470276.0,47.73664682693051,9888.782725014333,472057.3284922607,31346.0,4457.0,0.0,3526.0,0.6057432171291645,0.06813789904923861,7.032981826340587,2.0,1.0,93.0,0.0027,1.4,0.0,1.0,0.0,SYN_FLOOD
17.797,39.0,30518.0,2995168.0,98.14430827708237,1714.7833904590661,168296.2297016351,376.0,0.0,0.0,604.0,0.01232059768005767,0.019791598400943706,376.0,4.0,3.0,1.0,0.4441,782.51,0.0,0.23956353627367455,0.760403696179304,ANOMALY
18.332,5.0,26659.0,14729961.0,552.5323905622867,1454.2330351298276,803510.8553349334,11.0,24741.0,9.0,0.0,0.0004126186278555085,0.0,0.00044460611939695245,4.0,3.0,2.0,2.7949,5331.8,0.0,0.901796766570389,0.0072395813796466485,BENIGN
19.569,11.0,9840.0,3199176.0,325.11951219512196,502.8361183504523,163481.83351218764,25.0,6263.0,17.0,0.0,0.002540650406504065,0.0,0.003991697269679068,1.0,3.0,1.0,4.0563,894.55,0.0,0.803760162601626,0.0032520325203252032,BENIGN
70.058,129.0,743.0,128239.0,172.59623149394346,10.605498301407405,1830.4690399383367,194.0,415.0,38.0,64.0,0.2611036339165545,0.08613728129205922,0.4674698795180723,2.0,1.0,1.0,2.0547,5.76,0.9534883720930233,1.0,0.0,BRUTE_FORCE
22.965,5.0,3863.0,2271886.0,588.114418845457,168.21249727846723,98928.19507946876,9.0,2505.0,11.0,0.0,0.0023297954957287085,0.0,0.003592814371257485,6.0,3.0,1.0,1.5253,772.6,0.0,0.9528863577530416,0.00595392182241781,BENIGN
15.553,65.0,4336.0,24585339.0,5670.050507380074,278.78865813669387,1580745.772519771,1332.0,1810.0,0.0,0.0,0.30719557195571956,0.0,0.7359116022099448,1.0,1.0,1.0,0.305,66.71,1.0,1.0,0.0,ANOMALY
43.198,27995.0,143587.0,12249022.0,85.30731890770056,3323.9270336589657,283555.3034862725,52987.0,8274.0,2071.0,0.0,0.3690236581306107,0.0,6.404036741600193,2.0,1.0,51.0,0.869,5.13,0.0,0.9024493860864842,0.0,DOS_DDOS
35.891,586.0,872.0,57917.0,66.41857798165138,24.295784458499348,1613.6914546822325,622.0,120.0,0.0,121.0,0.713302752293578,0.13876146788990826,5.183333333333334,476.0,1.0,1.0,0.0426,1.49,0.023890784982935155,0.9736238532110092,0.0,PORT_SCAN
22.98,908.0,76452.0,36168981.0,473.0939805368074,3326.8929503916447,1573933.0287206266,19970.0,8564.0,3041.0,0.0,0.26120964788363943,0.0,2.3318542737038768,4.0,1.0,45.0,3.4834,84.2,0.0,0.9773321822843091,0.0,DOS_DDOS
17.91,285685.0,363593.0,23153529.0,63.67979856597899,20301.11669458403,1292771.0217755444,189039.0,18613.0,0.0,20736.0,0.5199192503706067,0.05703080092301007,10.1562886154838,3.0,1.0,1.0,0.0022,1.27,0.0,1.0,0.0,SYN_FLOOD
12.585,398.0,520.0,41873.0,80.525,41.31903059197457,3327.2149384187524,2.0,56.0,398.0,0.0,0.0038461538461538464,0.0,0.03571428571428571,398.0,1.0,1.0,0.0104,1.31,0.0,1.0,0.0,ANOMALY
15.14,244.0,484.0,39353.0,81.30785123966942,31.968295904887714,2599.2734478203433,348.0,85.0,0.0,106.0,0.71900826446281,0.2190082644628099,4.094117647058823,244.0,1.0,1.0,0.0254,1.98,0.0942622950819672,0.9793388429752066,0.0,PORT_SCAN
16.722,4846.0,119369.0,88460973.0,741.071576372425,7138.440377945221,5290095.263724434,39846.0,20940.0,4590.0,42013.0,0.3338052593219345,0.35195905134498906,1.9028653295128939,2.0,1.0,48.0,1.7647,24.63,0.0,0.9228526669403279,0.0,DOS_DDOS
26.24,367193.0,480264.0,26519624.0,55.218846301201005,18302.743902439026,1010656.4024390244,335291.0,37815.0,0.0,3164.0,0.6981389402495294,0.006588043242883081,8.866613777601481,1.0,1.0,1.0,0.0017,1.31,0.0,1.0,0.0,SYN_FLOOD
28.811,6416.0,495119.0,266901534.0,539.065424675684,17185.068203116865,9263876.088993788,179298.0,122769.0,18516.0,0.0,0.3621311240328083,0.0,1.4604501136280332,5.0,1.0,44.0,2.1343,77.17,0.0,0.9206837144201697,0.0,DOS_DDOS
34.821,516.0,584.0,27443.0,46.99143835616438,16.771488469601678,788.116366560409,17.0,140.0,344.0,0.0,0.02910958904109589,0.0,0.12142857142857143,516.0,1.0,1.0,0.0283,1.13,0.0,1.0,0.0,ANOMALY
19.853,108.0,7333.0,67924880.0,9262.90467748534,369.3648315116103,3421391.2255074796,2580.0,2051.0,0.0,0.0,0.3518341742806491,0.0,1.257922964407606,1.0,1.0,1.0,0.2397,67.9,1.0,1.0,0.0,ANOMALY
30.28,4087.0,155486.0,149045759.0,958.5799300258544,5134.940554821665,4922250.957727873,69092.0,36825.0,43.0,0.0,0.44436155023603413,0.0,1.8762253903598098,2.0,1.0,1.0,1.4107,38.04,0.0,0.9440271149814131,0.0,DOS_DDOS
37.809,317090.0,409988.0,32553638.0,79.40144101778588,10843.661562061943,861002.3539368934,46990.0,57897.0,12377.0,0.0,0.11461311062762812,0.0,0.8116137278270031,4.0,1.0,1.0,2.8914,1.29,0.0,0.9966169741553411,0.0,DOS_DDOS
58.434,7613.0,253836.0,355069887.0,1398.8161135536332,4343.977821131533,6076426.17311839,56081.0,23610.0,4987.0,0.0,0.2209339888747065,0.0,2.3753070732740365,5.0,1.0,30.0,1.9394,33.34,0.0,0.9514607857041555,0.0,DOS_DDOS
22.0,953.0,2014.0,91388.0,45.37636544190666,91.54545454545455,4154.0,1625.0,142.0,0.0,1033.0,0.8068520357497517,0.5129096325719961,11.443661971830986,883.0,1.0,1.0,0.035,2.11,0.05771248688352571,0.9831181727904668,0.0,PORT_SCAN
25.321,37571.0,90088.0,7239449.0,80.35974824615931,3557.837368192409,285906.91520872,29701.0,5886.0,1048.0,0.0,0.3296887487789717,0.0,5.046041454298335,2.0,1.0,1.0,0.9549,2.4,0.0,0.9935618506349347,0.0,DOS_DDOS
39.069,181.0,2037.0,277874.0,136.413352970054,52.13852414958151,7112.390898154546,341.0,1035.0,58.0,327.0,0.16740304369170347,0.16053019145802652,0.3294685990338164,2.0,1.0,1.0,0.5516,11.25,0.9558011049723757,1.0,0.0,BRUTE_FORCE
22.161,147.0,155.0,10719.0,69.15483870967742,6.994269211678173,483.6875592256667,3.0,52.0,100.0,0.0,0.01935483870967742,0.0,0.057692307692307696,147.0,1.0,1.0,0.0193,1.05,0.0,1.0,0.0,ANOMALY
6.232,521.0,912.0,58822.0,64.49780701754386,146.34146341463415,9438.703465982027,717.0,125.0,0.0,304.0,0.7861842105263158,0.3333333333333333,5.736,521.0,1.0,1.0,0.0273,1.75,0.09596928982725528,0.9901315789473685,0.0,PORT_SCAN
23.167,2.0,15300.0,8027814.0,524.6937254901961,660.4221521992489,346519.35943367716,4.0,8716.0,3.0,2.0,0.00026143790849673205,0.00013071895424836603,0.0004589261128958238,6.0,1.0,1.0,3.8562,7650.0,0.0,0.984967320261438,0.00196078431372549,BENIGN
13.527,161493.0,170113.0,9687607.0,56.9480698124188,12575.811340282398,716168.1821542102,103192.0,41386.0,0.0,69.0,0.6066085484354518,0.000405612739767096,2.4934035664234284,1.0,1.0,1.0,0.0086,1.05,0.0,1.0,0.0,SYN_FLOOD
29.543,6.0,8109.0,2860390.0,352.7426316438525,274.48126459736653,96821.24361100768,12.0,5784.0,8.0,0.0,0.0014798372179060304,0.0,0.002074688796680498,2.0,3.0,2.0,0.4491,1351.5,0.0,0.8221728943149587,0.011468738438771735,BENIGN
14.547,72808.0,114957.0,11446398.0,99.57112659516167,7902.45411425036,786856.2590224788,55170.0,31401.0,4226.0,0.0,0.4799185782509982,0.0,1.75695041559186,3.0,1.0,1.0,2.6507,1.58,0.0,0.9843680680602312,0.0,DOS_DDOS
16.74,37.0,67711.0,8898481.0,131.4185435158246,4044.862604540024,531569.9522102749,2937.0,0.0,0.0,2892.0,0.04337552244096232,0.042710933230937366,2937.0,2.0,3.0,1.0,0.1872,1830.03,0.0,0.14747973002909423,0.8525055013217941,ANOMALY
10.883,20.0,3571.0,234228.0,65.59171100532063,328.1264357254434,21522.3743453092,115.0,0.0,0.0,54.0,0.032203864463735646,0.01512181461775413,115.0,2.0,1.0,1.0,0.4354,178.55,0.0,0.23242789134696162,0.7672920750490059,ANOMALY
7.294,3.0,1524.0,454535.0,298.251312335958,208.93885385248151,62316.28735947354,7.0,1418.0,3.0,3.0,0.004593175853018373,0.001968503937007874,0.004936530324400564,4.0,3.0,2.0,0.3237,508.0,0.0,0.9402887139107612,0.015748031496062992,BENIGN
24.515,6.0,5945.0,1058378.0,178.0282590412111,242.50458902712623,43172.66979400367,12.0,3414.0,12.0,0.0,0.002018502943650126,0.0,0.0035149384885764497,3.0,1.0,1.0,0.8245,990.83,0.0,0.8001682085786375,0.002186711522287637,BENIGN
15.915,70508.0,236484.0,15713632.0,66.44691395612388,14859.18944392083,987347.2824379517,86870.0,64426.0,6154.0,92459.0,0.36733986231626664,0.3909735965223863,1.3483686710334337,1.0,1.0,1.0,2.8589,3.35,0.0,0.9816182067285736,0.0,DOS_DDOS
17.847,146115.0,185954.0,13813979.0,74.28707637372683,10419.342186361853,774022.4687622569,98992.0,38879.0,0.0,10136.0,0.5323467094012497,0.054508104154790966,2.5461560225314437,1.0,1.0,1.0,0.0077,1.27,0.0,1.0,0.0,SYN_FLOOD
18.965,46.0,32667.0,4565036.0,139.74457403495882,1722.4887951489586,240708.46295808066,1076.0,0.0,0.0,451.0,0.032938439403679555,0.013805981571616615,1076.0,4.0,3.0,1.0,0.0548,710.15,0.0,0.39893470474791076,0.601034683319558,ANOMALY
53.015,88704.0,508758.0,62466204.0,122.7817626455014,9596.491558992739,1178274.148825804,114139.0,116390.0,4184.0,0.0,0.22434831491593252,0.0,0.9806598505026205,4.0,1.0,36.0,3.3831,5.74,0.0,0.9078933402521434,0.0,DOS_DDOS
66.858,276.0,1241.0,149559.0,120.51490733279613,18.561727841096054,2236.964910706273,289.0,531.0,62.0,395.0,0.2328767123287671,0.3182917002417405,0.544256120527307,2.0,1.0,1.0,1.2429,4.5,0.8804347826086957,1.0,0.0,BRUTE_FORCE
36.242,4.0,29410.0,20386787.0,693.1923495409725,811.4894321505436,562518.2661001049,8.0,22990.0,9.0,3.0,0.0002720163209792588,0.00010200612036722203,0.00034797738147020446,6.0,1.0,1.0,5.5742,7352.5,0.0,0.9177490649438966,0.011492689561373682,BENIGN
11.284,47347.0,67791.0,5741116.0,84.68846897080734,6007.71003190358,508783.76462247426,8532.0,15095.0,2036.0,6860.0,0.1258574147010665,0.10119337375167795,0.5652202716131169,5.0,1.0,16.0,0.1897,1.43,0.0,0.9905739699960172,0.0,DOS_DDOS
57.202,135623.0,232173.0,49939594.0,215.0964754730309,4058.8266144540403,873039.2993251984,69214.0,13637.0,3419.0,0.0,0.29811390644045604,0.0,5.075456478697661,3.0,1.0,1.0,0.9489,1.71,0.0,0.9540945760273589,0.0,DOS_DDOS
63.27,2.0,6.0,478.0,79.66666666666667,0.0948316737790422,7.554923344397028,2.0,3.0,2.0,0.0,0.3333333333333333,0.0,0.6666666666666666,2.0,1.0,1.0,50.6158,3.0,0.0,1.0,0.0,ANOMALY
12.865,8.0,5410.0,2115250.0,390.98890942698705,420.5207928488146,164418.96618732996,15.0,4757.0,12.0,0.0,0.0027726432532347504,0.0,0.003153247845280639,1.0,1.0,1.0,1.8716,676.25,0.0,0.9014787430683918,0.009057301293900186,BENIGN
244.623,4.0,18.0,1181.0,65.61111111111111,0.07358261488085749,4.8278371207940385,4.0,9.0,4.0,0.0,0.2222222222222222,0.0,0.4444444444444444,4.0,1.0,1.0,195.6982,4.5,0.0,1.0,0.0,ANOMALY
35.49,43685.0,246588.0,39464314.0,160.04150242509775,6948.098055790363,1111984.0518455904,37563.0,16928.0,6736.0,0.0,0.15233101367463137,0.0,2.2189862948960304,1.0,1.0,1.0,1.0216,5.64,0.0,0.9969747108537317,0.0,DOS_DDOS
7.715,32.0,48068.0,4240995.0,88.22907131563618,6230.460142579391,549707.7122488659,1994.0,0.0,0.0,1331.0,0.04148289922609636,0.027689939252725306,1994.0,4.0,1.0,1.0,0.1136,1502.12,0.0,0.38568278272447365,0.6142964134143297,ANOMALY
39.507,4862.0,265434.0,175613985.0,661.6107393928435,6718.657453109576,4445135.925279065,77736.0,35939.0,270.0,0.0,0.2928637627432808,0.0,2.1629984139792424,5.0,1.0,5.0,1.4148,54.59,0.0,0.9361649223535794,0.0,DOS_DDOS
58.884,6732.0,669133.0,362512333.0,541.7642426841899,11363.579240540725,6156380.901433326,330135.0,83135.0,4144.0,0.0,0.4933772508604418,0.0,3.9710711493354185,2.0,1.0,22.0,0.2898,99.4,0.0,0.996776425613443,0.0,DOS_DDOS
12.533,282393.0,357231.0,20748062.0,58.08023939691684,28503.231468922047,1655474.5073007261,296134.0,43171.0,0.0,16596.0,0.8289706100534389,0.046457334329887384,6.859558499918927,3.0,1.0,71.0,0.0052,1.27,0.0,1.0,0.0,SYN_FLOOD
32.709,1290.0,1916.0,162559.0,84.8429018789144,58.5771500198722,4969.855391482466,1226.0,122.0,0.0,707.0,0.639874739039666,0.36899791231732776,10.049180327868852,1069.0,1.0,1.0,0.0077,1.49,0.03255813953488372,0.9733820459290188,0.0,PORT_SCAN
10.707,308.0,603.0,33252.0,55.14427860696517,56.31829644158027,3105.6318296441577,433.0,50.0,0.0,256.0,0.7180762852404643,0.42454394693200664,8.66,265.0,1.0,1.0,0.0475,1.96,0.04220779220779221,0.9502487562189055,0.0,PORT_SCAN
12.602,226.0,272.0,15176.0,55.794117647058826,21.583875575305505,1204.2532931280748,167.0,50.0,0.0,129.0,0.6139705882352942,0.4742647058823529,3.34,224.0,1.0,1.0,0.038,1.2,0.03982300884955752,0.9485294117647058,0.0,PORT_SCAN
19.685,66.0,138.0,11510.0,83.40579710144928,7.010414020828042,584.7091694183389,92.0,15.0,0.0,34.0,0.6666666666666666,0.2463768115942029,6.133333333333334,62.0,1.0,1.0,0.0436,2.09,0.09090909090909091,0.9927536231884058,0.0,PORT_SCAN
41.831,261.0,2942.0,256369.0,87.14106050305914,70.33061605029762,6128.684468456408,740.0,1047.0,96.0,995.0,0.2515295717199184,0.33820530251529574,0.7067812798471824,1.0,1.0,1.0,1.6633,11.27,0.8582375478927203,1.0,0.0,BRUTE_FORCE
41.934,2.0,33096.0,15286832.0,461.89364273628235,789.240234654457,364545.0469785854,4.0,19132.0,2.0,3.0,0.00012086052695189751,9.064539521392314e-05,0.0002090738030524775,6.0,1.0,2.0,1.9307,16548.0,0.0,0.8284989122552574,0.01429175731206188,BENIGN
27.259,3796.0,211047.0,178743632.0,846.9375636706516,7742.286951098719,6557233.647602626,102343.0,16741.0,8074.0,0.0,0.4849298971319185,0.0,6.113314616809031,3.0,1.0,22.0,0.3774,55.6,0.0,0.9520012129999479,0.0,DOS_DDOS
13.732,1383.0,1607.0,135438.0,84.28002489110143,117.02592484707253,9862.94785901544,1175.0,401.0,0.0,787.0,0.731176104542626,0.4897324206596142,2.9301745635910224,1124.0,1.0,1.0,0.0347,1.16,0.06579898770788142,0.9838207840696951,0.0,PORT_SCAN
18.543,7.0,15264.0,7484749.0,490.3530529350105,823.1677722051448,403642.83017850405,14.0,9460.0,15.0,2.0,0.0009171907756813418,0.0001310272536687631,0.0014799154334038055,1.0,3.0,1.0,2.7606,2180.57,0.14285714285714285,0.8806341719077568,0.0015723270440251573,BENIGN
22.221,120.0,257.0,16518.0,64.27237354085604,11.56563610998605,743.3508842986364,133.0,30.0,0.0,38.0,0.5175097276264592,0.14785992217898833,4.433333333333334,100.0,1.0,1.0,0.0446,2.14,0.06666666666666667,0.9727626459143969,0.0,PORT_SCAN
59.549,1990.0,219602.0,148038094.0,674.1199715849582,3687.7529429545416,2485987.909116862,88005.0,36087.0,7850.0,0.0,0.40074771632316647,0.0,2.438689832903816,3.0,1.0,8.0,1.595,110.35,0.0,0.9053970364568629,0.0,DOS_DDOS
82.992,477.0,5521.0,1216514.0,220.34305379460244,66.52448428764218,14658.208020050124,1887.0,2646.0,253.0,1630.0,0.3417859083499366,0.2952363702227857,0.7131519274376418,2.0,1.0,1.0,1.5665,11.57,0.8679245283018868,1.0,0.0,BRUTE_FORCE
10.157,244152.0,266588.0,20513815.0,76.94950635437453,26246.72639558925,2019672.6395589248,178666.0,17021.0,0.0,20028.0,0.670195207586238,0.07512716251294131,10.496798072968685,2.0,1.0,8.0,0.0021,1.09,0.0,1.0,0.0,SYN_FLOOD
77.212,398.0,2953.0,466320.0,157.91398577717575,38.2453504636585,6039.4757291612705,612.0,1471.0,225.0,872.0,0.20724686759227903,0.295292922451744,0.416043507817811,3.0,1.0,1.0,1.2562,7.42,0.8994974874371859,1.0,0.0,BRUTE_FORCE
32.054,126.0,266.0,14911.0,56.056390977443606,8.298496287514817,465.18375241779495,199.0,13.0,0.0,110.0,0.7481203007518797,0.41353383458646614,15.307692307692308,111.0,1.0,1.0,0.028,2.11,0.023809523809523808,0.9511278195488722,0.0,PORT_SCAN
38.301,379.0,710.0,40252.0,56.692957746478875,18.537375003263623,1050.938617790658,522.0,47.0,0.0,336.0,0.7352112676056338,0.4732394366197183,11.106382978723405,375.0,1.0,1.0,0.044,1.87,0.07387862796833773,0.956338028169014,0.0,PORT_SCAN
34.029,316.0,377.0,28090.0,74.50928381962865,11.078785741573363,825.4723911957448,203.0,19.0,0.0,179.0,0.5384615384615384,0.47480106100795755,10.68421052631579,275.0,1.0,1.0,0.0384,1.19,0.08860759493670886,0.9893899204244032,0.0,PORT_SCAN
86.242,438.0,4312.0,377161.0,87.46776437847866,49.998840472159735,4373.2867976160105,1112.0,2504.0,623.0,709.0,0.25788497217068646,0.16442486085343228,0.4440894568690096,3.0,1.0,1.0,2.4173,9.84,0.9794520547945206,1.0,0.0,BRUTE_FORCE
10.127,3.0,2617.0,1735627.0,663.2124570118456,258.418090253777,171386.09657351632,6.0,2226.0,6.0,0.0,0.0022927015666794038,0.0,0.0026954177897574125,2.0,3.0,2.0,0.0597,872.33,0.0,0.8876576232327092,0.008788689338937715,BENIGN
31.934,182.0,4902.0,34502654.0,7038.4851081191355,153.50410221080978,1080436.3374459823,2009.0,1451.0,0.0,0.0,0.4098327213382293,0.0,1.3845623707787733,1.0,1.0,1.0,0.2625,26.93,1.0,1.0,0.0,ANOMALY
24.938,495705.0,564003.0,30353413.0,53.81782189101831,22616.20819632689,1217155.064560109,376992.0,73952.0,0.0,15460.0,0.6684219764788485,0.027411201713466064,5.097793163132843,3.0,1.0,1.0,0.0017,1.14,0.0,1.0,0.0,SYN_FLOOD
9.564,9.0,2066.0,529352.0,256.22071636011617,216.01840234211627,55348.389795064824,22.0,1357.0,19.0,0.0,0.010648596321393998,0.0,0.016212232866617538,5.0,1.0,1.0,0.3784,229.56,0.0,0.8059051306873185,0.01887705711519845,BENIGN
14.975,418.0,633.0,35269.0,55.7172195892575,42.270450751252085,2355.1919866444073,472.0,134.0,0.0,110.0,0.7456556082148499,0.17377567140600317,3.5223880597014925,373.0,1.0,1.0,0.007,1.51,0.03588516746411483,0.9699842022116903,0.0,PORT_SCAN
15.027,3.0,4827.0,3226427.0,668.4124715143981,321.22180075863446,214708.65774938444,5.0,4314.0,4.0,0.0,0.0010358400662937642,0.0,0.0011590171534538712,4.0,2.0,2.0,3.7505,1609.0,0.0,0.8514605344934743,0.013673088875077687,BENIGN
30.903,2.0,25441.0,16402193.0,644.7149483117802,823.2534058182054,530763.7769795813,3.0,23482.0,3.0,3.0,0.0001179198930859636,0.0001179198930859636,0.00012775743122391618,6.0,1.0,1.0,4.9272,12720.5,0.0,0.871428009905271,0.00884399198144727,BENIGN
8.165,9.0,3713.0,2935732.0,790.6630756800431,454.74586650336806,359550.7654623393,16.0,2521.0,21.0,0.0,0.0043091839482897925,0.0,0.006346687822292741,5.0,2.0,1.0,1.179,412.56,0.0,0.8804201454349583,0.016159439806086723,BENIGN
6.218,6.0,1683.0,792762.0,471.0409982174688,270.6658089417819,127494.69282727565,14.0,938.0,10.0,2.0,0.008318478906714201,0.0011883541295306002,0.014925373134328358,1.0,2.0,1.0,1.2915,280.5,0.0,0.8817587641117053,0.0035650623885918,BENIGN
31.19,874.0,1723.0,116075.0,67.36796285548462,55.242064764347546,3721.5453671048413,873.0,152.0,0.0,914.0,0.5066744051073708,0.53047011027278,5.743421052631579,748.0,1.0,1.0,0.0112,1.97,0.09954233409610984,0.9733023795705166,0.0,PORT_SCAN
5.651,14.0,796.0,265186.0,333.14824120603015,140.86002477437623,46927.26950982127,28.0,548.0,27.0,0.0,0.035175879396984924,0.0,0.051094890510948905,1.0,1.0,2.0,0.6669,56.86,0.0,0.8806532663316583,0.00628140703517588,BENIGN
11.578,10.0,3211.0,1108362.0,345.17658050451575,277.336327517706,95730.0051822422,20.0,2054.0,10.0,0.0,0.006228589224540642,0.0,0.009737098344693282,1.0,1.0,1.0,0.742,321.1,0.0,0.9286826533790097,0.012145748987854251,BENIGN
48.627,5.0,67307.0,36096289.0,536.2932384447383,1384.1487239599398,742309.6016616282,12.0,41176.0,6.0,0.0,0.00017828754810049474,0.0,0.0002914319020788809,6.0,3.0,2.0,1.5536,13461.4,0.0,0.941625685292763,0.003491464483634689,BENIGN
59.548,237.0,1890.0,442198.0,233.96719576719576,31.739101229260427,7425.908510781218,247.0,949.0,253.0,600.0,0.1306878306878307,0.31746031746031744,0.2602739726027397,1.0,1.0,1.0,1.0658,7.97,0.9367088607594937,1.0,0.0,BRUTE_FORCE
19.773,6.0,3835.0,1014774.0,264.60860495436765,193.95134779750165,51321.19556971628,11.0,2241.0,7.0,0.0,0.0028683181225554106,0.0,0.0049085229808121375,3.0,3.0,2.0,3.832,639.17,0.0,0.8273794002607562,0.01303780964797914,BENIGN
58.202,13405.0,412474.0,247907988.0,601.0269447286374,7086.938593175492,4259441.0501357345,200659.0,79620.0,15139.0,132709.0,0.4864767233813525,0.32173906718968953,2.520208490329063,5.0,1.0,1.0,3.7353,30.77,0.0,0.990556980561199,0.0,DOS_DDOS
27.568,73636.0,342461.0,41753726.0,121.9225722053022,12422.410040626813,1514572.1851421937,110445.0,101319.0,4214.0,82792.0,0.3225038763538038,0.24175599557321856,1.0900719509667487,3.0,1.0,1.0,0.2558,4.65,0.0,0.9453602015995982,0.0,DOS_DDOS
17.984,44.0,70462.0,9430918.0,133.84402940592094,3918.0382562277578,524406.0275800711,1349.0,0.0,0.0,1165.0,0.019145071102154354,0.016533734495188895,1349.0,2.0,2.0,1.0,0.3037,1601.41,0.0,0.5089977576566093,0.4909880502966138,ANOMALY
43.636,153.0,1862.0,290245.0,155.8780880773362,42.67118892657439,6651.503345861215,286.0,941.0,45.0,276.0,0.1535982814178303,0.14822771213748656,0.30393198724760895,1.0,1.0,1.0,1.5976,12.17,0.8758169934640523,1.0,0.0,BRUTE_FORCE
242.982,1.0,19.0,982.0,51.68421052631579,0.07819509264060712,4.041451630161905,1.0,9.0,1.0,0.0,0.05263157894736842,0.0,0.1111111111111111,1.0,1.0,1.0,194.3852,19.0,0.0,1.0,0.0,ANOMALY
38.499,1321.0,2628.0,191595.0,72.90525114155251,68.26151328605937,4976.622769422582,2173.0,206.0,0.0,429.0,0.8268645357686454,0.1632420091324201,10.548543689320388,1192.0,1.0,1.0,0.0161,1.99,0.08402725208175625,0.9908675799086758,0.0,PORT_SCAN
25.689,52819.0,71096.0,3592122.0,50.52495217733768,2767.5658842306048,139831.13394838257,46447.0,16554.0,0.0,5383.0,0.6532997636997862,0.07571452683695286,2.805787120937538,3.0,1.0,1.0,0.0089,1.35,0.0,1.0,0.0,SYN_FLOOD
26.629,176.0,9325.0,56657697.0,6075.892439678284,350.1821322618198,2127668.9699200117,2844.0,3807.0,0.0,0.0,0.30498659517426274,0.0,0.7470449172576832,1.0,1.0,1.0,0.4191,52.98,1.0,1.0,0.0,ANOMALY
38.539,1453.0,3302.024699588786,170020.0,51.48962090476587,85.68008250314709,4411.634967176107,2817.0,483.0,0.0,1604.0,0.8531129401760114,0.48576256870511975,5.832298136645963,1152.0,1.0,1.0,0.0108,2.27,0.07088781830695114,0.9663767810087512,0.0,PORT_SCAN
31.062,1331.0,2644.0,225288.0,85.2072617246596,85.12008241581353,7252.84914042882,2185.0,352.0,0.0,1278.0,0.8263993948562783,0.4833585476550681,6.207386363636363,1052.0,1.0,1.0,0.0349,1.99,0.06235912847483095,0.9640695915279879,0.0,PORT_SCAN
26.557,263497.0,305787.23436110746,13809002.0,45.15885703617307,11514.374152242628,519975.9762021313,245709.0,60076.0,0.0,14237.0,0.8035292922327804,0.046558516511475335,4.089969372128637,1.0,1.0,1.0,0.0029,1.16,0.0,0.9999992335811273,0.0,SYN_FLOOD
46.665,7.0,26958.0,18683740.0,693.068476889977,577.6920604307297,400380.1564341584,17.0,17860.0,14.0,3.0,0.0006306105794198383,0.00011128421989761852,0.0009518477043673013,3.0,2.0,1.0,1.5939,3851.14,0.0,0.8839305586467839,0.0034869055567920467,BENIGN
12.874,334409.0,368020.0,20542933.0,55.82015379598935,28586.297964890477,1595691.5488581636,187535.0,71165.0,0.0,25633.0,0.5095782837889246,0.06965110591815662,2.635213939436521,2.0,1.0,1.0,0.0043,1.1,0.0,1.0,0.0,SYN_FLOOD
43.06,35.0,11454.0,77407899.0,6758.1542692509165,266.00092893636787,1797675.313516024,3826.0,5404.0,0.0,0.0,0.33403177929107736,0.0,0.7079940784603997,1.0,1.0,1.0,0.2544,327.26,1.0,1.0,0.0,ANOMALY
11.801,75461.0,105995.0,6231445.0,58.789990093872355,8981.865943564104,528043.8098466232,57331.0,20269.0,0.0,372.0,0.5408840039624511,0.003509599509410821,2.8285065864127485,3.0,1.0,1.0,0.0086,1.4,0.0,1.0,0.0,SYN_FLOOD
65.696,205.0,2758.0,700954.0,254.1530094271211,41.98124695567462,10669.660253287871,534.0,920.0,297.0,311.0,0.19361856417693982,0.11276287164612038,0.5804347826086956,2.0,1.0,1.0,2.0972,13.45,0.8634146341463415,1.0,0.0,BRUTE_FORCE
22.407,101447.0,451472.0,91297699.0,202.22228399546373,20148.703530146828,4074516.8474137546,82003.0,26996.0,17677.0,0.0,0.18163474146790942,0.0,3.037598162690769,2.0,1.0,1.0,3.8409,4.45,0.0,0.9633797887798136,0.0,DOS_DDOS
38.652,5826.0,234873.0,288424084.0,1228.000170304803,6076.60664389941,7462073.993583773,81109.0,43972.0,4570.0,93484.0,0.3453313067061774,0.39801935514086334,1.8445601746565996,2.0,1.0,1.0,1.9325,40.31,0.0,0.9744585371668945,0.0,DOS_DDOS
56.745,2.0,39212.0,16460417.0,419.7800928287259,691.0212353511323,290076.95832231914,3.0,25863.0,2.0,0.0,7.650719167601755e-05,0.0,0.00011599582415033058,3.0,2.0,1.0,1.5412,19606.0,0.0,0.8677955727838417,0.00655411608691217,BENIGN
37.568,3259.0,388437.0,448738493.0,1155.2413724748158,10339.57091141397,11944700.090502556,76066.0,50830.0,5407.0,0.0,0.1958258353349449,0.0,1.4964784576037773,2.0,1.0,1.0,1.8113,119.19,0.0,0.960778710575975,0.0,DOS_DDOS
70.931,176.0,1256.0,296319.0,235.92277070063693,17.707349395891782,4177.566931243039,437.0,673.0,142.0,441.0,0.3479299363057325,0.35111464968152867,0.649331352154532,1.0,1.0,1.0,2.2992,7.14,0.9090909090909091,1.0,0.0,BRUTE_FORCE
85.238,199.0,2669.0,459904.0,172.3132259273136,31.31232548863183,5395.5278162321965,846.0,1574.0,264.0,495.0,0.31697264893218435,0.1854627201198951,0.5374841168996188,2.0,1.0,1.0,2.0101,13.41,0.8844221105527639,1.0,0.0,BRUTE_FORCE
5.652,9.0,1556.0,854110.0,548.913881748072,275.30077848549183,151116.41896673743,21.0,1219.0,9.0,2.0,0.013496143958868894,0.0012853470437017994,0.017227235438884332,6.0,1.0,1.0,0.6688,172.89,0.0,0.9145244215938303,0.008997429305912597,BENIGN
18.222,74.0,1290.0,242135.0,187.7015503875969,70.79354626275929,13288.058390955986,350.0,704.0,173.0,335.0,0.2713178294573643,0.2596899224806202,0.4971590909090909,3.0,1.0,1.0,1.7607,17.43,0.972972972972973,1.0,0.0,BRUTE_FORCE
17.406,287258.0,301963.0,23072289.0,76.40766915151856,17348.213259795473,1325536.53912444,170748.0,51812.0,0.0,18228.0,0.5654600066895613,0.06036501160738236,3.2955299930518027,2.0,1.0,1.0,0.005,1.05,0.0,1.0,0.0,SYN_FLOOD
16.289,76319.0,218940.0,50180693.0,229.19837855120124,13440.972435385842,3080649.0883418256,23145.0,47385.0,5106.0,0.0,0.10571389421759386,0.0,0.4884457106679329,5.0,1.0,52.0,1.0177,2.87,0.0,0.957294235863707,0.0,DOS_DDOS
29.689,603936.0,863904.0,55398189.0,64.12539934992778,29098.453972851898,1865949.9814746203,630005.0,89904.0,0.0,40515.0,0.7292534818683557,0.04689757195243916,7.007530254493682,1.0,1.0,165.0,0.0095,1.43,0.0,1.0,0.0,SYN_FLOOD
20.766,194.0,6051.0,46627256.0,7705.710791604693,291.389771742271,2245365.3086776463,2749.0,1818.0,0.0,0.0,0.45430507354156335,0.0,1.512101210121012,1.0,1.0,1.0,0.133,31.19,1.0,1.0,0.0,ANOMALY
22.66,12565.0,46337.0,5521930.0,119.16891469020437,2044.8808473080317,243686.23124448367,10172.0,11291.0,192.0,17575.0,0.2195221960852019,0.37928653128169715,0.900894517757506,1.0,1.0,59.0,0.3421,3.69,0.0,0.9468675140816194,0.0,DOS_DDOS
41.576,17013.0,485359.0,418564936.0,862.382145999147,11674.018664614201,10067465.26842409,234542.0,31874.0,11590.0,176842.0,0.48323405973722544,0.36435298407982547,7.35841124427433,1.0,1.0,20.0,2.6126,28.53,0.0,0.9192453421075946,0.0,DOS_DDOS
6.774,96431.0,108888.05117727924,7334150.0,67.35495695537212,16074.409680732098,1082691.1721287274,78239.0,30647.0,0.0,4812.0,0.7185269563932234,0.044192176717036145,2.5529089307273143,2.0,1.0,1.0,0.0069,1.13,0.0,0.9999995300009626,0.0,SYN_FLOOD
18.784,7.0,7969.0,3959442.0,496.8555653155979,424.2440374787053,210788.01107325385,17.0,6552.0,15.0,0.0,0.0021332664073283976,0.0,0.0025946275946275945,5.0,2.0,1.0,4.7174,1138.43,0.0,0.9515623039277199,0.01919939766595558,BENIGN
29.618,287388.0,310447.0,24217885.0,78.00972468730572,10481.70031737457,817674.5560132352,190404.0,82034.0,0.0,16147.0,0.6133220807416403,0.05201209868351119,2.3210376185484067,3.0,1.0,186.0,0.0022,1.08,0.0,1.0,0.0,SYN_FLOOD
6.851,3.0,448.0,332131.0,741.3638392857143,65.39191358925704,48479.20011677127,6.0,283.0,6.0,0.0,0.013392857142857142,0.0,0.02120141342756184,6.0,2.0,1.0,0.9806,149.33,0.0,0.9575892857142857,0.004464285714285714,BENIGN
26.93,31331.0,164903.0,37870776.0,229.65486376839718,6123.393984404011,1406267.2112885257,49012.0,31508.0,5291.0,0.0,0.29721715190142084,0.0,1.5555414497905293,2.0,1.0,1.0,3.5245,5.26,0.0,0.9113721399853247,0.0,DOS_DDOS
85.594,471.0,2759.0,631225.0,228.78760420442188,32.23356777344207,7374.640745846672,860.0,1100.0,73.0,722.0,0.3117071402682131,0.261689017760058,0.7818181818181819,3.0,1.0,1.0,0.4396,5.86,0.9554140127388535,1.0,0.0,BRUTE_FORCE
17.535,185028.0,205334.0,11123857.0,54.17445235567417,11709.951525520388,634380.2110065583,165892.0,15812.0,0.0,15299.0,0.8079129613215541,0.0745078749744319,10.491525423728813,2.0,1.0,1.0,0.0088,1.11,0.0,1.0,0.0,SYN_FLOOD
23.698,123651.0,178797.0,9072205.0,50.7402529125209,7544.813908346696,382825.76588741667,117622.0,53037.0,0.0,1767.0,0.657852201099571,0.009882716152955587,2.217734788920942,3.0,1.0,1.0,0.0033,1.45,0.0,1.0,0.0,SYN_FLOOD
23.53,1329.0,3199.0,206685.0,64.6092528915286,135.9541011474713,8783.892902677433,1683.0,653.0,0.0,1440.0,0.5261019068458893,0.4501406689590497,2.5773353751914243,1183.0,1.0,1.0,0.0279,2.41,0.0346124905944319,0.9596748984057518,0.0,PORT_SCAN
28.216,666153.0,1064105.8868133754,55518037.0,52.17341402579501,37712.853941500405,1967608.3427842357,818029.0,246075.0,0.0,67279.0,0.7687477441269595,0.06322585076704824,3.324307629787666,3.0,1.0,1.0,0.0077,1.6,0.0,0.9999991666117194,0.0,SYN_FLOOD
20.414,74712.0,265431.0,68774041.0,259.10327354378353,13002.400313510336,3368964.485157245,58124.0,48923.0,296.0,29734.0,0.21897969717176968,0.1120215799963079,1.18807105042618,4.0,1.0,24.0,1.3356,3.55,0.0,0.9168522139463741,0.0,DOS_DDOS
31.015,361.0,783.0,39695.0,50.69604086845466,25.24584878284701,1279.8645816540384,515.0,102.0,0.0,204.0,0.6577266922094508,0.26053639846743293,5.049019607843137,334.0,1.0,1.0,0.018,2.17,0.10526315789473684,0.9540229885057471,0.0,PORT_SCAN
4.025,5.0,1409.0,926554.0,657.596877217885,350.0621118012422,230199.751552795,10.0,890.0,8.0,0.0,0.007097232079488999,0.0,0.011235955056179775,6.0,1.0,2.0,1.1534,281.8,0.0,0.9694819020581973,0.0191625266146203,BENIGN
25.893,571.0,1441.0,69928.0,48.527411519777935,55.652106746997255,2700.6526860541458,847.0,303.0,0.0,683.0,0.5877862595419847,0.4739764052741152,2.7953795379537953,528.0,1.0,1.0,0.0132,2.52,0.040280210157618214,0.9958362248438585,0.0,PORT_SCAN
72.091,32.0,457.0,40165.0,87.88840262582058,6.339210164930436,557.1430553051006,121.0,147.0,67.0,71.0,0.2647702407002188,0.15536105032822758,0.8231292517006803,2.0,1.0,1.0,2.4206,14.28,0.84375,1.0,0.0,BRUTE_FORCE
16.458,209545.0,240629.0,14946572.0,62.114591341858215,14620.792319844453,908164.5400413173,158304.0,53465.0,0.0,2014.0,0.6578758171292737,0.008369730996679536,2.9608903020667725,2.0,1.0,1.0,0.0063,1.15,0.0,1.0,0.0,SYN_FLOOD
46.61,2.0,59347.0,35193766.0,593.0167658011356,1273.267539154688,755068.9980690839,4.0,37533.0,3.0,0.0,6.7400205570627e-05,0.0,0.00010657288253004023,1.0,1.0,1.0,1.1185,29673.5,0.0,0.9833184491212699,0.00621766896389034,BENIGN
23.096,298744.0,318713.0,19707650.0,61.835099289956794,13799.489089019744,853292.7779702112,225248.0,49754.0,0.0,15461.0,0.7067424297094879,0.04851072908855302,4.527233991236885,2.0,1.0,1.0,0.0022,1.07,0.0,1.0,0.0,SYN_FLOOD
76.972,350.0,3786.0,571165.0,150.86238774432118,49.18671724783039,7420.425609312478,1035.0,1867.0,292.0,414.0,0.2733755942947702,0.10935023771790808,0.5543652919121586,3.0,1.0,1.0,2.2224,10.82,0.8571428571428571,1.0,0.0,BRUTE_FORCE
9.86,60347.0,79309.0,4278073.0,53.94183510068214,8043.509127789047,433881.6430020284,44898.0,19317.0,0.0,2351.0,0.566114816729501,0.029643546129695244,2.3242739555831653,1.0,1.0,119.0,0.0098,1.31,0.0,1.0,0.0,SYN_FLOOD
30.671,1344.0,2795.4491526553866,195649.0,69.98839517941285,91.14307171775901,6378.957321248085,2370.0,424.0,0.0,683.0,0.8478065135789524,0.24432567458836477,5.589622641509434,1115.0,1.0,1.0,0.0034,2.08,0.07738095238095238,0.9948311874527708,0.0,PORT_SCAN
30.357,675.0,1747.0,108535.0,62.126502575844306,57.54850611061699,3575.2874131172384,1154.0,233.0,0.0,569.0,0.6605609616485404,0.32570120206067543,4.952789699570816,628.0,1.0,1.0,0.0305,2.59,0.054814814814814816,0.9616485403548941,0.0,PORT_SCAN
46.263,9950.0,425159.0,362497732.0,852.6168609861252,9190.04387955818,7835586.364913646,144113.0,72882.0,10388.0,138032.0,0.3389625998743999,0.32465971554171497,1.9773469443758405,2.0,1.0,5.0,2.5243,42.73,0.0,0.9282833010708935,0.0,DOS_DDOS
25.319,148996.0,220595.0,12091086.0,54.81124232190213,8712.62688099846,477549.90323472494,164600.0,36415.0,0.0,15569.0,0.7461637843106145,0.07057730229606292,4.520115337086366,2.0,1.0,1.0,0.0069,1.48,0.0,1.0,0.0,SYN_FLOOD
47.872,129.0,13324.0,59919393.0,4497.102446712699,278.3255347593583,1251658.4433489305,4209.0,6032.0,0.0,0.0,0.3158961272891024,0.0,0.6977785145888594,1.0,1.0,1.0,0.4571,103.29,1.0,1.0,0.0,ANOMALY
23.59,975.0,1687.0,129560.0,76.7990515708358,71.513353115727,5492.157693938109,1401.0,269.0,0.0,210.0,0.8304682868998222,0.12448132780082988,5.20817843866171,896.0,1.0,1.0,0.0108,1.73,0.06769230769230769,0.973325429756965,0.0,PORT_SCAN
33.869,27429.0,151060.0,29692665.0,196.56206143254337,4460.125778735717,876691.5173167203,63352.0,28968.0,325.0,23316.0,0.41938302661194227,0.1543492651926387,2.1869649268157967,4.0,1.0,1.0,3.7687,5.51,0.0,0.9327022375215146,0.0,DOS_DDOS
251.039,2.0,18.0,1399.0,77.72222222222223,0.07170200646114748,5.572839279952517,2.0,9.0,2.0,0.0,0.1111111111111111,0.0,0.2222222222222222,2.0,1.0,1.0,200.8309,9.0,0.0,1.0,0.0,ANOMALY
35.845,1031.0,1777.0,123653.0,69.58525604952166,49.57455712093737,3449.6582508020647,1083.0,321.0,0.0,502.0,0.6094541361845808,0.2824985931344963,3.3738317757009346,828.0,1.0,1.0,0.0153,1.72,0.052376333656644035,0.9538548114800225,0.0,PORT_SCAN
25.779,848.0,1215.0,107315.0,88.32510288065843,47.13138601187013,4162.884518406455,788.0,201.0,0.0,322.0,0.648559670781893,0.2650205761316872,3.9203980099502487,776.0,1.0,1.0,0.0023,1.43,0.11084905660377359,0.9497942386831276,0.0,PORT_SCAN
85.635,244.0,2810.0,488698.0,173.91387900355872,32.81368599287674,5706.755415425935,834.0,1587.0,293.0,512.0,0.29679715302491105,0.1822064056939502,0.5255198487712666,1.0,1.0,1.0,1.0966,11.52,0.9918032786885246,1.0,0.0,BRUTE_FORCE
16.146,1046.0,1240.0,82414.0,66.46290322580646,76.79920723398983,5104.298278211321,967.0,157.0,0.0,545.0,0.7798387096774193,0.43951612903225806,6.159235668789809,986.0,1.0,1.0,0.0409,1.19,0.09369024856596558,0.9879032258064516,0.0,PORT_SCAN
11.284,81.0,644.0,162877.0,252.91459627329192,57.07196029776674,14434.331797235021,152.0,331.0,29.0,141.0,0.2360248447204969,0.21894409937888198,0.459214501510574,3.0,1.0,1.0,0.6927,7.95,0.9629629629629629,1.0,0.0,BRUTE_FORCE
20.611,148.0,7840.0,51482275.0,6566.616709183673,380.37940905341804,2497805.7833195864,2997.0,1767.0,0.0,0.0,0.3822704081632653,0.0,1.696095076400679,1.0,1.0,1.0,0.1418,52.97,1.0,1.0,0.0,ANOMALY
29.828,488.0,7390.0,894004.0,120.97483085250339,247.7537883867507,29971.972643154084,2568.0,2683.0,544.0,2885.0,0.3474966170500677,0.39039242219215153,0.9571375326127469,1.0,1.0,1.0,2.4076,15.14,0.9344262295081968,1.0,0.0,BRUTE_FORCE
19.994,770.0,1946.0,143070.0,73.52004110996917,97.32919875962789,7155.646694008203,963.0,212.0,0.0,600.0,0.4948612538540596,0.30832476875642345,4.5424528301886795,607.0,1.0,1.0,0.0357,2.53,0.09740259740259741,0.9743062692702981,0.0,PORT_SCAN
13.162,13293.0,67143.0,9781107.0,145.67575175371968,5101.27640176265,743132.2747302841,18202.0,7180.0,2411.0,0.0,0.27109304022757397,0.0,2.535097493036212,2.0,1.0,45.0,3.0532,5.05,0.0,0.987444707564452,0.0,DOS_DDOS
17.237,218959.0,312620.0,16982589.0,54.3234246049517,18136.56668793874,985240.4130649186,177134.0,41245.0,0.0,4315.0,0.5666112212910243,0.013802699763290896,4.294678142805188,2.0,1.0,1.0,0.0021,1.43,0.0,1.0,0.0,SYN_FLOOD
56.406,48.0,8185.0,73720536.0,9006.7850946854,145.10867638194517,1306962.6635464313,2523.0,3087.0,0.0,0.0,0.3082467929138668,0.0,0.8172983479105929,1.0,1.0,1.0,0.2763,170.52,1.0,1.0,0.0,ANOMALY
14.91,10.0,5311.0,3072936.0,578.5983807192619,356.2038900067069,206098.9939637827,19.0,2979.0,24.0,0.0,0.0035774807004330636,0.0,0.006377979187646861,5.0,3.0,1.0,1.4548,531.1,0.0,0.895123328939936,0.008849557522123894,BENIGN
7.11,122907.0,162969.47238605464,7816014.0,47.95998836815784,22921.16348608363,1099298.734177215,126441.0,36526.0,0.0,2563.0,0.7758569635696974,0.015726871802889366,3.4616711383671905,1.0,1.0,43.0,0.009,1.33,0.0,0.9999971013831749,0.0,SYN_FLOOD
18.089,393360.0,509115.0,27917769.0,54.835879909254295,28145.005251810493,1543356.1280336117,313862.0,54740.0,0.0,18427.0,0.6164854698840144,0.036194180096834706,5.733686518085495,1.0,1.0,79.0,0.0084,1.29,0.0,1.0,0.0,SYN_FLOOD
71.577,406.0,5720.0,1312736.0,229.4993006993007,79.91393883510067,18340.19307878229,691.0,2933.0,716.0,1388.0,0.12080419580419581,0.24265734265734265,0.23559495397204228,3.0,1.0,1.0,0.1327,14.09,0.8793103448275862,1.0,0.0,BRUTE_FORCE
233.14,2.0,4.0,241.0,60.25,0.01715707300334563,1.0337136484515743,2.0,1.0,2.0,0.0,0.5,0.0,2.0,2.0,1.0,1.0,186.5123,2.0,0.0,1.0,0.0,ANOMALY
56.68,4008.0,390889.0,459985314.0,1176.7670975647818,6896.418489767114,8115478.369795342,145433.0,24752.0,2468.0,0.0,0.37205702897753584,0.0,5.875606011635424,2.0,1.0,17.0,2.0295,97.53,0.0,0.9329630662413114,0.0,DOS_DDOS
73.964,496.0,5855.0,595915.0,101.77882152006832,79.16013195608674,8056.82494186361,1241.0,2101.0,728.0,989.0,0.21195559350982066,0.16891545687446627,0.5906711089957163,3.0,1.0,1.0,1.2173,11.8,0.9939516129032258,1.0,0.0,BRUTE_FORCE
15.055,7.0,14437.0,9308270.0,644.7509870471705,958.9505147791432,618284.2909332447,15.0,12448.0,15.0,0.0,0.0010389970215418716,0.0,0.001205012853470437,2.0,3.0,1.0,2.6655,2062.43,0.0,0.9366211816859459,0.004502320426681443,BENIGN
82.967,389.0,6245.0,1218597.0,195.1316253002402,75.27089083611557,14687.731266648185,1399.0,3135.0,773.0,1043.0,0.22401921537229783,0.16701361088871097,0.4462519936204147,3.0,1.0,1.0,0.1484,16.05,0.910025706940874,1.0,0.0,BRUTE_FORCE
31.879,944.0,2402.37649916969,193480.0,80.53691836682161,75.35921764075691,6069.199159321183,1913.0,488.0,0.0,1019.0,0.7962948358265958,0.4241633234225306,3.9200819672131146,846.0,1.0,1.0,0.0162,2.54,0.06038135593220339,0.955720304787174,0.0,PORT_SCAN
37.244,4.0,31586.0,21607466.0,684.0836446526943,848.0829126839222,580159.6498764901,9.0,18745.0,5.0,0.0,0.00028493636421199266,0.0,0.000480128034142438,6.0,3.0,2.0,3.7608,7896.5,0.0,0.9779649211676059,0.006268600012663839,BENIGN
198.284,2.0,9.0,507.0,56.333333333333336,0.04538944140727442,2.556938532609792,2.0,4.0,2.0,0.0,0.2222222222222222,0.0,0.5,2.0,1.0,1.0,158.6275,4.5,0.0,1.0,0.0,ANOMALY
26.472,148456.0,217472.0,13119594.0,60.32773874337846,8215.170746449077,495602.67452402535,138000.0,55251.0,0.0,4368.0,0.6345644496762801,0.020085344320188346,2.4976923494597383,2.0,1.0,1.0,0.0057,1.46,0.0,1.0,0.0,SYN_FLOOD
13.615,3.0,6837.0,2020958.0,295.5913412315343,502.1667278736687,148436.13661402866,5.0,5614.0,6.0,0.0,0.0007313149041977475,0.0,0.0008906305664410402,6.0,2.0,1.0,4.5924,2279.0,0.0,0.8859148749451514,0.008629515869533422,BENIGN
12.689,139457.0,183151.0,10410887.0,56.84318949937483,14433.840334147686,820465.5213176768,110195.0,5676.0,0.0,14605.0,0.601662016587406,0.07974294434646821,19.414200140944327,2.0,1.0,1.0,0.002,1.31,0.0,1.0,0.0,SYN_FLOOD
38.962,4.0,10846.0,1789653.0,165.00580859302968,278.3738001129305,45933.29397874852,8.0,10246.0,9.0,2.0,0.0007375991148810622,0.00018439977872026554,0.0007807925043919579,1.0,1.0,1.0,0.4266,2711.5,0.0,0.9198782961460447,0.0049787940254471695,BENIGN
23.19,212751.0,259420.0,13909133.0,53.61627091203454,11186.718413109098,599790.1250539025,145086.0,10648.0,0.0,7107.0,0.5592706807493639,0.027395728933775346,13.62565740045079,2.0,1.0,13.0,0.0057,1.22,0.0,1.0,0.0,SYN_FLOOD
20.501,36.0,144653.0,15672839.0,108.34783239891325,7055.8997122091605,764491.4394419783,2430.0,0.0,0.0,3690.0,0.01679882200853076,0.025509322309250414,2430.0,4.0,3.0,1.0,0.4978,4018.14,0.0,0.23050334248166301,0.7694897444228602,ANOMALY
10.452,2117.0,218542.0,187051502.0,855.9064253095515,20909.108304630692,17896240.145426713,85222.0,54029.0,4423.0,0.0,0.38995707918843975,0.0,1.5773380962075922,1.0,1.0,32.0,0.4972,103.23,0.0,0.9598109287917197,0.0,DOS_DDOS
33.077,109.0,2694.0,23020765.0,8545.198589458056,81.44632221785531,695974.9977325634,1289.0,958.0,0.0,0.0,0.4784706755753526,0.0,1.3455114822546972,1.0,1.0,1.0,0.1789,24.72,1.0,1.0,0.0,ANOMALY
218.837,3.0,5.0,391.0,78.2,0.022848055858926963,1.7867179681680887,3.0,1.0,3.0,0.0,0.6,0.0,3.0,3.0,1.0,1.0,175.0698,1.67,0.0,1.0,0.0,ANOMALY
29.623,174891.0,253008.0,12849607.0,50.787354550053756,8540.931033318704,433771.292576714,171088.0,46619.0,0.0,17394.0,0.6762157718333017,0.06874881426674255,3.669919989703769,2.0,1.0,1.0,0.007,1.45,0.0,1.0,0.0,SYN_FLOOD
67.37,138.0,1175.0,182759.0,155.5395744680851,17.44099747662164,2712.765325812676,276.0,409.0,93.0,190.0,0.2348936170212766,0.16170212765957448,0.6748166259168704,2.0,1.0,1.0,0.8917,8.51,0.8623188405797102,1.0,0.0,BRUTE_FORCE
59.816,111.0,1586.0,311216.0,196.22698612862547,26.514644911060586,5202.888859168115,552.0,682.0,33.0,569.0,0.3480453972257251,0.3587641866330391,0.8093841642228738,2.0,1.0,1.0,1.0338,14.29,0.8648648648648649,1.0,0.0,BRUTE_FORCE
58.256,34.0,309.0,29275.0,94.7411003236246,5.3041746772864595,502.52334523482557,56.0,108.0,16.0,48.0,0.18122977346278318,0.1553398058252427,0.5185185185185185,1.0,1.0,1.0,0.7758,9.09,0.9705882352941176,1.0,0.0,BRUTE_FORCE
11.918,9.0,778.0,398115.0,511.7159383033419,65.2794092968619,33404.514180231585,22.0,538.0,14.0,0.0,0.028277634961439587,0.0,0.040892193308550186,5.0,1.0,1.0,0.7928,86.44,0.1111111111111111,0.877892030848329,0.016709511568123392,BENIGN
16.415,351310.0,429199.0,29507958.0,68.75122728617727,26146.75601583917,1797621.565641182,254269.0,17721.0,0.0,13536.0,0.59242682298887,0.03153781812166384,14.348456633372834,2.0,1.0,1.0,0.0011,1.22,0.0,1.0,0.0,SYN_FLOOD
52.138,57.0,2992.0,21667970.0,7241.968582887701,57.386167478614446,415588.82197245775,1454.0,1459.0,0.0,0.0,0.4859625668449198,0.0,0.9965729952021933,1.0,1.0,1.0,0.3214,52.49,1.0,1.0,0.0,ANOMALY
85.578,488.0,5820.0,1415326.0,243.18316151202748,68.00813293136086,16538.432774778565,1353.0,1957.0,858.0,1868.0,0.23247422680412372,0.3209621993127148,0.6913643331630046,1.0,1.0,1.0,2.3065,11.93,0.9036885245901639,1.0,0.0,BRUTE_FORCE
17.046,131.0,3408.0,32135285.0,9429.367664319248,199.92960225272793,1885209.7266220816,1570.0,1592.0,0.0,0.0,0.46068075117370894,0.0,0.9861809045226131,1.0,1.0,1.0,0.1112,26.02,1.0,1.0,0.0,ANOMALY
35.136,412.0,656.0,57119.0,87.07164634146342,18.67030965391621,1625.6545992714025,563.0,77.0,0.0,354.0,0.8582317073170732,0.5396341463414634,7.311688311688312,360.0,1.0,1.0,0.0149,1.59,0.05339805825242718,0.989329268292683,0.0,PORT_SCAN
56.293,1960.0,191249.0,86165803.0,450.542502183018,3397.385110049207,1530666.3883608975,28647.0,53784.0,1910.0,64503.0,0.1497890185046719,0.33727235175085885,0.5326305220883534,4.0,1.0,1.0,1.4628,97.58,0.0,0.9828391259562141,0.0,DOS_DDOS
9.485,79251.0,87480.0,6296200.0,71.97302240512117,9222.983658408013,663806.0094886663,65631.0,19002.0,0.0,6505.0,0.7502400548696845,0.07435985368084133,3.453899589516893,1.0,1.0,121.0,0.0081,1.1,0.0,1.0,0.0,SYN_FLOOD
25.915,577813.0,819288.6208614204,42500575.0,51.87497289455069,31614.455753865346,1639999.0353077368,643861.0,175425.0,0.0,60205.0,0.7858781186574135,0.07348448210680501,3.670292147641442,1.0,1.0,185.0,0.0022,1.42,0.0,0.9999992421945031,0.0,SYN_FLOOD
27.924,640.0,1062.0,88231.0,83.08003766478343,38.031800601633,3159.683426443203,605.0,204.0,0.0,258.0,0.5696798493408662,0.24293785310734464,2.965686274509804,560.0,1.0,1.0,0.0301,1.66,0.0828125,0.9745762711864406,0.0,PORT_SCAN
80.893,148.0,1649.0,175514.0,106.43662825955124,20.384952962555474,2169.705660563955,501.0,857.0,92.0,483.0,0.30382049727107335,0.2929047907822923,0.5845974329054843,1.0,1.0,1.0,0.2396,11.14,0.8513513513513513,1.0,0.0,BRUTE_FORCE
14.671,285.0,3775.0,508202.0,134.6230463576159,257.3103401267807,34639.901847181514,457.0,1382.0,521.0,490.0,0.12105960264900663,0.12980132450331125,0.3306801736613603,3.0,1.0,1.0,0.9449,13.25,0.9614035087719298,1.0,0.0,BRUTE_FORCE
18.997,1342.0,117023.0,64252067.0,549.0550319168027,6160.077907037953,3382221.7718587145,25024.0,31204.0,1508.0,0.0,0.213838305290413,0.0,0.8019484681451096,3.0,1.0,1.0,3.5766,87.2,0.0,0.9452928056877707,0.0,DOS_DDOS
8.966,6.0,1006.0,763637.0,759.0825049701789,112.201650680348,85170.31006022754,11.0,683.0,11.0,0.0,0.010934393638170975,0.0,0.016105417276720352,1.0,3.0,1.0,1.3474,167.67,0.0,0.9990059642147118,0.008946322067594433,BENIGN
9.834,5.0,2987.0,489125.0,163.75125544024104,303.7421191783608,49738.153345535895,9.0,2426.0,7.0,0.0,0.003013056578506863,0.0,0.003709810387469085,4.0,3.0,1.0,0.5087,597.4,0.0,0.9695346501506529,0.003013056578506863,BENIGN
11.686,7.0,4265.0,2986776.0,700.2991793669402,364.9666267328427,255585.82919733014,13.0,3562.0,12.0,1.0,0.0030480656506447833,0.00023446658851113716,0.0036496350364963502,4.0,1.0,2.0,0.8339,609.29,0.0,0.8485345838218054,0.01735052754982415,BENIGN
16.496,181354.0,231075.98164680143,14234885.0,61.60261615487998,14008.000827279428,862929.4980601359,183793.0,47281.0,0.0,13006.0,0.7953790726763059,0.05628451692517144,3.8872485776527568,1.0,1.0,1.0,0.003,1.27,0.0,0.9999957518440712,0.0,SYN_FLOOD
11.202,320.0,3567.0,252204.0,70.70479394449117,318.42528119978573,22514.19389394751,533.0,1307.0,213.0,1368.0,0.14942528735632185,0.383515559293524,0.40780413159908185,2.0,1.0,1.0,1.4604,11.15,0.975,1.0,0.0,BRUTE_FORCE
43.752,57.0,672.0,81817.0,121.7514880952381,15.359297860669226,1870.0173706344851,193.0,273.0,43.0,140.0,0.28720238095238093,0.20833333333333334,0.706959706959707,1.0,1.0,1.0,1.4839,11.79,0.8596491228070176,1.0,0.0,BRUTE_FORCE
59.303,15268.0,877924.0,870237265.0,991.2444186512728,14804.040267777347,14674422.28892299,90499.0,232851.0,2662.0,319976.0,0.10308295478879721,0.3644689061923356,0.38865626516527735,2.0,1.0,1.0,3.0952,57.5,0.0,0.9602300426916225,0.0,DOS_DDOS
157.984,2.0,6.0,300.0,50.0,0.03797852947133887,1.8989264735669433,2.0,3.0,2.0,0.0,0.3333333333333333,0.0,0.6666666666666666,2.0,1.0,1.0,126.3874,3.0,0.0,1.0,0.0,ANOMALY
10.919,135224.0,190320.0,12457630.0,65.45623160992014,17430.16759776536,1140913.0872790548,110808.0,45996.0,0.0,10567.0,0.582219419924338,0.05552227826817991,2.4090790503522044,3.0,1.0,1.0,0.0039,1.41,0.0,1.0,0.0,SYN_FLOOD
34.47,2.0,18110.0,6424411.0,354.7438431805632,525.3843922251233,186376.87844502466,4.0,10827.0,3.0,0.0,0.00022087244616234125,0.0,0.0003694467534866537,5.0,2.0,1.0,1.022,9055.0,0.0,0.9374930977360574,0.014080618442849255,BENIGN
26.15,1441.0,110242.0,69264169.0,628.2920211897462,4215.755258126195,2648725.3919694074,43584.0,26268.0,3368.0,0.0,0.39534841530451187,0.0,1.6592051164915487,4.0,1.0,1.0,0.2653,76.5,0.0,0.9071860089621016,0.0,DOS_DDOS
74.252,155.0,1223.0,260447.0,212.95748160261653,16.470936809782902,3507.6092226472015,150.0,522.0,90.0,365.0,0.12264922322158626,0.29844644317252655,0.28735632183908044,2.0,1.0,1.0,1.8841,7.89,0.9806451612903225,1.0,0.0,BRUTE_FORCE
22.231,7.0,13093.0,11135652.0,850.5042389062858,588.9523638162925,500906.4819396338,14.0,10101.0,17.0,1.0,0.0010692736576796763,7.637668983426258e-05,0.001386001386001386,3.0,1.0,1.0,3.4231,1870.43,0.0,0.8843656915909265,0.01092186664629955,BENIGN
30.215,7.0,2942.0,511415.0,173.83242692046227,97.36885652821447,16925.864636769817,13.0,2256.0,8.0,0.0,0.004418762746430999,0.0,0.00576241134751773,6.0,2.0,2.0,1.5282,420.29,0.0,0.8545207341944255,0.0003399048266485384,BENIGN
4.416,452.0,833.0,48244.0,57.91596638655462,188.63224637681157,10924.81884057971,610.0,43.0,0.0,143.0,0.7322929171668667,0.1716686674669868,14.186046511627907,443.0,1.0,1.0,0.0161,1.84,0.028761061946902654,0.957983193277311,0.0,PORT_SCAN
67.836,473.0,3921.0,487343.0,124.29048712063249,57.80116752166991,7184.135267409635,1168.0,1852.0,245.0,528.0,0.29788319306299416,0.13465952563121653,0.6306695464362851,1.0,1.0,1.0,1.8862,8.29,0.9471458773784355,1.0,0.0,BRUTE_FORCE
10.176,121760.0,144769.0,6627152.0,45.777424724906574,14226.513364779874,651253.1446540881,117206.0,15844.0,0.0,1822.0,0.8096070291291644,0.012585567352126492,7.397500631153749,1.0,1.0,1.0,0.0082,1.19,0.0,1.0,0.0,SYN_FLOOD
132.824,4.0,15.0,819.0,54.6,0.1129313979401313,6.166054327531168,4.0,7.0,4.0,0.0,0.26666666666666666,0.0,0.5714285714285714,4.0,1.0,1.0,106.2595,3.75,0.0,1.0,0.0,ANOMALY
16.341,239561.0,304403.0,17853874.0,58.65209607001245,18628.1745303225,1092581.4821614344,157446.0,15282.0,0.0,13081.0,0.5172288052351652,0.0429726382460094,10.302709069493522,3.0,1.0,1.0,0.0058,1.27,0.0,1.0,0.0,SYN_FLOOD
85.609,447.0,5151.0,1114088.0,216.28576975344592,60.168907474681404,13013.678468385335,1392.0,2886.0,462.0,1670.0,0.2702387885847408,0.324208891477383,0.48232848232848236,3.0,1.0,1.0,1.6499,11.52,0.9530201342281879,1.0,0.0,BRUTE_FORCE
13.93,86530.0,138357.3598624595,7106870.0,51.36604230569961,9932.330212667588,510184.49389806174,112480.0,25875.0,0.0,3976.0,0.8129672329091558,0.028737177436404724,4.347053140096619,1.0,1.0,1.0,0.0087,1.6,0.0,0.9999973990363804,0.0,SYN_FLOOD
13.013,533.0,1089.0,55138.0,50.631772268135904,83.68554522400676,4237.147467916699,805.0,167.0,0.0,534.0,0.7392102846648301,0.4903581267217631,4.820359281437126,411.0,1.0,1.0,0.0401,2.04,0.09943714821763602,0.9513314967860422,0.0,PORT_SCAN
39.974,793.0,1488.0,117381.0,78.8850806451613,37.2241957272227,2936.4336818932306,1196.0,93.0,0.0,691.0,0.803763440860215,0.4643817204301075,12.86021505376344,669.0,1.0,1.0,0.0274,1.88,0.021437578814627996,0.9596774193548387,0.0,PORT_SCAN
53.187,3597.0,342487.0,335660737.0,980.0685485872457,6439.299076842086,6310954.500159814,139541.0,93163.0,8901.0,0.0,0.4074344427671707,0.0,1.497815656430128,5.0,1.0,48.0,0.5159,95.21,0.0,0.9821657464370911,0.0,DOS_DDOS
36.964,137.0,5076.0,39452892.0,7772.437352245863,137.32280056270966,1067332.8644086139,1940.0,2058.0,0.0,0.0,0.3821907013396375,0.0,0.9426627793974732,1.0,1.0,1.0,0.3824,37.05,1.0,1.0,0.0,ANOMALY
43.069,132.0,1345.0,123205.0,91.60223048327137,31.228958183380154,2860.642225266433,199.0,593.0,126.0,521.0,0.1479553903345725,0.387360594795539,0.33558178752107926,2.0,1.0,1.0,0.8674,10.19,0.9621212121212122,1.0,0.0,BRUTE_FORCE
83.43,446.0,5129.0,1268452.0,247.3098069799181,61.47668704303008,15203.787606376602,951.0,2405.0,465.0,920.0,0.18541626047962564,0.17937219730941703,0.39542619542619545,3.0,1.0,1.0,1.5561,11.5,0.8923766816143498,1.0,0.0,BRUTE_FORCE
43.698,297.0,1400.0,312914.0,223.51,32.03807954597465,7160.831159320793,402.0,652.0,132.0,527.0,0.28714285714285714,0.37642857142857145,0.6165644171779141,1.0,1.0,1.0,1.8996,4.71,0.9292929292929293,1.0,0.0,BRUTE_FORCE
21.632,382.0,862.0,48421.0,56.172853828306266,39.84837278106509,2238.396819526627,437.0,169.0,0.0,297.0,0.5069605568445475,0.34454756380510443,2.5857988165680474,370.0,1.0,1.0,0.0281,2.26,0.10732984293193717,0.9733178654292344,0.0,PORT_SCAN
5.194,393.0,902.0,79414.0,88.04212860310422,173.66191759722759,15289.564882556797,462.0,77.0,0.0,328.0,0.5121951219512195,0.36363636363636365,6.0,385.0,1.0,1.0,0.0292,2.3,0.0916030534351145,0.958980044345898,0.0,PORT_SCAN
20.327,25.0,77894.0,9594368.0,123.17210568208078,3832.0460471294336,472001.1806956265,429.0,0.0,0.0,291.0,0.00550748453025907,0.0037358461498960124,429.0,2.0,1.0,1.0,0.4977,3115.76,0.0,0.33924307392096953,0.6607440881197525,ANOMALY
13.224,7850.0,206707.0,283046720.0,1369.3136662038537,15631.200846944948,21404016.93889897,68457.0,35235.0,2821.0,0.0,0.3311789150827016,0.0,1.942869306087697,1.0,1.0,1.0,3.0076,26.33,0.0,0.9447430420837224,0.0,DOS_DDOS
16.812,899.0,2052.0,158668.0,77.32358674463937,122.05567451820127,9437.782536283607,1805.0,213.0,0.0,676.0,0.8796296296296297,0.32943469785575047,8.474178403755868,801.0,1.0,1.0,0.0096,2.28,0.09899888765294772,0.9790448343079922,0.0,PORT_SCAN
9.837,7.0,1588.0,1173158.0,738.7644836272041,161.4313306902511,119259.73365863577,16.0,1413.0,17.0,1.0,0.010075566750629723,0.0006297229219143577,0.01132342533616419,2.0,3.0,1.0,0.7753,226.86,0.0,0.9162468513853904,0.01952141057934509,BENIGN
39.199,115.0,698.0,94746.0,135.73925501432666,17.806576698385165,2417.0514553942703,170.0,267.0,82.0,77.0,0.24355300859598855,0.11031518624641834,0.6367041198501873,2.0,1.0,1.0,0.1787,6.07,0.8608695652173913,1.0,0.0,BRUTE_FORCE
11.853,1471.0,3703.0,226891.0,61.27221172022684,312.41036024635116,19142.073736606766,2699.0,913.0,0.0,1208.0,0.7288684850121523,0.3262219821766136,2.9561883899233297,1140.0,1.0,1.0,0.0241,2.52,0.024473147518694765,0.9773156899810964,0.0,PORT_SCAN
58.709,11747.0,855972.0,991762537.0,1158.638994032515,14579.911086886166,16892853.514793303,335805.0,184384.0,27362.0,0.0,0.3923083932652003,0.0,1.821226353696633,3.0,1.0,1.0,3.1775,72.87,0.0,0.9145591210927461,0.0,DOS_DDOS
44.263,56516.0,234564.0,42776131.0,182.36443358742176,5299.324492239568,966408.3094232203,39734.0,25931.0,6455.0,0.0,0.1693951330980031,0.0,1.5322972503952799,1.0,1.0,14.0,0.6501,4.15,0.0,0.9151574836718337,0.0,DOS_DDOS
7.394,10.0,873.0,642742.0,736.2451317296678,118.06870435488233,86927.50879091155,20.0,787.0,10.0,0.0,0.022909507445589918,0.0,0.025412960609911054,3.0,3.0,1.0,0.8429,87.3,0.0,0.852233676975945,0.002290950744558992,BENIGN
20.206,18450.0,48344.0,10656815.0,220.4371793811021,2392.5566663367317,527408.4430367218,23199.0,2770.0,1708.0,12855.0,0.4798734072480556,0.2659068343537978,8.375090252707581,5.0,1.0,1.0,1.237,2.62,0.0,0.9390617243091179,0.0,DOS_DDOS
19.07,121375.0,144343.85336255626,6887165.0,47.71360081888029,7569.15854024941,361151.80912427895,117339.0,27002.0,0.0,9093.0,0.8129130355504179,0.06299540845123915,4.345566995037404,3.0,1.0,133.0,0.0092,1.19,0.0,0.999994087988256,0.0,SYN_FLOOD
54.259,186.0,13865.0,127705999.0,9210.674287774973,255.53364418806098,2353637.166184412,5175.0,4137.0,0.0,0.0,0.3732419761990624,0.0,1.2509064539521393,1.0,1.0,1.0,0.3967,74.54,1.0,1.0,0.0,ANOMALY
57.017,88.0,12763.0,99593306.0,7803.28339732038,223.84551975726538,1746730.0278864198,5940.0,5901.0,0.0,0.0,0.4654078194781791,0.0,1.0066090493136757,1.0,1.0,1.0,0.1231,145.03,1.0,1.0,0.0,ANOMALY
21.832,311745.0,447220.4067709667,24742984.0,55.326151547175556,20484.628379029255,1133335.6540857456,354982.0,92237.0,0.0,16596.0,0.7937517935799284,0.03710921896392632,3.848585708555135,3.0,1.0,1.0,0.005,1.43,0.0,0.9999990904463201,0.0,SYN_FLOOD
9.494,6.0,1473.0,1014712.0,688.8744059742023,155.15062144512325,106879.29218453761,14.0,1272.0,7.0,0.0,0.009504412763068567,0.0,0.0110062893081761,1.0,1.0,1.0,0.3677,245.5,0.0,0.8906992532247114,0.018329938900203666,BENIGN
16.022,9.0,5897.0,1917188.0,325.11243004917753,368.05642241917366,119659.71788790415,20.0,5538.0,15.0,0.0,0.003391555027980329,0.0,0.0036114120621162874,2.0,2.0,1.0,2.9042,655.22,0.1111111111111111,0.9974563337290148,0.004069866033576394,BENIGN
21.979,156.0,4526.0,35854205.0,7921.830534688466,205.9238363892807,1631293.7349287958,2161.0,1778.0,0.0,0.0,0.4774635439681838,0.0,1.2154105736782903,1.0,1.0,1.0,0.1592,29.01,1.0,1.0,0.0,ANOMALY
41.426,160402.0,254925.0,18885162.0,74.08124742571344,6153.744025491237,455877.0337469222,70319.0,76095.0,8587.0,67398.0,0.27584191428851623,0.26438364224771993,0.9240948813982521,1.0,1.0,1.0,2.242,1.59,0.0,0.9950612925370207,0.0,DOS_DDOS
22.029,30.0,218.0,35774.0,164.10091743119267,9.89604612102229,1623.950247401153,62.0,106.0,15.0,55.0,0.28440366972477066,0.25229357798165136,0.5849056603773585,2.0,1.0,1.0,2.3365,7.27,0.9333333333333333,1.0,0.0,BRUTE_FORCE
18.508,106877.0,484316.0,67947856.0,140.296533668101,26167.927382753405,3671269.505078885,212987.0,118505.0,8018.0,0.0,0.43976866343461707,0.0,1.797282815071094,4.0,1.0,1.0,3.1667,4.53,0.0,0.9829037240148993,0.0,DOS_DDOS
15.15,3768.0,113208.0,55948091.0,494.20616034202527,7472.475247524752,3692943.300330033,50391.0,10645.0,2017.0,11132.0,0.4451187195251219,0.09833227333757331,4.733771723813997,3.0,1.0,1.0,3.7774,30.04,0.0,0.9664246343014627,0.0,DOS_DDOS
12.787,370.0,553.0,33492.0,60.56419529837251,43.24704778290451,2619.2226480018767,13.0,92.0,403.0,0.0,0.023508137432188065,0.0,0.14130434782608695,370.0,1.0,1.0,0.007,1.49,0.0,1.0,0.0,ANOMALY
17.084,274454.0,299267.0,19565352.0,65.37757921855734,17517.38468742683,1145244.205104191,153600.0,42569.0,0.0,19075.0,0.5132540507306185,0.06373906912556346,3.6082595315840167,2.0,1.0,1.0,0.006,1.09,0.0,1.0,0.0,SYN_FLOOD
16.016,9.0,44408.0,5014177.0,112.91156998738965,2772.727272727273,313072.98951048957,2046.0,0.0,0.0,325.0,0.04607277967933705,0.007318501170960188,2046.0,1.0,3.0,1.0,0.3146,4934.22,0.0,0.4318816429472167,0.5680958385876419,ANOMALY
16.839,121296.0,184297.573595603,12637298.0,68.57007259210874,10944.68635878633,750477.9381198409,156021.0,28274.0,0.0,11827.0,0.8465711021369756,0.06417338963968959,5.518179245950343,3.0,1.0,1.0,0.0076,1.52,0.0,0.9999968876660077,0.0,SYN_FLOOD
26.372,398024.0,498681.79296362924,28551623.0,57.25419175687126,18909.517403444155,1082649.1354466858,376323.0,122357.0,0.0,8579.0,0.7546355317356587,0.017203355167662394,3.0756147993167535,2.0,1.0,1.0,0.0026,1.25,0.0,0.9999984098805281,0.0,SYN_FLOOD
217.564,1.0,14.0,1101.0,78.64285714285714,0.064348881248736,5.060579875347025,1.0,7.0,1.0,0.0,0.07142857142857142,0.0,0.14285714285714285,1.0,1.0,1.0,174.0509,14.0,0.0,1.0,0.0,ANOMALY
34.871,1424.0,168748.0,130959462.0,776.0652689217058,4839.207364285509,3755540.7645321325,62492.0,38869.0,4877.0,0.0,0.37032735202787587,0.0,1.6077593969487252,4.0,1.0,1.0,0.9293,118.5,0.0,0.901296607959798,0.0,DOS_DDOS
23.975,44.0,789.0,145294.0,184.14955640050698,32.909280500521376,6060.229405630865,192.0,252.0,71.0,205.0,0.24334600760456274,0.2598225602027883,0.7619047619047619,1.0,1.0,1.0,1.6705,17.93,0.8636363636363636,1.0,0.0,BRUTE_FORCE
57.146,478324.0,589423.0,60712245.0,103.00284345877239,10314.335211563364,1062405.8551779652,111670.0,155447.0,9580.0,56427.0,0.18945646844456357,0.09573260629463051,0.7183798979716559,3.0,1.0,1.0,0.6365,1.23,0.0,0.9229992721695625,0.0,DOS_DDOS
15.05,172.0,319.0,20877.0,65.44514106583073,21.196013289036543,1387.1760797342192,182.0,40.0,0.0,75.0,0.5705329153605015,0.23510971786833856,4.55,138.0,1.0,1.0,0.0395,1.85,0.06395348837209303,0.9623824451410659,0.0,PORT_SCAN
29.864,1506.0,70544.0,42637254.0,604.4065264232253,2362.175194213769,1427714.1039378515,10715.0,15468.0,2814.0,7482.0,0.1518910183715128,0.10606146518484917,0.6927204551331781,1.0,1.0,1.0,2.0067,46.84,0.0,0.9773332955318667,0.0,DOS_DDOS
248.235,2.0,10.0,760.0,76.0,0.0402844079199146,3.061615001913509,2.0,5.0,2.0,0.0,0.2,0.0,0.4,2.0,1.0,1.0,198.5883,5.0,0.0,1.0,0.0,ANOMALY
13.324,512.0,33149.0,28280554.0,853.1344535280099,2487.9165415791053,2122527.3191233864,6710.0,8208.0,800.0,9738.0,0.20241937916679237,0.2937645177833419,0.817495126705653,2.0,1.0,1.0,0.7922,64.74,0.0,0.9134212193429666,0.0,DOS_DDOS
36.144,155.0,1831.0,13682231.0,7472.545603495358,50.6584772023019,378547.7810978309,673.0,765.0,0.0,0.0,0.3675587110868378,0.0,0.8797385620915033,1.0,1.0,1.0,0.1309,11.81,1.0,1.0,0.0,ANOMALY
26.439,224373.0,327516.0,23630501.0,72.15067660816571,12387.609213661635,893774.3863232346,175343.0,90244.0,0.0,5885.0,0.5353723176882962,0.0179685877941841,1.9429878994725411,3.0,1.0,1.0,0.0013,1.46,0.0,1.0,0.0,SYN_FLOOD
30.521,5.0,5685.0,1145360.0,201.47053649956024,186.265194456276,37526.94865830084,12.0,3581.0,7.0,0.0,0.0021108179419525065,0.0,0.003351019268360793,4.0,1.0,1.0,4.4737,1137.0,0.0,0.859806508355321,0.0007036059806508355,BENIGN
13.61,497.0,1029.0,86666.0,84.22351797862002,75.60617193240265,6367.817781043351,550.0,173.0,0.0,186.0,0.5344995140913509,0.18075801749271136,3.179190751445087,390.0,1.0,1.0,0.0044,2.07,0.07243460764587525,0.9523809523809523,0.0,PORT_SCAN
16.876,621.0,72831.0,73373922.0,1007.4545454545455,4315.655368570751,4347826.617681915,32660.0,4101.0,686.0,7650.0,0.44843541898367456,0.10503768999464513,7.963911241160693,5.0,1.0,1.0,0.8452,117.28,0.0,0.9620765882659856,0.0,DOS_DDOS
21.672,132.0,305.99085619681256,21687.0,70.87466687583297,14.119179411074777,1000.6921373200443,231.0,73.0,0.0,156.0,0.75492451921969,0.5098191558366737,3.164383561643836,131.0,1.0,1.0,0.0349,2.32,0.06060606060606061,0.9934937395791591,0.0,PORT_SCAN
11.589,133606.0,177677.0,7910210.0,44.520168620586794,15331.521270169987,682561.912158081,130076.0,46378.0,0.0,10160.0,0.7320925049387371,0.05718241528166279,2.804691879770581,3.0,1.0,1.0,0.0047,1.33,0.0,1.0,0.0,SYN_FLOOD
21.414,327681.0,374503.0,22099181.0,59.00935640034926,17488.69898197441,1031996.8712057532,267406.0,93123.0,0.0,25464.0,0.7140289930921782,0.0679941148669036,2.871535496064345,2.0,1.0,1.0,0.0049,1.14,0.0,1.0,0.0,SYN_FLOOD
37.806,28.0,157.0,36512.0,232.56050955414014,4.1527799820134375,965.7726286832778,37.0,81.0,8.0,47.0,0.2356687898089172,0.29936305732484075,0.4567901234567901,3.0,1.0,1.0,2.4167,5.61,0.8928571428571429,1.0,0.0,BRUTE_FORCE
38.663,1067.0,2156.0,168608.0,78.20408163265306,55.763908646509584,4360.965263947443,1571.0,310.0,0.0,851.0,0.7286641929499073,0.39471243042671617,5.067741935483871,981.0,1.0,1.0,0.0317,2.02,0.07591377694470477,0.9800556586270872,0.0,PORT_SCAN
51.934,193.0,13392.0,98823577.0,7379.299357825567,257.8657526861016,1902868.5832017562,5628.0,2740.0,0.0,0.0,0.42025089605734767,0.0,2.054014598540146,1.0,1.0,1.0,0.255,69.39,1.0,1.0,0.0,ANOMALY
81.085,432.0,6590.0,467364.0,70.92018209408194,81.2727384843066,5763.877412591725,1684.0,2505.0,455.0,1919.0,0.2555386949924128,0.2911987860394537,0.6722554890219561,3.0,1.0,1.0,1.4849,15.25,0.8888888888888888,1.0,0.0,BRUTE_FORCE
49.043,3.0,28087.0,22164892.0,789.151279951579,572.7015068409355,451948.1271537223,7.0,15666.0,4.0,2.0,0.0002492256203937765,7.120732011250757e-05,0.00044682752457551384,6.0,2.0,1.0,4.99,9362.33,0.0,0.9749706269804536,0.003239933065119094,BENIGN
74.869,77.0,1085.0,259754.0,239.40460829493088,14.49197932388572,3469.446633453098,333.0,436.0,146.0,135.0,0.3069124423963134,0.12442396313364056,0.7637614678899083,3.0,1.0,1.0,2.474,14.09,0.935064935064935,1.0,0.0,BRUTE_FORCE
17.038,367820.0,537357.1559147565,29121884.0,54.19465187994955,31538.746091956597,1709231.365183707,400050.0,137305.0,0.0,39875.0,0.7444769193014372,0.07420576717196553,2.9135865409125667,1.0,1.0,1.0,0.008,1.46,0.0,0.999999709848925,0.0,SYN_FLOOD
73.995,381.0,4028.0,435028.0,108.00099304865938,54.43611054801,5879.153996891681,805.0,2140.0,308.0,1181.0,0.19985104270109236,0.2931976166832175,0.37616822429906543,3.0,1.0,1.0,1.9649,10.57,0.884514435695538,1.0,0.0,BRUTE_FORCE
37.851,45875.0,168551.0,34173921.0,202.7512206987796,4453.013130432485,902853.8479828803,29445.0,14002.0,5455.0,0.0,0.17469489946663028,0.0,2.102913869447222,5.0,1.0,1.0,2.803,3.67,0.0,0.9829428481587176,0.0,DOS_DDOS
28.769,246584.0,273248.0,18345654.0,67.13920687434126,9498.001320866211,637688.275574403,141471.0,56070.0,0.0,2247.0,0.5177384646914158,0.008223298981145334,2.5231139646869982,2.0,1.0,76.0,0.005,1.11,0.0,1.0,0.0,SYN_FLOOD
5.716,11.0,2613.0,468575.0,179.32453119020283,457.13785864240725,81976.0321903429,27.0,1560.0,11.0,0.0,0.010332950631458095,0.0,0.01730769230769231,4.0,1.0,2.0,1.407,237.55,0.0,0.9131266743207042,0.007654037504783774,BENIGN
18.702,478815.0,553857.0,30055597.0,54.26598742996838,29614.854026307345,1607079.296331943,336191.0,74461.0,0.0,26202.0,0.6069996407014807,0.04730824021362915,4.514994426612589,2.0,1.0,1.0,0.0094,1.16,0.0,1.0,0.0,SYN_FLOOD
20.676,24.0,100666.0,13860182.0,137.68483897244352,4868.73669955504,670351.2284774618,4443.0,0.0,0.0,803.0,0.04413605388115153,0.007976874019033239,4443.0,3.0,3.0,1.0,0.3636,4194.42,0.0,0.5191723123994199,0.48081775375995867,ANOMALY
78.708,468.0,6048.0,1152727.0,190.5963955026455,76.8409818569904,14645.614168826549,2070.0,3252.0,440.0,1476.0,0.34226190476190477,0.24404761904761904,0.6365313653136532,1.0,1.0,1.0,1.0652,12.92,0.8910256410256411,1.0,0.0,BRUTE_FORCE
25.093,83436.0,164478.0,12695471.0,77.18643830785881,6554.7363806639305,505936.75527039415,43437.0,40612.0,6422.0,0.0,0.2640900302776055,0.0,1.0695607209691718,3.0,1.0,1.0,2.4971,1.97,0.0,0.9116295188414256,0.0,DOS_DDOS
3.491,10.0,219.5115712923837,41168.0,187.54364408956508,62.879281378511514,11792.60956745918,20.0,198.0,17.0,3.0,0.09111137003962547,0.013666705505943821,0.10101010101010101,5.0,2.0,1.0,0.2355,21.95,0.1,0.9703360909220113,0.013666705505943821,BENIGN
9.721,11.0,2602.0,1614462.0,620.4696387394312,267.6679353975928,166079.82717827384,26.0,1665.0,23.0,0.0,0.009992313604919293,0.0,0.015615615615615615,4.0,2.0,2.0,0.7901,236.55,0.0,0.8497309761721753,0.014604150653343582,BENIGN
12.778,707104.0,1121312.5139513048,69953122.0,62.38503640122387,87753.36625068905,5474496.947879167,909640.0,211671.0,0.0,21831.0,0.8112279036239337,0.019469148634640186,4.2974238322680005,2.0,1.0,1.0,0.0086,1.59,0.0,0.9999995416520386,0.0,SYN_FLOOD
34.713,365.0,515.0,38649.0,75.04660194174757,14.835940425777085,1113.386915564774,232.0,50.0,0.0,79.0,0.45048543689320386,0.1533980582524272,4.64,333.0,1.0,1.0,0.0089,1.41,0.07671232876712329,0.9553398058252427,0.0,PORT_SCAN
37.186,4198.0,310406.0,179983638.0,579.8329864757769,8347.388802237401,4840091.37847577,113968.0,19374.0,11899.0,50185.0,0.36715785133019335,0.16167535421351392,5.882522968927429,2.0,1.0,7.0,0.297,73.94,0.0,0.9353008640296901,0.0,DOS_DDOS
50.405,5.0,23339.0,19257985.0,825.1418227002014,463.02946136296003,382064.9737129253,10.0,18988.0,8.0,0.0,0.00042846737220960627,0.0,0.0005266484095218032,1.0,3.0,2.0,5.3038,4667.8,0.0,0.9848322550237799,0.01641030035562792,BENIGN
20.265,612452.0,910396.0,40104788.0,44.052025711888014,44924.54971625956,1979017.4191956576,500863.0,203452.0,0.0,4957.0,0.5501594910346707,0.005444883325497915,2.4618239191553783,3.0,1.0,1.0,0.0069,1.49,0.0,1.0,0.0,SYN_FLOOD
21.025,689290.0,805987.0,46513337.0,57.709785641703895,38334.69678953627,2212287.134363853,602399.0,21942.0,0.0,57582.0,0.7474053551732224,0.07144283964877846,27.454151854890164,1.0,1.0,40.0,0.0016,1.17,0.0,1.0,0.0,SYN_FLOOD
26.055,364.0,5528.0,760247.0,137.5265918958032,212.1665707157935,29178.545384763,1270.0,3262.0,639.0,713.0,0.229739507959479,0.1289797395079595,0.3893316983445739,3.0,1.0,1.0,1.1285,15.19,0.9532967032967034,1.0,0.0,BRUTE_FORCE
29.738,377.0,6014.0,951712.0,158.24941802460924,202.23283341179635,32003.228192884526,856.0,3222.0,583.0,737.0,0.14233455271034254,0.12254738942467576,0.26567349472377405,2.0,1.0,1.0,0.3572,15.95,0.9734748010610079,1.0,0.0,BRUTE_FORCE
6.405,156.0,388.0,29682.0,76.5,60.57767369242779,4634.192037470726,349.0,30.0,0.0,203.0,0.8994845360824743,0.5231958762886598,11.633333333333333,144.0,1.0,1.0,0.0259,2.49,0.11538461538461539,0.9845360824742269,0.0,PORT_SCAN
127.933,4.0,10.0,696.0,69.6,0.07816591497111769,5.440347681989791,4.0,5.0,4.0,0.0,0.4,0.0,0.8,4.0,1.0,1.0,102.3463,2.5,0.0,1.0,0.0,ANOMALY
15.427,174371.0,250570.0,19229022.0,76.7411182503891,16242.302456731704,1246452.4534906333,138032.0,23234.0,0.0,8124.0,0.5508720118130662,0.032422077662928525,5.9409486097959885,3.0,1.0,1.0,0.0032,1.44,0.0,1.0,0.0,SYN_FLOOD
11.801,16566.0,93776.0,18068938.0,192.68190155263608,7946.445216507075,1531136.1749004321,39139.0,9820.0,1893.0,0.0,0.4173669169083774,0.0,3.985641547861507,3.0,1.0,57.0,2.4816,5.66,0.0,0.931293721207985,0.0,DOS_DDOS
31.143,3120.0,336991.0,258983942.0,768.5188684564276,10820.762290081238,8315959.991009216,94408.0,79542.0,8383.0,0.0,0.2801499149828927,0.0,1.186894973724573,4.0,1.0,37.0,1.0367,108.01,0.0,0.9989346896504654,0.0,DOS_DDOS
37.054,11.0,13985.0,4992007.0,356.9543796925277,377.4221406595779,134722.48610136556,26.0,12509.0,24.0,0.0,0.0018591347872720773,0.0,0.002078503477496203,4.0,2.0,1.0,3.0292,1271.36,0.0,0.8121558813013944,0.009939220593493028,BENIGN
11.638,148930.0,220368.0,15318407.0,69.51284669280476,18935.212235779345,1316240.5052414504,189057.0,29477.0,0.0,10568.0,0.8579149422783707,0.04795614608291585,6.413712385928012,3.0,1.0,71.0,0.0075,1.48,0.0,1.0,0.0,SYN_FLOOD
56.366,2257.0,235988.0,328780556.0,1393.2087902774717,4186.708299329383,5832958.80495334,89759.0,13124.0,6309.0,77382.0,0.3803540858009729,0.32790650372052815,6.839302042060347,4.0,1.0,57.0,1.7176,104.56,0.0,0.9143346271844331,0.0,DOS_DDOS
26.084,883.0,1709.0,121578.0,71.1398478642481,65.51909216377857,4661.018248734857,1424.0,114.0,0.0,831.0,0.8332358104154476,0.48624926857811585,12.491228070175438,715.0,1.0,1.0,0.0127,1.94,0.11664779161947905,0.9964891749561147,0.0,PORT_SCAN
5.011,6.0,2032.0,1572522.0,773.878937007874,405.507882658152,313814.0091798044,11.0,1329.0,7.0,0.0,0.0054133858267716535,0.0,0.008276899924755455,6.0,3.0,1.0,0.7641,338.67,0.0,0.9035433070866141,0.01673228346456693,BENIGN
18.478,264853.0,347376.9309083029,22885031.0,65.87953592704451,18799.487547802946,1238501.5153155103,259731.0,87644.0,0.0,22448.0,0.7476921375316118,0.0646214472023348,2.96347724887043,3.0,1.0,1.0,0.005,1.31,0.0,0.9999973201781118,0.0,SYN_FLOOD
14.028,401.0,3519.0,409784.0,116.44899119067917,250.85543199315654,29211.861990305104,812.0,1716.0,371.0,1223.0,0.23074737141233304,0.34754191531685136,0.4731934731934732,1.0,1.0,1.0,2.0043,8.78,0.9875311720698254,1.0,0.0,BRUTE_FORCE
32.358,508.0,631.0,35789.0,56.717908082408876,19.50058718091353,1106.0325112800545,360.0,57.0,0.0,67.0,0.5705229793977813,0.10618066561014262,6.315789473684211,492.0,1.0,1.0,0.0498,1.24,0.0531496062992126,0.9603803486529319,0.0,PORT_SCAN
38.561,601.0,1550.0,119044.0,76.80258064516129,40.196053006924096,3087.1606026814657,857.0,200.0,0.0,685.0,0.5529032258064516,0.44193548387096776,4.285,522.0,1.0,1.0,0.0484,2.58,0.08485856905158069,0.9651612903225807,0.0,PORT_SCAN
24.924,131393.0,273441.0,16790066.0,61.402883985942125,10970.991815117959,673650.5376344086,108026.0,41278.0,5583.0,105923.0,0.3950614574990583,0.3873705845136611,2.617035709094433,5.0,1.0,30.0,2.963,2.08,0.0,0.97766977154121,0.0,DOS_DDOS
6.47,935.0,1653.0,145478.0,88.00846944948579,255.4868624420402,22485.007727975273,764.0,102.0,0.0,849.0,0.46218995765275256,0.5136116152450091,7.490196078431373,756.0,1.0,1.0,0.0328,1.77,0.0374331550802139,0.9679370840895342,0.0,PORT_SCAN
51.094,141.0,1854.0,169827.0,91.60032362459548,36.28606098563432,3323.8149293459114,313.0,656.0,277.0,728.0,0.16882416396979505,0.3926645091693635,0.4771341463414634,3.0,1.0,1.0,1.603,13.15,0.900709219858156,1.0,0.0,BRUTE_FORCE
35.546,30657.0,179657.0,43550340.0,242.4082557317555,5054.211444325662,1225182.5803184607,69293.0,12419.0,4241.0,0.0,0.3856960764122745,0.0,5.579595780658668,2.0,1.0,1.0,0.7667,5.86,0.0,0.9582927467340543,0.0,DOS_DDOS
22.708,5.0,23195.0,15916762.0,686.2152187971545,1021.4461863660384,700931.9182666902,11.0,19845.0,10.0,0.0,0.0004742401379607674,0.0,0.0005542957923910305,6.0,3.0,1.0,3.3299,4639.0,0.0,0.8234102177193361,0.0017245095925846087,BENIGN
28.786,191619.0,285593.0,20608541.0,72.16052564313551,9921.246439241297,715922.3580907385,225497.0,49698.0,0.0,2363.0,0.7895746744493037,0.008274012318229088,4.537345567226045,2.0,1.0,1.0,0.0087,1.49,0.0,1.0,0.0,SYN_FLOOD
26.342,589217.0,715128.0,47682931.0,66.67747731874573,27147.824766532536,1810148.470123757,439794.0,136831.0,0.0,43485.0,0.6149864080276538,0.06080729603651374,3.214140070598037,2.0,1.0,70.0,0.0023,1.21,0.0,1.0,0.0,SYN_FLOOD
18.267,4.0,6659.0,3052669.0,458.42754167292384,364.53714348278316,167113.8665352822,9.0,4750.0,8.0,2.0,0.0013515542874305451,0.0003003453972067878,0.001894736842105263,1.0,2.0,1.0,2.6759,1664.75,0.0,0.9699654602793212,0.00886018921760024,BENIGN
45.438,95606.0,522063.0,73527549.0,140.84037558685446,11489.568202825829,1618195.1010167701,174446.0,94852.0,127.0,193170.0,0.3341474113277516,0.37001281454537094,1.839138868974824,5.0,1.0,1.0,3.1216,5.46,0.0,0.9161921070828617,0.0,DOS_DDOS
12.791,54868.0,57903.0,3954664.0,68.29808472790701,4526.854819795169,309175.51403330464,38189.0,13229.0,0.0,2717.0,0.659534048322194,0.046923302764969,2.8867639277345227,2.0,1.0,1.0,0.0081,1.06,0.0,1.0,0.0,SYN_FLOOD
19.939,356988.0,442108.0,23214493.0,52.50864720837443,22173.0277345905,1164275.6908571143,391809.0,43227.0,0.0,25600.0,0.8862291566766491,0.05790440344893103,9.063987785411895,2.0,1.0,1.0,0.0074,1.24,0.0,1.0,0.0,SYN_FLOOD
18.149,362.0,851.0,60788.0,71.43125734430082,46.88963579260565,3349.385641082153,398.0,74.0,0.0,243.0,0.46768507638072854,0.28554641598119856,5.378378378378378,328.0,1.0,1.0,0.0022,2.35,0.07734806629834254,0.9682726204465335,0.0,PORT_SCAN
16.718,27.0,55204.0,3654700.0,66.20353597565393,3302.0696255532957,218608.68524943176,835.0,0.0,0.0,2151.0,0.0151257155278603,0.03896456778494312,835.0,3.0,3.0,1.0,0.1467,2044.59,0.0,0.1966343018621839,0.8033475835084414,ANOMALY
35.189,55132.0,312908.0,70986239.0,226.85977667557236,8892.210634004945,2017284.9185825116,133496.0,30427.0,8523.0,0.0,0.42663019162181853,0.0,4.387419068590397,5.0,1.0,1.0,2.0256,5.68,0.0,0.9636953992866913,0.0,DOS_DDOS
11.517,469.0,482.0,39751.0,82.47095435684648,41.85117652166363,3451.506468698446,19.0,182.0,296.0,0.0,0.03941908713692946,0.0,0.1043956043956044,469.0,1.0,1.0,0.0263,1.03,0.0,1.0,0.0,ANOMALY
28.33,2492.0,207604.0,131704057.0,634.4003824589122,7328.062124955877,4648925.414754678,26058.0,45041.0,3169.0,0.0,0.1255178127589064,0.0,0.5785395528518461,1.0,1.0,1.0,3.3919,83.31,0.0,0.9055509527754764,0.0,DOS_DDOS
30.668,298.0,426.0,30235.0,70.97417840375587,13.890700404330246,985.8810486500587,306.0,56.0,0.0,164.0,0.7183098591549296,0.38497652582159625,5.464285714285714,295.0,1.0,1.0,0.0398,1.43,0.026845637583892617,0.971830985915493,0.0,PORT_SCAN
22.603,325.0,4963.0,1272343.0,256.3657062260729,219.57262310312788,56290.89058974472,628.0,2041.0,149.0,775.0,0.12653636913157365,0.15615555107797702,0.3076923076923077,3.0,1.0,1.0,1.2368,15.27,0.9723076923076923,1.0,0.0,BRUTE_FORCE
20.155,211991.0,260816.0,13273287.0,50.89138319734985,12940.511039444305,658560.5060778962,150870.0,32188.0,0.0,12683.0,0.5784537758419729,0.04862815164713821,4.687150490866161,3.0,1.0,162.0,0.0022,1.23,0.0,1.0,0.0,SYN_FLOOD
17.47,346.0,420.0,20576.0,48.99047619047619,24.041213508872353,1177.7904979965656,0.0,50.0,308.0,0.0,0.0,0.0,0.0,346.0,1.0,1.0,0.0016,1.21,0.0,1.0,0.0,ANOMALY
48.453,183.0,17798.0,138976858.0,7808.566018653782,367.3250366334386,2868281.798856624,7433.0,5367.0,0.0,0.0,0.41763119451623776,0.0,1.3849450344699088,1.0,1.0,1.0,0.162,97.26,1.0,1.0,0.0,ANOMALY
5.36,63017.0,90366.0,5765128.0,63.797534470929335,16859.328358208953,1075583.5820895522,64928.0,14022.0,0.0,6737.0,0.7185003209171591,0.07455237589358829,4.630437883326202,3.0,1.0,75.0,0.0062,1.43,0.0,1.0,0.0,SYN_FLOOD
21.169,131012.0,157306.0,10383769.0,66.00999961857781,7430.960366573763,490517.6909632009,97532.0,34239.0,0.0,9580.0,0.6200144940434567,0.06090041066456461,2.848564502467946,3.0,1.0,144.0,0.0095,1.2,0.0,1.0,0.0,SYN_FLOOD
36.625,117672.0,478346.0,107778987.0,225.31595748684006,13060.641638225256,2942770.976109215,188661.0,57518.0,7396.0,0.0,0.3944027963022582,0.0,3.2800340762891618,1.0,1.0,53.0,0.7631,4.07,0.0,0.914133284275399,0.0,DOS_DDOS
32.765,5.0,14948.0,8114741.0,542.8646641691196,456.21852586601557,247664.91683198535,12.0,11781.0,12.0,0.0,0.0008027829810008028,0.0,0.0010185892538833714,5.0,1.0,1.0,3.662,2989.6,0.0,0.8576398180358576,0.010971367407010971,BENIGN
4.158,211.0,390.0,27322.0,70.05641025641026,93.79509379509379,6570.94757094757,338.0,37.0,0.0,129.0,0.8666666666666667,0.33076923076923076,9.135135135135135,193.0,1.0,1.0,0.0332,1.85,0.052132701421800945,0.9538461538461539,0.0,PORT_SCAN
17.745,307.0,436.0,21741.0,49.86467889908257,24.570301493378416,1225.1901944209635,314.0,34.0,0.0,190.0,0.7201834862385321,0.43577981651376146,9.235294117647058,241.0,1.0,1.0,0.05,1.42,0.026058631921824105,0.9839449541284404,0.0,PORT_SCAN
5.006,906.0,1856.0,141003.0,75.97144396551724,370.7550938873352,28166.79984019177,1302.0,252.0,0.0,678.0,0.7015086206896551,0.36530172413793105,5.166666666666667,845.0,1.0,1.0,0.0295,2.05,0.07505518763796909,0.9714439655172413,0.0,PORT_SCAN
17.666,246.0,3038.0,602403.0,198.28933508887425,171.96875353786936,34099.56979508661,438.0,1508.0,143.0,1212.0,0.14417379855167872,0.3989466754443713,0.29045092838196285,2.0,1.0,1.0,0.9425,12.35,0.8699186991869918,1.0,0.0,BRUTE_FORCE
20.96,436.0,623.0,44832.0,71.96147672552166,29.72328244274809,2138.9312977099235,12.0,134.0,431.0,0.0,0.019261637239165328,0.0,0.08955223880597014,436.0,1.0,1.0,0.0083,1.43,0.0,1.0,0.0,ANOMALY
46.993,268.0,2629.0,607489.0,231.0722708254089,55.944502372693805,12927.223203455833,653.0,1502.0,263.0,566.0,0.24838341574743247,0.21529098516546216,0.4347536617842876,1.0,1.0,1.0,1.2324,9.81,0.8805970149253731,1.0,0.0,BRUTE_FORCE
36.132,6929.0,703000.0,835853786.0,1188.9812034139402,19456.437506919076,23133338.481124766,174739.0,144036.0,11982.0,0.0,0.24856187766714083,0.0,1.2131619872809576,3.0,1.0,10.0,2.8425,101.46,0.0,0.9829189189189189,0.0,DOS_DDOS
23.099,823.0,1010.0,58367.0,57.78910891089109,43.72483657301182,2526.819342828694,514.0,208.0,0.0,374.0,0.5089108910891089,0.3702970297029703,2.4711538461538463,796.0,1.0,1.0,0.0098,1.23,0.031591737545565005,0.9861386138613861,0.0,PORT_SCAN
198.749,1.0,18.0,759.0,42.166666666666664,0.09056649341631907,3.818887139054788,1.0,9.0,1.0,0.0,0.05555555555555555,0.0,0.1111111111111111,1.0,1.0,1.0,158.999,18.0,0.0,1.0,0.0,ANOMALY
5.868,922.0,1400.0,87396.0,62.425714285714285,238.5821404226312,14893.66053169734,1098.0,272.0,0.0,752.0,0.7842857142857143,0.5371428571428571,4.036764705882353,803.0,1.0,1.0,0.0397,1.52,0.09327548806941431,0.9992857142857143,0.0,PORT_SCAN
56.184,42249.0,190389.0,28820234.0,151.37552064457506,3388.669372063221,512961.5904883953,62966.0,51845.0,1388.0,32815.0,0.33072288840216607,0.17235764671278278,1.2145047738451153,2.0,1.0,1.0,0.553,4.51,0.0,0.9728923414693076,0.0,DOS_DDOS
30.944,932.0,1036.0,54879.0,52.972007722007724,33.47983453981386,1773.4940537745606,515.0,177.0,0.0,300.0,0.4971042471042471,0.28957528957528955,2.9096045197740112,888.0,1.0,1.0,0.0274,1.11,0.09763948497854077,0.9922779922779923,0.0,PORT_SCAN
29.467,393.0,581.0,25678.0,44.19621342512909,19.716971527471408,871.4154817253199,17.0,129.0,361.0,0.0,0.029259896729776247,0.0,0.13178294573643412,393.0,1.0,1.0,0.0189,1.48,0.0,1.0,0.0,ANOMALY
49.315,384.0,6106.0,580993.0,95.15116279069767,123.81628307817095,11781.26330731015,1823.0,2227.0,521.0,587.0,0.29855879462823454,0.09613494923026532,0.8185900314324203,2.0,1.0,1.0,0.6844,15.9,0.9713541666666666,1.0,0.0,BRUTE_FORCE
26.277,878.0,2228.0,122696.0,55.07001795332136,84.78897895497964,4669.330593294516,1340.0,132.0,0.0,655.0,0.6014362657091562,0.29398563734290845,10.151515151515152,827.0,1.0,1.0,0.0413,2.54,0.04100227790432802,0.9905745062836625,0.0,PORT_SCAN
14.488,164563.0,175933.0,14057960.0,79.90519118073358,12143.360022087245,970317.5041413584,155344.0,13286.0,0.0,12753.0,0.8829724952112452,0.0724878220686284,11.692307692307692,2.0,1.0,66.0,0.001,1.07,0.0,1.0,0.0,SYN_FLOOD
34.0,249.0,284.0,24918.0,87.7394366197183,8.352941176470589,732.8823529411765,165.0,32.0,0.0,79.0,0.5809859154929577,0.27816901408450706,5.15625,215.0,1.0,1.0,0.012,1.14,0.07228915662650602,0.9964788732394366,0.0,PORT_SCAN
53.437,5.0,67389.0,55839890.0,828.6202495956313,1261.092501450306,1044966.7833149317,11.0,37337.0,9.0,0.0,0.00016323138791197377,0.0,0.00029461392184696144,1.0,2.0,2.0,4.8003,13477.8,0.0,0.9487601834127232,0.01896451943195477,BENIGN
15.905,1176.0,2308.055451028249,171325.0,74.22915247710965,145.11508651545105,10771.769883684376,1891.0,415.0,0.0,1061.0,0.8193044058614584,0.4596943281961964,4.556626506024096,974.0,1.0,1.0,0.0435,1.96,0.08163265306122448,0.9631484369275632,0.0,PORT_SCAN
63.531,233.0,2717.0,302221.0,111.23334560176666,42.766523429506854,4757.063480820387,835.0,1183.0,394.0,966.0,0.30732425469267577,0.3555391976444608,0.705832628909552,1.0,1.0,1.0,0.4675,11.66,0.9399141630901288,1.0,0.0,BRUTE_FORCE
24.264,128.0,312.0,23714.0,76.00641025641026,12.858555885262117,977.332673920211,142.0,72.0,0.0,77.0,0.4551282051282051,0.2467948717948718,1.9722222222222223,118.0,1.0,1.0,0.0064,2.44,0.078125,0.9935897435897436,0.0,PORT_SCAN
34.883,3086.0,96610.0,121086124.0,1253.3497981575406,2769.543903907347,3471207.2929507205,30762.0,19771.0,3709.0,0.0,0.318414242832005,0.0,1.5559152293763594,4.0,1.0,1.0,1.4275,31.31,0.0,0.9859848876927855,0.0,DOS_DDOS
123.867,1.0,9.0,526.0,58.44444444444444,0.07265857734505558,4.24649018705547,1.0,4.0,1.0,0.0,0.1111111111111111,0.0,0.25,1.0,1.0,1.0,99.0937,9.0,0.0,1.0,0.0,ANOMALY
80.077,194.0,1088.0,236022.0,216.93198529411765,13.586922587010003,2947.438090837569,134.0,448.0,22.0,223.0,0.12316176470588236,0.20496323529411764,0.29910714285714285,2.0,1.0,1.0,1.3779,5.61,0.9536082474226805,1.0,0.0,BRUTE_FORCE
20.62,111819.0,221423.0,49368841.0,222.96166613224463,10738.263821532491,2394221.1930164886,77714.0,51908.0,7802.0,0.0,0.3509752826038849,0.0,1.4971488017261307,3.0,1.0,52.0,2.8949,1.98,0.0,0.9652113827380173,0.0,DOS_DDOS
23.813,1132.0,2177.0,185419.0,85.17179604960955,91.42065258472263,7786.4611766682065,1537.0,482.0,0.0,633.0,0.7060174552135967,0.29076711070280203,3.1887966804979255,920.0,1.0,1.0,0.0199,1.92,0.052120141342756186,0.9885163068442812,0.0,PORT_SCAN
15.809,144.0,233.0,15620.0,67.03862660944206,14.73844012904042,988.0447846163578,110.0,31.0,0.0,103.0,0.4721030042918455,0.44206008583690987,3.5483870967741935,115.0,1.0,1.0,0.0387,1.62,0.020833333333333332,0.9570815450643777,0.0,PORT_SCAN
18.109,280.0,24421.0,18729408.0,766.9386184021948,1348.5559666464187,1034259.6498978408,2456.0,6262.0,763.0,0.0,0.10056918226116866,0.0,0.39220696263174704,2.0,1.0,1.0,0.3104,87.22,0.0,0.9792391793947832,0.0,DOS_DDOS
3.527,13.0,1511.0,892414.0,590.6115155526142,428.40941309895095,253023.53274737735,26.0,894.0,31.0,0.0,0.017207147584381206,0.0,0.029082774049217,5.0,3.0,2.0,0.572,116.23,0.0,0.8318994043679683,0.01588352084712111,BENIGN
7.915,261374.0,314517.0,18859688.0,59.96397015105702,39736.82880606443,2382778.0164245106,167764.0,49039.0,0.0,5338.0,0.5334020100662286,0.01697205556456408,3.4210322396459962,3.0,1.0,1.0,0.0097,1.2,0.0,1.0,0.0,SYN_FLOOD
23.901,949.0,1859.0,151524.0,81.50833781603012,77.77917241956403,6339.651060625079,1276.0,394.0,0.0,342.0,0.6863905325443787,0.18396987627756858,3.238578680203046,947.0,1.0,1.0,0.0027,1.96,0.0779768177028451,0.9693383539537386,0.0,PORT_SCAN
41.113,334.0,5261.0,1236776.0,235.08382436799087,127.9643908252864,30082.358378128574,738.0,2305.0,190.0,702.0,0.14027751378065006,0.13343470823037445,0.32017353579175706,2.0,1.0,1.0,0.3347,15.75,0.9670658682634731,1.0,0.0,BRUTE_FORCE
31.627,683.0,1355.9822522254594,98741.0,72.81879968409963,42.87419774956396,3122.0476175419735,1077.0,277.0,0.0,233.0,0.7942581831232751,0.17183115753734735,3.888086642599278,588.0,1.0,1.0,0.0436,1.99,0.09956076134699854,0.955764721752799,0.0,PORT_SCAN
82.867,383.0,2223.0,495658.0,222.9680611785875,26.826118961709724,5981.3677338385605,689.0,906.0,275.0,657.0,0.30994152046783624,0.29554655870445345,0.760485651214128,3.0,1.0,1.0,1.5584,5.8,0.8798955613577023,1.0,0.0,BRUTE_FORCE
41.456,7.0,60629.0,46069307.0,759.8559600191328,1462.4903512157466,1111282.00984176,14.0,33401.0,9.0,0.0,0.00023091259958105858,0.0,0.00041914912727163855,2.0,2.0,1.0,4.3844,8661.29,0.0,0.8390539180920021,0.005261508519025549,BENIGN
8.963,7.0,3187.0,2467953.0,774.3812362723564,355.5729108557403,275348.9902934286,14.0,2788.0,12.0,0.0,0.004392845936617509,0.0,0.005021520803443328,2.0,2.0,2.0,0.5878,455.29,0.0,0.82616881079385,0.0037652965171007216,BENIGN
40.19,203.0,2147.0,348570.0,162.35211923614347,53.42124906693208,8673.052998258274,613.0,1213.0,171.0,852.0,0.2855146716348393,0.39683278993945037,0.505358615004122,1.0,1.0,1.0,1.9654,10.58,0.9458128078817734,1.0,0.0,BRUTE_FORCE
13.342,494.0,3893.0,512180.0,131.56434626252246,291.78533952930593,38388.5474441613,893.0,1213.0,273.0,357.0,0.22938607757513485,0.09170305676855896,0.7361912613355317,2.0,1.0,1.0,2.3375,7.88,0.9068825910931174,1.0,0.0,BRUTE_FORCE
25.25,255938.0,292957.0,18063627.0,61.65965312315459,11602.257425742575,715391.1683168317,196464.0,34014.0,0.0,12656.0,0.6706240164938881,0.043200879309932855,5.775974598694655,3.0,1.0,180.0,0.0096,1.14,0.0,1.0,0.0,SYN_FLOOD
28.272,46783.0,160358.0,36437171.0,227.22390526197634,5671.972269383135,1288807.6895868704,78358.0,33766.0,3136.0,0.0,0.4886441586949201,0.0,2.3206183735118167,3.0,1.0,6.0,0.0851,3.43,0.0,0.9705409147033512,0.0,DOS_DDOS
26.038,337456.0,451966.57811174233,25847023.0,57.18790780500962,17357.960600343435,992665.4504954298,376151.0,75813.0,0.0,17546.0,0.8322540165945678,0.03882145461574816,4.961563320274887,1.0,1.0,1.0,0.0038,1.34,0.0,0.9999987208971408,0.0,SYN_FLOOD
33.679,193.0,395.0,21034.0,53.25063291139241,11.728376733275928,624.5434840701921,297.0,59.0,0.0,46.0,0.7518987341772152,0.11645569620253164,5.033898305084746,161.0,1.0,1.0,0.0087,2.05,0.025906735751295335,0.9645569620253165,0.0,PORT_SCAN
36.908,234.0,259.0,16213.0,62.5984555984556,7.017448791589899,439.28145659477616,169.0,56.0,0.0,125.0,0.6525096525096525,0.4826254826254826,3.017857142857143,232.0,1.0,1.0,0.0165,1.11,0.06837606837606838,0.9884169884169884,0.0,PORT_SCAN
15.601,10.0,2469.0,382051.0,154.73916565411096,158.25908595602846,24488.878918018076,24.0,2333.0,10.0,0.0,0.009720534629404616,0.0,0.010287183883411917,4.0,2.0,2.0,0.5221,246.9,0.0,0.871607938436614,0.0,BENIGN
49.664,201.0,944.0,152268.0,161.30084745762713,19.007731958762886,3065.9632731958764,245.0,504.0,104.0,198.0,0.2595338983050847,0.2097457627118644,0.4861111111111111,2.0,1.0,1.0,1.5263,4.7,0.9402985074626866,1.0,0.0,BRUTE_FORCE
11.449,585.0,712.0,45272.0,63.58426966292135,62.18883745305267,3954.2318106384837,31.0,176.0,515.0,0.0,0.04353932584269663,0.0,0.17613636363636365,585.0,1.0,1.0,0.0198,1.22,0.0,1.0,0.0,ANOMALY
11.921,10.0,2066.0,564367.0,273.16892545982574,173.30760842211225,47342.25316668065,22.0,1629.0,21.0,0.0,0.010648596321393998,0.0,0.013505217925107428,5.0,1.0,1.0,0.2297,206.6,0.0,0.9109390125847048,0.005808325266214908,BENIGN
20.336,459.0,3452.0,293432.0,85.0034762456547,169.74822974036192,14429.18961447679,718.0,1358.0,344.0,1067.0,0.20799536500579374,0.30909617612977985,0.5287187039764359,2.0,1.0,1.0,1.985,7.52,0.8627450980392157,1.0,0.0,BRUTE_FORCE
65.211,313.0,1447.0,246879.0,170.61437456807187,22.189507905108034,3785.849013203294,313.0,854.0,130.0,243.0,0.21630960608154803,0.16793365583966827,0.3665105386416862,2.0,1.0,1.0,1.9658,4.62,0.8498402555910544,1.0,0.0,BRUTE_FORCE
9.501,745.0,1048.0,80665.0,76.97041984732824,110.30417850752553,8490.158930638881,776.0,61.0,0.0,136.0,0.7404580152671756,0.1297709923664122,12.721311475409836,575.0,1.0,1.0,0.0325,1.41,0.087248322147651,0.9608778625954199,0.0,PORT_SCAN
27.006,21495.0,102607.0,12679816.0,123.57652012045962,3799.4149448270755,469518.47737539804,14520.0,19514.0,442.0,0.0,0.14151081310241992,0.0,0.7440811724915445,1.0,1.0,1.0,3.8162,4.77,0.0,0.990614675412009,0.0,DOS_DDOS
30.188,130.0,8350.0,55885251.0,6692.844431137724,276.59997349940375,1851240.5922883265,3969.0,2678.0,0.0,0.0,0.47532934131736526,0.0,1.4820761762509336,1.0,1.0,1.0,0.2788,64.23,1.0,1.0,0.0,ANOMALY
22.0,181459.0,239537.0,13227257.0,55.2200996088287,10888.045454545454,601238.9545454546,122332.0,58584.0,0.0,11823.0,0.5107018957405328,0.04935771926675211,2.088146934316537,2.0,1.0,1.0,0.0079,1.32,0.0,1.0,0.0,SYN_FLOOD
6.544,5.0,2280.0,1580990.0,693.4166666666666,348.4107579462103,241593.826405868,11.0,1388.0,11.0,1.0,0.004824561403508772,0.0004385964912280702,0.00792507204610951,1.0,2.0,2.0,1.0545,456.0,0.0,0.8732456140350877,0.012719298245614035,BENIGN
12.512,11.0,3674.0,2315926.0,630.355470876429,293.6381074168798,185096.38746803068,28.0,3321.0,11.0,3.0,0.007621121393576484,0.0008165487207403375,0.008431195423065342,4.0,3.0,1.0,4.5323,334.0,0.0,0.9627109417528579,0.011431682090364725,BENIGN
24.306,384080.0,516212.0,22762225.0,44.094722710824236,21238.04821854686,936485.8471159384,320479.0,153034.0,0.0,4335.0,0.6208282643565047,0.00839771256770474,2.0941686161245214,2.0,1.0,1.0,0.0037,1.34,0.0,1.0,0.0,SYN_FLOOD
64.752,322.0,4170.0,857540.0,205.6450839328537,64.39955522609341,13243.451939708428,1104.0,2009.0,575.0,1650.0,0.2647482014388489,0.39568345323741005,0.5495271279243404,3.0,1.0,1.0,2.1604,12.95,0.8633540372670807,1.0,0.0,BRUTE_FORCE
22.353,6.0,25373.0,14928635.0,588.3669648839317,1135.1049076186641,667858.229320449,10.0,18641.0,10.0,1.0,0.0003941197335750601,3.941197335750601e-05,0.0005364519070865297,2.0,2.0,1.0,4.0936,4228.83,0.0,0.8193355141291925,0.018917747211602887,BENIGN
14.635,75265.0,112424.0,8399316.0,74.71105813705259,7681.8585582507685,573919.7813460882,73024.0,14181.0,0.0,3660.0,0.6495410232690528,0.03255532626485448,5.149425287356322,1.0,1.0,1.0,0.0051,1.49,0.0,1.0,0.0,SYN_FLOOD
24.423,443.0,6195.0,1003989.0,162.06440677966103,253.6543422184007,41108.34049871023,1809.0,2628.0,392.0,1718.0,0.29200968523002424,0.27732041969330107,0.6883561643835616,2.0,1.0,1.0,0.6788,13.98,0.8984198645598194,1.0,0.0,BRUTE_FORCE
33.048,5.0,6188.0,1563485.0,252.66402714932127,187.24279835390945,47309.51948680707,9.0,3961.0,10.0,0.0,0.0014544279250161603,0.0,0.0022721534965917697,6.0,2.0,2.0,2.636,1237.6,0.0,0.9738202973497091,0.013897866839043309,BENIGN
14.599,44.0,31333.0,2248288.0,71.7546356876137,2146.2428933488595,154002.87690937734,1532.0,0.0,0.0,1549.0,0.04889413717167204,0.04943669613506527,1532.0,2.0,3.0,1.0,0.1313,712.11,0.0,0.26534324833242906,0.7346248364344301,ANOMALY
33.776,688.0,1357.0,95702.0,70.5246868091378,40.17645665561345,2833.4320227380385,980.0,115.0,0.0,251.0,0.7221812822402358,0.184966838614591,8.521739130434783,533.0,1.0,1.0,0.0366,1.97,0.03924418604651163,0.9734708916728076,0.0,PORT_SCAN
18.979,1145.0,2108.0,125244.0,59.413662239089184,111.0701301438432,6599.083197217978,1564.0,141.0,0.0,1074.0,0.7419354838709677,0.5094876660341556,11.092198581560284,977.0,1.0,1.0,0.0128,1.84,0.09694323144104804,0.961100569259962,0.0,PORT_SCAN
11.493,2.0,5876.0,3456553.0,588.249319264806,511.26772818237185,300752.89306534413,4.0,4656.0,4.0,2.0,0.0006807351940095302,0.0003403675970047651,0.000859106529209622,3.0,3.0,1.0,1.3934,2938.0,0.0,0.9302246426140232,0.01718856364874064,BENIGN
19.453,1001.0,1298.0,68468.0,52.74884437596302,66.72492674651726,3519.662776949571,1145.0,123.0,0.0,367.0,0.8821263482280431,0.2827426810477658,9.308943089430894,888.0,1.0,1.0,0.0358,1.3,0.06293706293706294,0.9699537750385208,0.0,PORT_SCAN
31.665,623.0,653.0,57390.0,87.88667687595712,20.62213800726354,1812.411179535765,22.0,193.0,402.0,0.0,0.033690658499234305,0.0,0.11398963730569948,623.0,1.0,1.0,0.0299,1.05,0.0,1.0,0.0,ANOMALY
26.332,172.0,2681.0,342406.0,127.71577769488997,101.81528178641956,13003.41789457694,375.0,1319.0,111.0,815.0,0.13987318164863857,0.3039910481163745,0.28430629264594387,3.0,1.0,1.0,1.9072,15.59,0.9825581395348837,1.0,0.0,BRUTE_FORCE
25.175,88332.0,274217.0,62064737.0,226.33438845877535,10892.432969215492,2465332.154915591,28448.0,49193.0,1161.0,0.0,0.10374265636339104,0.0,0.5782936596670258,5.0,1.0,26.0,0.863,3.1,0.0,0.97537716480014,0.0,DOS_DDOS
3.426,11.0,298.0,49639.0,166.5738255033557,86.98190309398716,14488.908347927612,20.0,275.0,26.0,0.0,0.06711409395973154,0.0,0.07272727272727272,2.0,2.0,1.0,0.9194,27.09,0.0,0.9463087248322147,0.0,BENIGN
10.323,9.0,1351.0,385026.0,284.99333826794964,130.8728082921631,37297.87852368497,19.0,848.0,18.0,0.0,0.014063656550703183,0.0,0.02240566037735849,4.0,1.0,1.0,0.0535,150.11,0.0,0.8031088082901554,0.014803849000740192,BENIGN
41.309,7.0,22290.0,18916433.0,848.6510991475998,539.5918564961631,457925.22210656275,15.0,17803.0,9.0,0.0,0.0006729475100942127,0.0,0.0008425546256248947,2.0,2.0,1.0,5.4019,3184.29,0.0,0.967205024674742,0.0003589053387169134,BENIGN
4.834,10.0,2232.0,1427481.0,639.5524193548387,461.7294166321887,295300.16549441457,23.0,2035.0,23.0,0.0,0.010304659498207885,0.0,0.011302211302211302,3.0,1.0,2.0,1.0037,223.2,0.0,0.928763440860215,0.0013440860215053765,BENIGN
44.526,23951.0,592895.0,542486617.0,914.979240843657,13315.703184656155,12183591.991196154,175733.0,137287.0,22431.0,0.0,0.2963981818028487,0.0,1.2800410818212942,3.0,1.0,10.0,3.526,24.75,0.0,0.9800116378110796,0.0,DOS_DDOS
127.089,2.0,4.0,284.0,71.0,0.03147400640496031,2.2346544547521816,2.0,1.0,2.0,0.0,0.5,0.0,2.0,2.0,1.0,1.0,101.6711,2.0,0.0,1.0,0.0,ANOMALY
16.431,51.0,31632.0,2927935.0,92.56243677288822,1925.1415008216175,178195.7884486641,385.0,0.0,0.0,885.0,0.012171219018715224,0.027977996965098634,385.0,1.0,1.0,1.0,0.4018,620.24,0.0,0.2713391502276176,0.7286292362164897,ANOMALY
14.875,393182.0,445437.0,34284844.0,76.9690079629667,29945.344537815126,2304863.462184874,274424.0,89901.0,0.0,28896.0,0.6160781434860597,0.06487112655661743,3.052513320207784,2.0,1.0,1.0,0.0023,1.13,0.0,1.0,0.0,SYN_FLOOD
38.017,78.0,12265.0,78276832.0,6382.130615572768,322.61882841886523,2058995.5020122575,6108.0,3082.0,0.0,0.0,0.49800244598450877,0.0,1.981829980532122,1.0,1.0,1.0,0.4812,157.24,1.0,1.0,0.0,ANOMALY
262.62,1.0,10.0,631.0,63.1,0.0380778310867413,2.4027111415733757,1.0,5.0,1.0,0.0,0.1,0.0,0.2,1.0,1.0,1.0,210.0959,10.0,0.0,1.0,0.0,ANOMALY
4.272,6.0,757.0,536555.0,708.7912813738441,177.2003745318352,125598.08052434456,12.0,656.0,6.0,0.0,0.015852047556142668,0.0,0.018292682926829267,6.0,1.0,2.0,0.9235,126.17,0.0,0.9233817701453104,0.0,BENIGN
19.864,569669.0,786650.0,48189344.0,61.258938536833405,39601.79218687072,2425963.753523963,488533.0,113479.0,0.0,2179.0,0.6210296828322633,0.0027699739401258502,4.305052036059536,2.0,1.0,155.0,0.0029,1.38,0.0,1.0,0.0,SYN_FLOOD
6.569,13.0,1533.0,475057.0,309.88714938030006,233.36885370680469,72318.00882934997,31.0,1392.0,14.0,0.0,0.020221787345075015,0.0,0.022270114942528736,4.0,2.0,1.0,0.7628,117.92,0.0,0.8793215916503587,0.0091324200913242,BENIGN
181.446,3.0,11.0,644.0,58.54545454545455,0.06062409752763908,3.549265346163597,3.0,5.0,3.0,0.0,0.2727272727272727,0.0,0.6,3.0,1.0,1.0,145.1566,3.67,0.0,1.0,0.0,ANOMALY
24.485,354683.0,531540.7447852856,42321136.0,79.61974018961709,21708.831724945296,1728451.5417602614,464202.0,67336.0,0.0,26770.0,0.873314048930554,0.05036302534213754,6.893816086491624,3.0,1.0,1.0,0.0041,1.5,0.0,0.9999985988180721,0.0,SYN_FLOOD
59.815,15754.0,923746.0,1158079687.0,1253.6776202549186,15443.383766613726,19361024.609211735,413182.0,60312.0,30737.0,59207.0,0.4472896229049977,0.06409445886639834,6.850742804085423,5.0,1.0,1.0,1.6405,58.64,0.0,0.9090691597040745,0.0,DOS_DDOS
44.46,3892.0,444344.0,416607263.0,937.5782344309814,9994.242015294647,9370383.783175888,148061.0,67165.0,16224.0,0.0,0.33321255603766453,0.0,2.2044368346609096,5.0,1.0,1.0,2.4518,114.17,0.0,0.9279184595718633,0.0,DOS_DDOS
5.801,4.0,379.0,163774.0,432.12137203166225,65.33356317876228,28232.028960524047,9.0,300.0,9.0,2.0,0.023746701846965697,0.005277044854881266,0.03,4.0,2.0,1.0,1.0761,94.75,0.0,0.9868073878627969,0.005277044854881266,BENIGN
12.0,14.0,4744.0,1045024.0,220.28330522765597,395.3333333333333,87085.33333333333,33.0,3240.0,24.0,0.0,0.006956155143338955,0.0,0.010185185185185186,4.0,2.0,2.0,1.3535,338.86,0.0,0.8374789207419899,0.00885328836424958,BENIGN
38.994,7.0,9902.0,6336573.0,639.9286002827712,253.93650305175154,162501.23095860903,17.0,9041.0,17.0,0.0,0.0017168248838618462,0.0,0.0018803229731224422,5.0,3.0,1.0,3.6825,1414.57,0.0,0.8556857200565542,0.019289032518683094,BENIGN
34.68,136.0,2066.0,247018.0,119.56340755082284,59.57324106113033,7122.77970011534,694.0,1018.0,223.0,273.0,0.33591481122942884,0.13213939980638917,0.6817288801571709,1.0,1.0,1.0,0.1375,15.19,0.8970588235294118,1.0,0.0,BRUTE_FORCE
52.919,478.0,2921.0,555601.0,190.209174940089,55.19756609157392,10499.08350497931,665.0,1158.0,128.0,1102.0,0.22766175967134544,0.3772680588839439,0.57426597582038,1.0,1.0,1.0,1.7599,6.11,0.8682008368200836,1.0,0.0,BRUTE_FORCE
29.293,92858.0,314264.0,50041896.0,159.23521625130465,10728.296862731711,1708322.670945277,93138.0,78106.0,10679.0,93796.0,0.2963686581982028,0.2984624392230736,1.1924564053977929,5.0,1.0,1.0,0.0843,3.38,0.0,0.9170379044370338,0.0,DOS_DDOS
19.658,137863.0,203131.0,11853806.0,58.35547503827579,10333.248550208566,603001.6278359955,119791.0,25915.0,0.0,15924.0,0.5897228881854567,0.07839276132151174,4.622458035886552,1.0,1.0,1.0,0.0052,1.47,0.0,1.0,0.0,SYN_FLOOD
24.407,215454.0,303431.0,20080362.0,66.17768784336472,12432.130126603024,822729.6267464252,243765.0,42470.0,0.0,11036.0,0.803362214144237,0.03637070701411524,5.739698610784083,3.0,1.0,1.0,0.0087,1.41,0.0,1.0,0.0,SYN_FLOOD
13.827,769.0,948.0,48874.0,51.5548523206751,68.5615100889564,3534.678527518623,17.0,274.0,784.0,0.0,0.017932489451476793,0.0,0.06204379562043796,769.0,1.0,1.0,0.0189,1.23,0.0,1.0,0.0,ANOMALY
43.701,127.0,1991.0,144849.0,72.75188347564038,45.55959817853138,3314.546577881513,353.0,969.0,218.0,295.0,0.1772978402812657,0.14816675037669513,0.36429308565531476,2.0,1.0,1.0,1.759,15.68,0.952755905511811,1.0,0.0,BRUTE_FORCE
11.988,3.0,4503.0,1255718.0,278.86253608705306,375.6256256256256,104747.91458124793,7.0,3856.0,6.0,0.0,0.001554519209415945,0.0,0.0018153526970954357,2.0,3.0,1.0,3.732,1501.0,0.0,0.931157006440151,0.0008882966910948257,BENIGN
4.264,12.0,831.0,365412.0,439.72563176895306,194.88742964352718,85696.99812382739,25.0,730.0,16.0,0.0,0.030084235860409144,0.0,0.03424657534246575,5.0,2.0,2.0,0.5174,69.25,0.0,0.8796630565583634,0.01444043321299639,BENIGN
64.871,3.0,17.0,1051.0,61.8235294117647,0.26205854696243314,16.20138428573631,3.0,8.0,3.0,0.0,0.17647058823529413,0.0,0.375,3.0,1.0,1.0,51.8967,5.67,0.0,1.0,0.0,ANOMALY
30.009,210.0,1340.0,145579.0,108.6410447761194,44.65327068546103,4851.177979939352,243.0,518.0,169.0,475.0,0.18134328358208956,0.35447761194029853,0.4691119691119691,2.0,1.0,1.0,1.2023,6.38,0.9571428571428572,1.0,0.0,BRUTE_FORCE
35.302,129.0,7244.0,68347978.0,9435.115681943678,205.20083847940626,1936093.6490850376,2323.0,2502.0,0.0,0.0,0.3206791827719492,0.0,0.9284572342126299,1.0,1.0,1.0,0.4815,56.16,1.0,1.0,0.0,ANOMALY
4.814,10.0,2169.0,1469799.0,677.6390041493776,450.56086414624014,305317.6152887412,22.0,1315.0,24.0,0.0,0.010142923005993546,0.0,0.016730038022813688,2.0,3.0,1.0,0.5569,216.9,0.1,0.8423236514522822,0.0013831258644536654,BENIGN
11.831,3.0,5408.0,909810.0,168.2340976331361,457.10421773307417,76900.51559462429,6.0,3534.0,6.0,0.0,0.0011094674556213018,0.0,0.001697792869269949,4.0,3.0,1.0,0.0763,1802.67,0.0,0.8291420118343196,0.019785502958579882,BENIGN
8.176,35.0,63114.0,5113228.0,81.0157492790823,7719.422700587084,625394.8140900196,160.0,0.0,0.0,2445.0,0.002535095224514371,0.03873942389961023,160.0,2.0,3.0,1.0,0.0544,1803.26,0.0,0.26288937478214025,0.7370947808727065,ANOMALY
41.044,4.0,48494.0,24134857.0,497.6874871118076,1181.5125231458924,588023.9986356106,8.0,34807.0,8.0,0.0,0.00016496886212727347,0.0,0.00022983882552360158,4.0,3.0,2.0,5.7212,12123.5,0.0,0.960036293149668,0.01647626510496144,BENIGN
16.574,392.0,3096.0,793150.0,256.1854005167959,186.79860021720765,47855.074212622174,623.0,1357.0,170.0,347.0,0.20122739018087854,0.11208010335917312,0.4591009579955785,2.0,1.0,1.0,1.7958,7.9,0.8954081632653061,1.0,0.0,BRUTE_FORCE
5.088,121.0,157.0,11154.0,71.04458598726114,30.85691823899371,2192.2169811320755,7.0,29.0,81.0,0.0,0.044585987261146494,0.0,0.2413793103448276,121.0,1.0,1.0,0.0236,1.3,0.0,1.0,0.0,ANOMALY
58.703,77.0,1075.0,77603.0,72.18883720930232,18.31252235831218,1321.9596954159072,138.0,463.0,62.0,390.0,0.1283720930232558,0.3627906976744186,0.2980561555075594,1.0,1.0,1.0,1.7137,13.96,0.948051948051948,1.0,0.0,BRUTE_FORCE
27.687,5.0,5355.0,2755737.0,514.6100840336135,193.41207064687399,99531.801928703,9.0,3039.0,8.0,0.0,0.0016806722689075631,0.0,0.0029615004935834156,5.0,3.0,1.0,3.9042,1071.0,0.0,0.8468720821661998,0.01045751633986928,BENIGN
34.703,3.0,49981.0,29446551.0,589.1548988615674,1440.250122467798,848530.4152378757,6.0,31144.0,4.0,0.0,0.00012004561733458714,0.0,0.0001926534806062163,3.0,3.0,1.0,4.8539,16660.33,0.0,0.944378863968308,0.00336127728536844,BENIGN
51.451,4516.0,312416.0,219823974.0,703.625851428864,6072.107442032225,4272491.768867466,59425.0,81507.0,2998.0,0.0,0.1902111287514084,0.0,0.729078484056584,4.0,1.0,50.0,3.6693,69.18,0.0,0.9300547987298986,0.0,DOS_DDOS
17.075,38.0,161.0,17907.0,111.22360248447205,9.428989751098097,1048.7262079062957,51.0,50.0,10.0,32.0,0.3167701863354037,0.19875776397515527,1.02,2.0,1.0,1.0,2.2286,4.24,0.9473684210526315,1.0,0.0,BRUTE_FORCE
79.589,355.0,1658.0,152497.0,91.97647768395657,20.83202452600234,1916.05623892749,393.0,948.0,192.0,544.0,0.23703256936067552,0.3281061519903498,0.41455696202531644,3.0,1.0,1.0,2.2611,4.67,0.9352112676056338,1.0,0.0,BRUTE_FORCE
50.867,9393.0,967420.0,883187863.0,912.931160199293,19018.617178131204,17362688.245817523,309504.0,125490.0,12649.0,0.0,0.31992722912488886,0.0,2.4663638536935215,2.0,1.0,29.0,2.965,102.99,0.0,0.9835738355626304,0.0,DOS_DDOS
23.624,47.0,157509.0,21770015.0,138.21441949348926,6667.329834067051,921521.1225871996,145.0,0.0,0.0,7780.0,0.0009205823159311532,0.04939400288237498,145.0,4.0,2.0,1.0,0.2441,3351.26,0.0,0.22089531391856973,0.7790983372378721,ANOMALY
24.065,804730.0,1158874.0,84659628.0,73.05335006221557,48155.994182422604,3517956.7006025347,675301.0,162186.0,0.0,57516.0,0.5827216763858711,0.04963093485573065,4.163744096284513,2.0,1.0,1.0,0.0099,1.44,0.0,1.0,0.0,SYN_FLOOD
33.356,103.0,241.0,14276.0,59.23651452282158,7.225086940880201,427.98896750209855,141.0,32.0,0.0,74.0,0.5850622406639004,0.3070539419087137,4.40625,100.0,1.0,1.0,0.0072,2.34,0.038834951456310676,0.9875518672199171,0.0,PORT_SCAN
29.335,3921.0,453723.0,231179568.0,509.5169696048029,15466.950741435145,7880673.8708027955,166010.0,84035.0,17878.0,0.0,0.36588403056490415,0.0,1.975486404474326,4.0,1.0,59.0,1.1582,115.72,0.0,0.9371047974204526,0.0,DOS_DDOS
13.973,980.0,1938.0,87215.0,45.00257997936016,138.69605668074144,6241.680383596937,1053.0,113.0,0.0,797.0,0.5433436532507739,0.41124871001031993,9.31858407079646,894.0,1.0,1.0,0.0486,1.98,0.05408163265306123,0.9499484004127967,0.0,PORT_SCAN
10.57,1039.0,115990.0,85120810.0,733.863350288818,10973.509933774834,8053056.764427626,32988.0,23613.0,601.0,0.0,0.28440382791619967,0.0,1.3970270613645026,5.0,1.0,1.0,3.9752,111.64,0.0,0.9008880075868609,0.0,DOS_DDOS
29.476,218901.0,252111.0,13946021.0,55.31698735874278,8553.094042610937,473131.3950332474,147856.0,33450.0,0.0,18552.0,0.586471831851843,0.07358663445863131,4.420209267563528,1.0,1.0,1.0,0.0029,1.15,0.0,1.0,0.0,SYN_FLOOD
19.481,1040.0,1820.0,91210.0,50.11538461538461,93.42436219906575,4681.9978440531795,1179.0,167.0,0.0,775.0,0.6478021978021978,0.4258241758241758,7.059880239520958,907.0,1.0,1.0,0.0456,1.75,0.08173076923076923,0.9521978021978021,0.0,PORT_SCAN
28.691,338782.0,378595.0,29896881.0,78.96797633354905,13195.601408107072,1042029.9397023458,317890.0,45830.0,0.0,16021.0,0.8396571534225228,0.04231698781019295,6.9362862753654815,3.0,1.0,1.0,0.0015,1.12,0.0,1.0,0.0,SYN_FLOOD
93.108,1.0,6.0,332.0,55.333333333333336,0.06444129398118315,3.565751600292134,1.0,3.0,1.0,0.0,0.16666666666666666,0.0,0.3333333333333333,1.0,1.0,1.0,74.4862,6.0,0.0,1.0,0.0,ANOMALY
43.636,409.0,7079.0,1798085.0,254.00268399491455,162.2284352369603,41206.45797048308,961.0,3732.0,655.0,1928.0,0.13575363751942365,0.2723548523802797,0.257502679528403,3.0,1.0,1.0,1.9674,17.31,0.9975550122249389,1.0,0.0,BRUTE_FORCE
66.55,128.0,1450.0,151385.0,104.40344827586208,21.788129226145756,2274.755822689707,453.0,657.0,181.0,388.0,0.3124137931034483,0.2675862068965517,0.6894977168949772,1.0,1.0,1.0,1.483,11.33,0.9765625,1.0,0.0,BRUTE_FORCE
38.302,441.0,1056.0,53139.0,50.32102272727273,27.570361860999427,1387.3688058064854,645.0,97.0,0.0,434.0,0.6107954545454546,0.4109848484848485,6.649484536082475,369.0,1.0,1.0,0.0423,2.39,0.09523809523809523,0.9649621212121212,0.0,PORT_SCAN
4.78,4.0,881.0,416416.0,472.6628830874007,184.30962343096235,87116.31799163179,7.0,834.0,4.0,0.0,0.007945516458569807,0.0,0.008393285371702638,5.0,2.0,1.0,1.1357,220.25,0.0,0.94211123723042,0.0022701475595913734,BENIGN
30.018,7.0,9765.0,5298717.0,542.6233486943164,325.30481710973413,176517.9892064761,14.0,5418.0,8.0,0.0,0.0014336917562724014,0.0,0.002583979328165375,6.0,1.0,1.0,4.9874,1395.0,0.0,0.9040450588837685,0.015873015873015872,BENIGN
7.691,1458.0,2926.0,256416.0,87.63362952836637,380.4446755948511,33339.74775711871,1359.0,209.0,0.0,352.0,0.4644565960355434,0.12030075187969924,6.502392344497608,1157.0,1.0,1.0,0.0225,2.01,0.09122085048010974,0.9497607655502392,0.0,PORT_SCAN
12.461,2.0,4194.0,2132642.0,508.49833094897474,336.57009870796884,171145.33344033384,4.0,3282.0,2.0,0.0,0.0009537434430138292,0.0,0.001218769043266301,2.0,1.0,1.0,0.7105,2097.0,0.0,0.9978540772532188,0.019790176442536958,BENIGN
59.517,21810.0,476952.0,454924147.0,953.81536716483,8013.710368466152,7643600.097451148,223232.0,76496.0,10851.0,0.0,0.46803871249098444,0.0,2.918217946036394,5.0,1.0,17.0,3.2059,21.87,0.0,0.9491206662305641,0.0,DOS_DDOS
13.746,78617.0,99638.0,6723982.0,67.48411248720367,7248.508657063873,489159.1735777681,85078.0,10171.0,0.0,5079.0,0.8538710130673036,0.05097452779060198,8.364762560220234,2.0,1.0,1.0,0.0093,1.27,0.0,1.0,0.0,SYN_FLOOD
77.614,451.0,5666.0,782272.0,138.06424285210025,73.00229340067513,10079.006364831086,701.0,2348.0,611.0,2063.0,0.12372043769855277,0.36410165901870806,0.2985519591141397,2.0,1.0,1.0,1.5075,12.56,0.9201773835920177,1.0,0.0,BRUTE_FORCE
19.946,232590.0,260595.62130818842,13037772.0,50.03066411688141,13065.056718549504,653653.4643537551,197942.0,62652.0,0.0,5558.0,0.7595753106147078,0.0213280636570134,3.159388367490264,1.0,1.0,1.0,0.0056,1.12,0.0,0.9999976158149346,0.0,SYN_FLOOD
26.639,242883.0,323141.99630461255,16554963.0,51.23123329471024,12130.41016196601,621455.8729682046,272675.0,50465.0,0.0,19767.0,0.8438240869904158,0.06117125049065572,5.403249777073219,2.0,1.0,1.0,0.0019,1.33,0.0,0.9999969168210139,0.0,SYN_FLOOD
32.129,820.0,2100.0,159433.0,75.9204761904762,65.36151140713997,4962.277070559308,1190.0,304.0,0.0,498.0,0.5666666666666667,0.23714285714285716,3.914473684210526,743.0,1.0,1.0,0.0408,2.56,0.06829268292682927,0.9680952380952381,0.0,PORT_SCAN
55.651,11715.0,732342.0,929185702.0,1268.7865805866659,13159.547896713446,16696657.777937502,314269.0,118344.0,3661.0,0.0,0.4291287403972461,0.0,2.655554992226053,2.0,1.0,38.0,3.318,62.51,0.0,0.9135403950613238,0.0,DOS_DDOS
27.484,1148.0,2943.0,208889.0,70.97825348284064,107.08048319021975,7600.385678940474,2093.0,301.0,0.0,1361.0,0.7111790689772342,0.4624532789670404,6.953488372093023,1093.0,1.0,1.0,0.0476,2.56,0.09668989547038327,0.9935440027183147,0.0,PORT_SCAN
55.827,5.0,62835.0,37579940.0,598.0733667541975,1125.5306572088775,673149.9095419779,11.0,53668.0,9.0,0.0,0.00017506166945173868,0.0,0.00020496385182976822,5.0,3.0,2.0,3.0697,12567.0,0.0,0.8125089520171879,0.015087132967295297,BENIGN
34.778,169037.0,372601.0,44802221.0,120.24181631289234,10713.69831502674,1288234.5448271898,182928.0,48451.0,7661.0,0.0,0.4909487628857679,0.0,3.7755257889414047,2.0,1.0,1.0,0.6088,2.2,0.0,0.9487011575384929,0.0,DOS_DDOS
12.385,623.0,830.0,71730.0,86.42168674698796,67.01655228098507,5791.683488090432,491.0,66.0,0.0,219.0,0.591566265060241,0.26385542168674697,7.4393939393939394,610.0,1.0,1.0,0.0146,1.33,0.03531300160513644,0.983132530120482,0.0,PORT_SCAN
5.13,7.0,2360.0,1498278.0,634.8635593220339,460.03898635477583,292061.9883040936,12.0,1422.0,13.0,0.0,0.005084745762711864,0.0,0.008438818565400843,5.0,2.0,1.0,1.0386,337.14,0.0,0.8139830508474576,0.000423728813559322,BENIGN
52.163,3934.0,366854.0,250655255.0,683.2561591259738,7032.839368901329,4805230.814945459,175026.0,53268.0,10916.0,32363.0,0.47709988169680584,0.08821765607026229,3.28576255913494,5.0,1.0,58.0,3.9716,93.25,0.0,0.978419207641187,0.0,DOS_DDOS
7.579,8.0,2849.0,915020.0,321.1723411723412,375.9071117561684,120730.96714606149,14.0,1790.0,17.0,0.0,0.004914004914004914,0.0,0.00782122905027933,2.0,2.0,1.0,1.289,356.12,0.0,0.9691119691119691,0.001404001404001404,BENIGN
77.215,394.0,2029.0,385163.0,189.82897979300148,26.277277731010813,4988.188823415139,665.0,744.0,149.0,762.0,0.32774765894529323,0.3755544603252834,0.8938172043010753,3.0,1.0,1.0,1.4419,5.15,0.9746192893401016,1.0,0.0,BRUTE_FORCE
17.974,6.0,7210.0,3649259.0,506.13855755894593,401.1349727383999,203029.8764882608,13.0,4461.0,14.0,0.0,0.0018030513176144243,0.0,0.0029141448105805875,6.0,2.0,1.0,5.4726,1201.67,0.0,0.842995839112344,0.011650485436893204,BENIGN
13.043,725.0,795.0,53707.0,67.5559748427673,60.95223491528023,4117.687648547114,18.0,171.0,558.0,0.0,0.022641509433962263,0.0,0.10526315789473684,725.0,1.0,1.0,0.0175,1.1,0.0,1.0,0.0,ANOMALY
37.169,83.0,161.0,12555.0,77.98136645962732,4.331566628104065,337.7814845704754,74.0,9.0,0.0,21.0,0.45962732919254656,0.13043478260869565,8.222222222222221,74.0,1.0,1.0,0.0129,1.94,0.03614457831325301,0.9503105590062112,0.0,PORT_SCAN
4.215,6.0,2003.0,823896.0,411.33100349475785,475.2075919335706,195467.615658363,14.0,1421.0,6.0,0.0,0.006989515726410384,0.0,0.009852216748768473,5.0,1.0,1.0,0.3758,333.83,0.0,0.9830254618072891,0.016974538192710935,BENIGN
114.499,4.0,7.0,395.0,56.42857142857143,0.061135905117075263,3.4498117887492468,4.0,2.0,4.0,0.0,0.5714285714285714,0.0,2.0,4.0,1.0,1.0,91.599,1.75,0.0,1.0,0.0,ANOMALY
4.65,9.0,1238.0,709408.0,573.0274636510501,266.2365591397849,152560.86021505375,22.0,931.0,20.0,0.0,0.017770597738287562,0.0,0.023630504833512353,5.0,2.0,2.0,0.2359,137.56,0.0,0.9224555735056543,0.004846526655896607,BENIGN
60.135,117.0,2052.0,250732.0,122.18908382066277,34.12322274881517,4169.485324686123,440.0,1046.0,192.0,170.0,0.21442495126705652,0.08284600389863547,0.42065009560229444,1.0,1.0,1.0,2.3861,17.54,0.9316239316239316,1.0,0.0,BRUTE_FORCE
11.958,410.0,547.0,25223.0,46.111517367458866,45.74343535708312,2109.2992139153703,451.0,40.0,0.0,269.0,0.8244972577696527,0.49177330895795246,11.275,367.0,1.0,1.0,0.0164,1.33,0.03170731707317073,0.9835466179159049,0.0,PORT_SCAN
5.605,34561.0,36817.0,1851690.0,50.29442920390037,6568.5994647636035,330363.96074933093,22256.0,1947.0,0.0,391.0,0.6045033544286607,0.01062009397832523,11.430919363122753,2.0,1.0,1.0,0.0084,1.07,0.0,1.0,0.0,SYN_FLOOD
45.527,190.0,3347.0,634130.0,189.46220495966537,73.51681419816812,13928.657719594965,1061.0,1706.0,346.0,593.0,0.3170002987750224,0.17717358828801913,0.6219226260257913,3.0,1.0,1.0,0.1674,17.62,0.9,1.0,0.0,BRUTE_FORCE
47.828,416.0,7217.0,1270700.0,176.07038935845918,150.89487329597725,26568.11909341808,1530.0,2317.0,158.0,997.0,0.211999445753083,0.1381460440626299,0.660336642209754,2.0,1.0,1.0,0.9853,17.35,0.9423076923076923,1.0,0.0,BRUTE_FORCE
32.421,4.0,18272.0,7744815.0,423.8624671628722,563.5853304956664,238882.66864069586,9.0,17350.0,7.0,0.0,0.0004925569176882662,0.0,0.0005187319884726225,5.0,2.0,1.0,3.3221,4568.0,0.0,0.8162215411558669,0.0002736427320490368,BENIGN
50.442,201.0,1222.0,220386.0,180.34860883797054,24.22584354307918,4369.097180920661,247.0,494.0,138.0,361.0,0.20212765957446807,0.29541734860883795,0.5,1.0,1.0,1.0,1.6942,6.08,0.8855721393034826,1.0,0.0,BRUTE_FORCE
5.465,11.0,1157.0,241504.0,208.73292999135697,211.71088746569077,44191.03385178408,21.0,836.0,13.0,0.0,0.018150388936905792,0.0,0.025119617224880382,4.0,3.0,1.0,0.7721,105.18,0.0,0.8150388936905791,0.003457216940363008,BENIGN
57.975,97.0,3714.0,22682948.0,6107.417339795369,64.0620957309185,391253.9542906425,1229.0,1652.0,0.0,0.0,0.330910070005385,0.0,0.7439467312348669,1.0,1.0,1.0,0.2658,38.29,1.0,1.0,0.0,ANOMALY
18.954,350891.0,399320.0,26871240.0,67.29249724531704,21067.848475255883,1417708.1354859131,255384.0,55041.0,0.0,26331.0,0.6395472302914955,0.06593959731543624,4.639886629966752,3.0,1.0,1.0,0.01,1.14,0.0,1.0,0.0,SYN_FLOOD
62.112,68.0,964.0,92044.0,95.48132780082987,15.520350334878929,1481.9036579082947,194.0,543.0,115.0,214.0,0.2012448132780083,0.22199170124481327,0.3572744014732965,1.0,1.0,1.0,1.5161,14.18,0.8970588235294118,1.0,0.0,BRUTE_FORCE
44.26,405.0,2928.0,426723.0,145.7387295081967,66.15454134658835,9641.278807049255,416.0,887.0,79.0,251.0,0.14207650273224043,0.08572404371584699,0.4689966178128523,1.0,1.0,1.0,1.1385,7.23,0.9160493827160494,1.0,0.0,BRUTE_FORCE
43.32,60.0,533.0,83742.0,157.11444652908068,12.303785780240073,1933.1024930747922,175.0,304.0,29.0,134.0,0.32833020637898686,0.25140712945590993,0.5756578947368421,2.0,1.0,1.0,1.0744,8.88,0.85,1.0,0.0,BRUTE_FORCE
57.948,436072.0,1224205.0,156576399.0,127.90047336843094,21125.923241526885,2702015.5829364257,247938.0,167316.0,17430.0,0.0,0.20252980505715953,0.0,1.4818546941117408,5.0,1.0,57.0,1.2719,2.81,0.0,0.9165344039601211,0.0,DOS_DDOS
14.993,587.0,689.0,60082.0,87.20174165457185,45.95477889681852,4007.336757153338,25.0,83.0,455.0,0.0,0.036284470246734396,0.0,0.30120481927710846,587.0,1.0,1.0,0.0125,1.17,0.0,1.0,0.0,ANOMALY
32.124,616.0,1183.0,100428.0,84.89264581572274,36.82604905989291,3126.2607396339185,871.0,133.0,0.0,130.0,0.7362637362637363,0.10989010989010989,6.548872180451128,530.0,1.0,1.0,0.0466,1.92,0.06818181818181818,0.9509721048182587,0.0,PORT_SCAN
23.244,99.0,1192.0,140078.0,117.51510067114094,51.282051282051285,6026.415419032869,325.0,631.0,178.0,347.0,0.2726510067114094,0.2911073825503356,0.5150554675118859,2.0,1.0,1.0,0.9839,12.04,0.8484848484848485,1.0,0.0,BRUTE_FORCE
34.792,958.0,1515.0,124014.0,81.85742574257426,43.54449298689354,3564.440101172683,762.0,275.0,0.0,396.0,0.502970297029703,0.2613861386138614,2.770909090909091,863.0,1.0,1.0,0.0323,1.58,0.10751565762004175,0.9808580858085808,0.0,PORT_SCAN
14.479,50.0,63072.0,5674201.0,89.9638666920345,4356.101940741764,391891.77429380483,1203.0,0.0,0.0,218.0,0.0190734398782344,0.0034563673262303397,1203.0,2.0,1.0,1.0,0.2821,1261.44,0.0,0.37403285134449515,0.625951293759513,ANOMALY
41.611,188.0,764.0,110645.0,144.82329842931938,18.360529667635962,2659.0324673764153,103.0,292.0,89.0,294.0,0.13481675392670156,0.38481675392670156,0.3527397260273973,1.0,1.0,1.0,0.9069,4.06,0.9308510638297872,1.0,0.0,BRUTE_FORCE
39.521,285.0,568.0,33512.0,59.0,14.372105968978518,847.9542521697325,378.0,109.0,0.0,89.0,0.6654929577464789,0.15669014084507044,3.467889908256881,235.0,1.0,1.0,0.008,1.99,0.031578947368421054,0.9507042253521126,0.0,PORT_SCAN
16.602,10.0,1931.0,926739.0,479.92698083894356,116.311287796651,55820.925189736176,20.0,1454.0,14.0,0.0,0.010357327809425169,0.0,0.013755158184319119,4.0,3.0,2.0,0.8032,193.1,0.0,0.9161056447436562,0.009321595028482652,BENIGN
78.901,487.0,6929.0,934808.0,134.91239717130898,87.8189123078288,11847.859976426154,940.0,2252.0,675.0,1611.0,0.13566171164670227,0.23250108240727377,0.41740674955595025,1.0,1.0,1.0,2.4016,14.23,0.9260780287474333,1.0,0.0,BRUTE_FORCE
18.434,285091.0,330661.0,17204307.0,52.030045877802344,17937.56102853423,933292.1232505153,228657.0,86700.0,0.0,4945.0,0.6915148747508778,0.014954893380229298,2.6373356401384083,2.0,1.0,1.0,0.0072,1.16,0.0,1.0,0.0,SYN_FLOOD
26.19,607809.0,785869.0,55240214.0,70.29188579776019,30006.452844597174,2109210.1565483008,568584.0,158412.0,0.0,50702.0,0.7235098979600926,0.06451711417551781,3.589273539883342,3.0,1.0,1.0,0.0038,1.29,0.0,1.0,0.0,SYN_FLOOD
15.981,5.0,15248.0,10256845.0,672.6682187827912,954.1330329766598,641814.9677742319,11.0,10572.0,5.0,0.0,0.0007214060860440713,0.0,0.0010404842981460462,6.0,2.0,1.0,4.6772,3049.6,0.0,0.851718258132214,0.008722455403987408,BENIGN
16.091,144388.0,209078.0,14712510.0,70.36852275227427,12993.474613137778,914331.6139456838,169235.0,18123.0,0.0,3983.0,0.8094347564066999,0.01905030658414563,9.338133863046957,2.0,1.0,1.0,0.0018,1.45,0.0,1.0,0.0,SYN_FLOOD
13.591,74214.0,295837.0,74351846.0,251.32706862224805,21767.125303509678,5470667.7948642485,86792.0,46254.0,7097.0,0.0,0.2933777722191612,0.0,1.8764214986811951,5.0,1.0,1.0,0.9478,3.99,0.0,0.9017567106210514,0.0,DOS_DDOS
28.508,5.0,2439.0,646290.0,264.98154981549817,85.55493194892662,22670.478462186053,9.0,1503.0,11.0,3.0,0.0036900369003690036,0.0012300123001230013,0.005988023952095809,6.0,3.0,2.0,2.7679,487.8,0.0,0.8282082820828208,0.008610086100861008,BENIGN
18.804,301521.0,320296.0,15380110.0,48.0184267052976,17033.397149542652,817916.9325675389,213493.0,78096.0,0.0,22109.0,0.6665490671129205,0.06902677523290957,2.7337251587789386,2.0,1.0,1.0,0.0083,1.06,0.0,1.0,0.0,SYN_FLOOD
52.264,440.0,7128.0,626731.0,87.92522446689114,136.3845094137456,11991.638604010408,1534.0,2766.0,919.0,1486.0,0.21520763187429853,0.2084736251402918,0.5545914678235719,3.0,1.0,1.0,1.7154,16.2,0.9159090909090909,1.0,0.0,BRUTE_FORCE
34.035,366.0,466.0,37237.0,79.9077253218884,13.691787865432644,1094.0796239165566,277.0,74.0,0.0,200.0,0.5944206008583691,0.4291845493562232,3.7432432432432434,302.0,1.0,1.0,0.0095,1.27,0.040983606557377046,0.9871244635193133,0.0,PORT_SCAN
56.405,25147.0,603423.0,458730785.0,760.214285832658,10698.040953816151,8132803.563513873,200779.0,180747.0,6484.0,0.0,0.3327334224913535,0.0,1.11082894875157,5.0,1.0,18.0,2.2974,24.0,0.0,0.9229810597209586,0.0,DOS_DDOS
24.503,167.0,1541.0,174420.0,113.18624269954574,62.890258335713995,7118.312043423254,386.0,760.0,204.0,230.0,0.25048669695003245,0.14925373134328357,0.5078947368421053,2.0,1.0,1.0,1.6347,9.23,0.9281437125748503,1.0,0.0,BRUTE_FORCE
44.064,113.0,14897.0,68818244.0,4619.604215613882,338.07643427741465,1561779.3209876544,6722.0,4956.0,0.0,0.0,0.4512317916358998,0.0,1.3563357546408394,1.0,1.0,1.0,0.269,131.83,1.0,1.0,0.0,ANOMALY
29.309,3.0,9978.0,4455943.0,446.5767688915614,340.44150261011976,152033.26623221536,6.0,8150.0,4.0,0.0,0.0006013229104028864,0.0,0.000736196319018405,6.0,3.0,1.0,4.1887,3326.0,0.0,0.821607536580477,0.013730206454199239,BENIGN
19.571,1133.0,2455.0,191016.0,77.80692464358452,125.44070308108935,9760.15533186858,1202.0,538.0,0.0,468.0,0.4896130346232179,0.19063136456211813,2.2342007434944238,1116.0,1.0,1.0,0.0304,2.17,0.05825242718446602,0.9633401221995926,0.0,PORT_SCAN
20.665,207399.0,270160.0,20765055.0,76.86206322179449,13073.312363900315,1004841.7614323737,202900.0,24504.0,0.0,11013.0,0.7510364228605271,0.04076473201066035,8.280280770486451,2.0,1.0,49.0,0.0068,1.3,0.0,1.0,0.0,SYN_FLOOD
295.525,1.0,15.0,1081.0,72.06666666666666,0.050757127146603506,3.6578969630318925,1.0,7.0,1.0,0.0,0.06666666666666667,0.0,0.14285714285714285,1.0,1.0,1.0,236.4198,15.0,0.0,1.0,0.0,ANOMALY
37.647,182.0,189.0,16592.0,87.78835978835978,5.020320344250538,440.7256886338885,6.0,31.0,106.0,0.0,0.031746031746031744,0.0,0.1935483870967742,182.0,1.0,1.0,0.0253,1.04,0.0,1.0,0.0,ANOMALY
57.428,236.0,2886.0,658302.0,228.1018711018711,50.25423138538692,11463.084209793133,590.0,1645.0,266.0,703.0,0.20443520443520444,0.24358974358974358,0.3586626139817629,1.0,1.0,1.0,1.8675,12.23,0.8728813559322034,1.0,0.0,BRUTE_FORCE
31.973,857.0,1238.0,87518.0,70.69305331179322,38.720170143558626,2737.247052200294,889.0,218.0,0.0,525.0,0.7180936995153473,0.42407108239095315,4.077981651376147,796.0,1.0,1.0,0.0104,1.44,0.11201866977829639,0.9579967689822294,0.0,PORT_SCAN
26.803,1041.0,2482.237663029155,203139.0,81.83704688136224,92.61044148151905,7578.965041226728,1972.0,509.0,0.0,681.0,0.7944444761963302,0.27434923341262724,3.8742632612966603,947.0,1.0,1.0,0.0322,2.38,0.05763688760806916,0.9539779511323073,0.0,PORT_SCAN
31.466,789.0,1987.0,119115.0,59.947156517362856,63.147524311955756,3785.5145236127883,1287.0,461.0,0.0,564.0,0.6477101157523906,0.28384499245093103,2.7917570498915403,696.0,1.0,1.0,0.0072,2.52,0.05576679340937896,0.9667840966280825,0.0,PORT_SCAN
11.613,54871.0,215604.0,41115271.0,190.69809001688282,18565.745285455956,3540452.1656763973,104730.0,36261.0,725.0,0.0,0.48575165581343577,0.0,2.8882270207661125,4.0,1.0,1.0,2.3583,3.93,0.0,0.9653485093040945,0.0,DOS_DDOS
58.053,367086.0,1398810.0,321409380.0,229.7734359920218,24095.395586791383,5536481.835564054,371269.0,136190.0,41030.0,281425.0,0.2654177479428943,0.20118886768038546,2.7261105808062265,4.0,1.0,13.0,2.393,3.81,0.0,0.98325147804205,0.0,DOS_DDOS
39.574,98733.0,189541.0,26193042.0,138.1919584680887,4789.533532117047,661875.0189518371,25941.0,37788.0,6687.0,0.0,0.13686220923177572,0.0,0.6864877738964751,1.0,1.0,57.0,1.0502,1.92,0.0,0.9206873446905947,0.0,DOS_DDOS
89.021,239.0,4061.0,286389.0,70.52179266190593,45.618449579312745,3217.0948427899034,532.0,2411.0,563.0,1354.0,0.1310022162029057,0.3334154149224329,0.22065532973869764,2.0,1.0,1.0,1.6016,16.99,0.9665271966527197,1.0,0.0,BRUTE_FORCE
19.565,177.0,2165.0,355338.0,164.1284064665127,110.65678507538972,18161.9217991311,454.0,878.0,53.0,306.0,0.2096997690531178,0.14133949191685913,0.5170842824601367,1.0,1.0,1.0,0.771,12.23,0.9830508474576272,1.0,0.0,BRUTE_FORCE
29.619,1104.0,131382.0,94641602.0,720.3544016684173,4435.733819507748,3195300.3815118675,13677.0,17059.0,3598.0,0.0,0.10410101840434763,0.0,0.8017468784805675,1.0,1.0,18.0,1.8681,119.01,0.0,0.9644852415094914,0.0,DOS_DDOS
17.923,29106.0,73421.0,11407671.0,155.37340815298074,4096.4682251855165,636482.2295374658,36212.0,16926.0,1715.0,0.0,0.4932103893981286,0.0,2.139430462011107,2.0,1.0,1.0,2.3561,2.52,0.0,0.9520028329769412,0.0,DOS_DDOS
4.824,1285.0,2428.0,190948.0,78.64415156507414,503.31674958540634,39582.918739635155,1725.0,343.0,0.0,744.0,0.7104612850082372,0.30642504118616143,5.029154518950437,1146.0,1.0,1.0,0.0159,1.89,0.04357976653696498,0.9925864909390445,0.0,PORT_SCAN
35.803,8.0,9597.0,4338106.0,452.02730019797855,268.050163394129,121165.99167667514,20.0,5912.0,14.0,0.0,0.002083984578514119,0.0,0.0033829499323410014,6.0,2.0,1.0,2.7247,1199.62,0.0,0.8346358236949046,0.011670313639679067,BENIGN
30.723,1071.0,2352.0,199549.0,84.8422619047619,76.55502392344498,6495.1013898382325,1933.0,280.0,0.0,455.0,0.8218537414965986,0.19345238095238096,6.9035714285714285,971.0,1.0,1.0,0.0318,2.2,0.06535947712418301,0.9936224489795918,0.0,PORT_SCAN
16.732,375.0,483.0,28367.0,58.73084886128365,28.866841979440593,1695.3741333970836,23.0,135.0,298.0,0.0,0.047619047619047616,0.0,0.17037037037037037,375.0,1.0,1.0,0.0157,1.29,0.0,1.0,0.0,ANOMALY
10.564,26.0,16787.0,2017135.0,120.16054089473998,1589.0761075350247,190944.24460431654,262.0,0.0,0.0,444.0,0.015607315184368857,0.026449037946029666,262.0,1.0,3.0,1.0,0.0831,645.65,0.0,0.4067433132781319,0.5931971168165843,ANOMALY
5.959,830.0,1511.0,123312.0,81.60953011250827,253.56603456955867,20693.40493371371,863.0,77.0,0.0,537.0,0.57114493712773,0.3553937789543349,11.207792207792208,706.0,1.0,1.0,0.0053,1.82,0.0927710843373494,0.9814692256783587,0.0,PORT_SCAN
22.79,46506.0,150299.0,12060175.0,80.24121916978822,6594.953927161036,529187.1434839842,40878.0,18048.0,4886.0,45114.0,0.2719778574707749,0.30016167772240665,2.2649601063829787,1.0,1.0,1.0,2.4465,3.23,0.0,0.989354553257174,0.0,DOS_DDOS
21.539,11.0,2626.0,861237.0,327.96534653465346,121.91838061191326,39985.00394632991,19.0,1544.0,18.0,0.0,0.0072353389185072356,0.0,0.012305699481865285,5.0,1.0,1.0,1.4173,238.73,0.0,0.9702970297029703,0.00456968773800457,BENIGN
49.902,4.0,58114.0,42593311.0,732.9268506728155,1164.5625425834635,853539.1567472245,8.0,39859.0,4.0,0.0,0.0001376604604742403,0.0,0.00020070749391605408,2.0,2.0,1.0,5.1471,14528.5,0.0,0.9446777024469147,0.014970575076573631,BENIGN
27.4,2.0,3137.0,886865.0,282.711189034109,114.48905109489051,32367.33576642336,4.0,1926.0,3.0,0.0,0.001275103602167676,0.0,0.0020768431983385254,2.0,3.0,1.0,0.5853,1568.5,0.0,0.9123366273509723,0.009244501115715651,BENIGN
7.176,30848.0,37644.0,2691183.0,71.4903570290086,5245.819397993311,375025.5016722408,32501.0,3074.0,0.0,2506.0,0.8633779619594092,0.0665710338965041,10.572869225764476,1.0,1.0,1.0,0.0025,1.22,0.0,1.0,0.0,SYN_FLOOD
52.625,2.0,75058.0,38511842.0,513.0944336379866,1426.2802850356295,731816.4750593824,5.0,70111.0,2.0,2.0,6.661515094993205e-05,2.664606037997282e-05,7.131548544450942e-05,2.0,3.0,1.0,3.6241,37529.0,0.0,0.8046577313544192,0.0030642969436968743,BENIGN
3.389,11.0,210.0,131076.0,624.1714285714286,61.96518146946002,38676.895839480676,26.0,155.0,19.0,2.0,0.12380952380952381,0.009523809523809525,0.16774193548387098,4.0,2.0,1.0,1.4259,19.09,0.0,0.919047619047619,0.014285714285714285,BENIGN
11.536,992.0,1507.0,87900.0,58.32780358327803,130.63453536754508,7619.625520110957,1174.0,88.0,0.0,237.0,0.7790311877903119,0.15726609157266092,13.340909090909092,775.0,1.0,1.0,0.0453,1.52,0.04133064516129032,0.9860650298606503,0.0,PORT_SCAN
19.86,5.0,5696.0,1904034.0,334.2756320224719,286.8076535750252,95872.80966767372,12.0,4109.0,12.0,3.0,0.002106741573033708,0.000526685393258427,0.0029204185933317107,2.0,1.0,1.0,3.2958,1139.2,0.0,0.9703300561797753,0.011411516853932584,BENIGN
40.459,172927.0,910608.0,87566104.0,96.16223885579744,22506.932944462293,2164317.0617167996,389511.0,125137.0,33111.0,0.0,0.42774827368088136,0.0,3.1126765065488224,5.0,1.0,1.0,3.2212,5.27,0.0,0.9040992391896403,0.0,DOS_DDOS
10.131,125693.0,155543.0,6609753.0,42.49469921500807,15353.173428091994,652428.4868226236,94996.0,25382.0,0.0,996.0,0.6107378666992407,0.006403373986614634,3.742652273264518,2.0,1.0,1.0,0.0039,1.24,0.0,1.0,0.0,SYN_FLOOD
13.243,105659.0,144459.0,11331098.0,78.43815892398536,10908.328928490522,855629.2380880465,85768.0,14470.0,0.0,1364.0,0.5937186329685239,0.009442125447358765,5.927297857636489,1.0,1.0,1.0,0.0017,1.37,0.0,1.0,0.0,SYN_FLOOD
21.273,896.0,72996.0,68254896.0,935.0498109485451,3431.3919052319843,3208522.352277535,19128.0,11442.0,1818.0,0.0,0.26204175571264177,0.0,1.6717357105401154,5.0,1.0,40.0,0.925,81.47,0.0,0.9619842183133323,0.0,DOS_DDOS
86.616,281.0,3290.0,504052.0,153.20729483282676,37.983744342846585,5819.386718389213,691.0,1062.0,466.0,575.0,0.21003039513677813,0.17477203647416414,0.6506591337099812,2.0,1.0,1.0,0.2229,11.71,0.896797153024911,1.0,0.0,BRUTE_FORCE
8.184,31.0,46213.0,3432570.0,74.27715145089044,5646.749755620724,419424.4868035191,2205.0,0.0,0.0,1778.0,0.04771384675307814,0.03847402246121221,2205.0,2.0,2.0,1.0,0.3643,1490.74,0.0,0.4070283253629931,0.5929500357042391,ANOMALY
26.449,199397.0,279425.0,21965781.0,78.61065044287376,10564.671632197815,830495.7087224469,171639.0,15935.0,0.0,9086.0,0.6142578509439026,0.03251677552115952,10.77119548164418,1.0,1.0,1.0,0.0041,1.4,0.0,1.0,0.0,SYN_FLOOD
28.162,8255.0,540274.0,437334633.0,809.4682198291978,19184.50394148143,15529246.2538172,216400.0,64025.0,16963.0,0.0,0.4005375050437371,0.0,3.3799297149550958,5.0,1.0,48.0,0.0836,65.45,0.0,0.9660042867137786,0.0,DOS_DDOS
66.508,3.0,18.0,942.0,52.333333333333336,0.2706441330366272,14.163709628916823,3.0,9.0,3.0,0.0,0.16666666666666666,0.0,0.3333333333333333,3.0,1.0,1.0,53.206,6.0,0.0,1.0,0.0,ANOMALY
26.972,303689.0,450121.0,27442119.0,60.96609356150902,16688.45469375649,1017429.8902565623,270881.0,134114.0,0.0,4206.0,0.6017959615303441,0.009344154127445731,2.0197816782737075,2.0,1.0,1.0,0.0013,1.48,0.0,1.0,0.0,SYN_FLOOD
43.494,40.0,224.0,28486.0,127.16964285714286,5.150135650894376,654.9409113900768,49.0,103.0,9.0,19.0,0.21875,0.08482142857142858,0.47572815533980584,1.0,1.0,1.0,0.3951,5.6,0.925,1.0,0.0,BRUTE_FORCE
21.836,269258.0,388284.0,28719918.0,73.96626695923602,17781.82817365818,1315255.4497160653,220945.0,93603.0,0.0,19743.0,0.569029370254762,0.05084680285564175,2.360447848893732,3.0,1.0,1.0,0.0057,1.44,0.0,1.0,0.0,SYN_FLOOD
26.41,35.0,6819.0,50668904.0,7430.547587622818,258.1976524043923,1918549.9432033321,2954.0,3398.0,0.0,0.0,0.43320134917143277,0.0,0.8693349028840495,1.0,1.0,1.0,0.2306,194.83,1.0,1.0,0.0,ANOMALY
45.285,53.0,8904.0,57624792.0,6471.787061994609,196.62139781384565,1272491.8184829415,2878.0,2268.0,0.0,0.0,0.32322551662174304,0.0,1.2689594356261023,1.0,1.0,1.0,0.2066,168.0,1.0,1.0,0.0,ANOMALY
28.269,148271.0,157904.0,12520220.0,79.29007498226771,5585.765325975451,442895.7515299445,111363.0,22965.0,0.0,9360.0,0.7052576248860067,0.05927652244401662,4.849248856956238,2.0,1.0,1.0,0.0057,1.06,0.0,1.0,0.0,SYN_FLOOD
40.336,26346.0,1045775.0,1269251400.0,1213.6945327627836,25926.591630305436,31466962.51487505,407400.0,123679.0,16613.0,161785.0,0.389567545600153,0.15470344959479812,3.2940111094041833,5.0,1.0,1.0,2.1697,39.69,0.0,0.9385632664770146,0.0,DOS_DDOS
21.184,38.0,17152.0,2288814.0,133.44298041044777,809.667673716012,108044.46752265861,216.0,0.0,0.0,11.0,0.012593283582089552,0.0006413246268656716,216.0,1.0,2.0,1.0,0.3682,451.37,0.0,0.26888992537313433,0.7310517723880597,ANOMALY
32.942,496.0,3742.0,796813.0,212.9377338321753,113.59358873171028,24188.361362394513,1177.0,1974.0,160.0,1069.0,0.31453768038482094,0.2856761090326029,0.5962512664640324,1.0,1.0,1.0,1.1805,7.54,0.9798387096774194,1.0,0.0,BRUTE_FORCE
27.494,284580.0,453510.49291185825,25753150.0,56.78622744679303,16494.889536330043,936682.5489197643,373752.0,79757.0,0.0,29063.0,0.8241308764439996,0.06408451503160374,4.686134132427248,3.0,1.0,167.0,0.0088,1.59,0.0,0.999998913119176,0.0,SYN_FLOOD
14.983,42.0,66241.0,8383872.0,126.56620522033182,4421.077220850297,559558.9668290729,1719.0,0.0,0.0,800.0,0.025950695188780362,0.012077112362434143,1719.0,4.0,2.0,1.0,0.4778,1577.17,0.0,0.18243987862502076,0.8175450249845262,ANOMALY
20.965,2.0,30388.0,16483434.0,542.4323417138344,1449.4633913665634,786235.821607441,4.0,27632.0,3.0,0.0,0.00013163090693694878,0.0,0.00014475969889982628,1.0,3.0,1.0,2.776,15194.0,0.0,0.8690930630512044,0.016026062919573515,BENIGN
31.825,86.0,8675.0,58867983.0,6785.934639769453,272.58444619010214,1849740.2356637863,3998.0,1877.0,0.0,0.0,0.460864553314121,0.0,2.129994672349494,1.0,1.0,1.0,0.4552,100.87,1.0,1.0,0.0,ANOMALY
35.871,278.0,601.746209227036,37623.0,62.52303616225195,16.775283912548744,1048.8416826963285,489.0,111.0,0.0,194.0,0.8126349489232969,0.32239505131108304,4.405405405405405,245.0,1.0,1.0,0.0242,2.16,0.0539568345323741,0.9970980968384011,0.0,PORT_SCAN
33.98,4.0,16145.0,8598078.0,532.5536079281511,475.13243084167163,253033.49028840498,9.0,13253.0,5.0,0.0,0.0005574481263549086,0.0,0.0006790915264468422,3.0,1.0,1.0,0.9533,4036.25,0.0,0.9036234128213069,0.0019820377825952307,BENIGN
22.119,9.0,4198.0,1065990.0,253.92806098141972,189.79158189791582,48193.40838193408,19.0,2460.0,18.0,0.0,0.004525964745116722,0.0,0.007723577235772358,2.0,2.0,1.0,4.3255,466.44,0.0,0.8168175321581705,0.010004764173415913,BENIGN
27.798,596499.0,869542.897785278,47405272.0,54.517462129517725,31280.77191831348,1705348.2984387367,733150.0,136391.0,0.0,23768.0,0.8431441414418195,0.027333901594201956,5.375354678827782,3.0,1.0,129.0,0.0016,1.46,0.0,0.999998967520429,0.0,SYN_FLOOD
15.455,2.0,18340.0,9689175.0,528.3083424209378,1186.6709802652863,626928.1785829829,3.0,17315.0,2.0,0.0,0.00016357688113413304,0.0,0.00017326017903551835,2.0,1.0,1.0,3.5475,9170.0,0.0,0.9616684841875681,0.0054525627044711015,BENIGN
26.286,34.0,110850.0,7358241.0,66.38016238159675,4217.073727459484,279930.038803926,4769.0,0.0,0.0,1243.0,0.04302210193955796,0.011213351375732972,4769.0,1.0,2.0,1.0,0.3906,3260.29,0.0,0.5191790708164186,0.48081190798376183,ANOMALY
77.063,144.0,1603.0,375196.0,234.05864004990642,20.801162685075845,4868.691849525712,436.0,723.0,82.0,475.0,0.2719900187149095,0.29631940112289457,0.603042876901798,1.0,1.0,1.0,2.2909,11.13,0.9097222222222222,1.0,0.0,BRUTE_FORCE
14.415,110576.0,116255.0,5188503.0,44.630364285407076,8064.862989941034,359937.7731529657,98583.0,2912.0,0.0,1647.0,0.847989333792095,0.014167132596447465,33.8540521978022,1.0,1.0,1.0,0.0099,1.05,0.0,1.0,0.0,SYN_FLOOD
23.673,700316.0,742644.0,47027464.0,63.32437076176472,31370.928906349007,1986544.3332066068,545246.0,189028.0,0.0,6303.0,0.7341956576771643,0.008487242878148884,2.884472141693294,3.0,1.0,45.0,0.0077,1.06,0.0,1.0,0.0,SYN_FLOOD
5.5,61491.0,76346.0,5524564.0,72.36219317318523,13881.09090909091,1004466.1818181818,39438.0,19202.0,0.0,1566.0,0.5165693029104341,0.020511880124695465,2.053848557441933,3.0,1.0,175.0,0.0078,1.24,0.0,1.0,0.0,SYN_FLOOD
38.598,544.0,581.0,31311.0,53.89156626506024,15.05259339862169,811.2078346028292,24.0,164.0,405.0,0.0,0.04130808950086059,0.0,0.14634146341463414,544.0,1.0,1.0,0.0183,1.07,0.0,1.0,0.0,ANOMALY
26.618,327.0,617.0,34854.0,56.489465153970826,23.17980314073184,1309.4146817942747,303.0,145.0,0.0,218.0,0.49108589951377635,0.353322528363047,2.089655172413793,260.0,1.0,1.0,0.0451,1.89,0.03058103975535168,0.9546191247974068,0.0,PORT_SCAN
8.738,119049.0,190605.73316098313,8713459.0,45.714569312774685,21813.427919544876,997191.4625772488,144408.0,46196.0,0.0,6749.0,0.7576267387405125,0.03540816893634507,3.1259849337604986,2.0,1.0,105.0,0.0076,1.6,0.0,0.9999961535208256,0.0,SYN_FLOOD
79.848,90.0,808.0,79091.0,97.88490099009901,10.119226530407776,990.5194870253482,267.0,245.0,49.0,185.0,0.33044554455445546,0.22896039603960397,1.089795918367347,2.0,1.0,1.0,0.1655,8.98,0.9555555555555556,1.0,0.0,BRUTE_FORCE
12.778,85865.0,108335.0,7501461.0,69.24319010476762,8478.24385662858,587060.651119111,54676.0,14354.0,0.0,8591.0,0.5046937739419394,0.07930031845663912,3.809112442524732,1.0,1.0,1.0,0.0013,1.26,0.0,1.0,0.0,SYN_FLOOD
25.862,90.0,9490.0,54540172.0,5747.12033719705,366.9476451937205,2108892.2743793987,3259.0,2052.0,0.0,0.0,0.3434141201264489,0.0,1.588206627680312,1.0,1.0,1.0,0.2653,105.44,1.0,1.0,0.0,ANOMALY
17.76,11985.0,68869.0,11781919.0,171.07724810872816,3877.759009009009,663396.3400900901,27188.0,16679.0,2595.0,0.0,0.3947784925002541,0.0,1.630073745428383,5.0,1.0,1.0,0.4671,5.75,0.0,0.9650931478604307,0.0,DOS_DDOS
22.707,91540.0,112818.83747677464,6517878.0,57.77295836204479,4968.4607159367,287042.6740652662,80955.0,31862.0,0.0,1348.0,0.7175663374183033,0.011948359246987499,2.5408009541146193,3.0,1.0,1.0,0.0077,1.23,0.0,0.9999925768001747,0.0,SYN_FLOOD
18.003,409977.0,542011.0,42861234.0,79.07816262031582,30106.704438149198,2380782.8695217464,372598.0,76173.0,0.0,39038.0,0.6874362328439829,0.0720243685091262,4.891470731098946,3.0,1.0,1.0,0.0036,1.32,0.0,1.0,0.0,SYN_FLOOD
43.884,2867.0,134761.0,172608419.0,1280.8484576398216,3070.8458663749884,3933288.191596026,24581.0,35950.0,4840.0,26335.0,0.1824044048352268,0.19542003992252951,0.6837552155771905,4.0,1.0,55.0,2.7925,47.0,0.0,0.9794005684137101,0.0,DOS_DDOS
86.348,265.0,1700.0,437899.0,257.5876470588235,19.68777504979849,5071.327650901006,343.0,548.0,42.0,244.0,0.20176470588235293,0.14352941176470588,0.6259124087591241,1.0,1.0,1.0,1.1121,6.42,0.8905660377358491,1.0,0.0,BRUTE_FORCE
28.548,730.0,1658.0,125148.0,75.48130277442702,58.07762365139415,4383.774695250106,1092.0,158.0,0.0,787.0,0.6586248492159228,0.4746682750301568,6.9113924050632916,612.0,1.0,1.0,0.0159,2.27,0.0821917808219178,0.9903498190591074,0.0,PORT_SCAN
28.844,92694.0,322315.0,79240425.0,245.84777314118176,11174.421023436416,2747206.524753848,87327.0,91637.0,10557.0,0.0,0.2709368164683617,0.0,0.9529665964621278,1.0,1.0,1.0,1.8765,3.48,0.0,0.9210275662007663,0.0,DOS_DDOS
11.634,137544.0,165788.0,9817386.0,59.21650541655608,14250.300842358603,843853.017019082,124006.0,8765.0,0.0,11863.0,0.7479793471180062,0.07155523922117403,14.147860810039932,3.0,1.0,1.0,0.0026,1.21,0.0,1.0,0.0,SYN_FLOOD
11.879,80009.0,96941.0,5572412.0,57.482509980297294,8160.703762943009,469097.7354996212,66765.0,25944.0,0.0,5632.0,0.688717879947597,0.058097193138094305,2.573427382053654,1.0,1.0,1.0,0.0028,1.21,0.0,1.0,0.0,SYN_FLOOD
13.241,78507.0,115200.0,7221398.0,62.68574652777778,8700.249225889283,545381.6177025904,69766.0,26825.0,0.0,4980.0,0.6056076388888889,0.043229166666666666,2.6007828518173346,2.0,1.0,59.0,0.0041,1.47,0.0,1.0,0.0,SYN_FLOOD
247.775,1.0,10.0,541.0,54.1,0.040359196851982644,2.183432549692261,1.0,5.0,1.0,0.0,0.1,0.0,0.2,1.0,1.0,1.0,198.2203,10.0,0.0,1.0,0.0,ANOMALY
25.545,4.0,7705.0,4526988.0,587.5390006489292,301.62458406733214,177216.2066940693,8.0,7286.0,4.0,0.0,0.0010382868267358857,0.0,0.0010979961570134504,3.0,1.0,2.0,2.5978,1926.25,0.0,0.9330304996755354,0.0136275146009085,BENIGN
7.749,1184.0,2247.0,112014.0,49.850467289719624,289.9728997289973,14455.28455284553,1864.0,339.0,0.0,284.0,0.8295505117935025,0.12639074321317312,5.498525073746313,1095.0,1.0,1.0,0.02,1.9,0.05152027027027027,0.960836671117045,0.0,PORT_SCAN
6.415,204.0,256.0,19544.0,76.34375,39.90646921278254,3046.6095089633673,166.0,45.0,0.0,132.0,0.6484375,0.515625,3.688888888888889,181.0,1.0,1.0,0.0261,1.25,0.09313725490196079,0.9609375,0.0,PORT_SCAN
47.159,97009.0,284459.0,29853257.0,104.94748628097547,6031.913314531691,633034.1398248479,136168.0,61244.0,2633.0,0.0,0.47869112947735876,0.0,2.223368819802756,4.0,1.0,1.0,2.597,2.93,0.0,0.9024323364702822,0.0,DOS_DDOS
179.4,3.0,5.0,368.0,73.6,0.027870680044593088,2.051282051282051,3.0,1.0,3.0,0.0,0.6,0.0,3.0,3.0,1.0,1.0,143.5201,1.67,0.0,1.0,0.0,ANOMALY
9.592,5.0,2402.0,1509467.0,628.4208992506245,250.41701417848205,157367.28523769806,10.0,2240.0,11.0,0.0,0.004163197335553705,0.0,0.004464285714285714,3.0,3.0,2.0,4.6097,480.4,0.0,0.9150707743547044,0.014154870940882597,BENIGN
21.904,164146.0,218533.0,17163266.0,78.53855481780784,9976.85354273192,783567.6588750914,111944.0,51436.0,0.0,15706.0,0.5122521541369038,0.07187015233397244,2.176374523679913,1.0,1.0,192.0,0.0056,1.33,0.0,1.0,0.0,SYN_FLOOD
3.707,13.0,483.0,192060.0,397.639751552795,130.29403830590775,51810.08902077151,24.0,435.0,17.0,0.0,0.049689440993788817,0.0,0.05517241379310345,1.0,2.0,2.0,1.2884,37.15,0.0,0.8861283643892339,0.012422360248447204,BENIGN
10.948,31.0,32955.0,3292501.0,99.90899711728115,3010.1388381439533,300739.9525027402,130.0,0.0,0.0,1330.0,0.0039447731755424065,0.04035806402670308,130.0,2.0,3.0,1.0,0.2444,1063.06,0.0,0.2621453497193142,0.7378243058716432,ANOMALY
52.718,9460.0,224344.0,218693862.0,974.8148468423492,4255.548389544368,4148371.751583899,69364.0,35412.0,1791.0,0.0,0.3091858930927504,0.0,1.9587710380661922,3.0,1.0,1.0,1.5927,23.72,0.0,0.9534108333630495,0.0,DOS_DDOS
77.571,271.0,1377.0,343275.0,249.29193899782135,17.75147928994083,4425.300692269018,359.0,566.0,182.0,245.0,0.2607116920842411,0.17792302106027597,0.6342756183745583,3.0,1.0,1.0,0.219,5.08,0.977859778597786,1.0,0.0,BRUTE_FORCE
78.332,251.0,1291.0,293430.0,227.2889233152595,16.481131593729256,3745.9786549558294,398.0,717.0,118.0,501.0,0.308288148721921,0.38807126258714175,0.5550906555090656,1.0,1.0,1.0,0.2602,5.14,0.8764940239043825,1.0,0.0,BRUTE_FORCE
10.681,657.0,945.0,39361.0,41.65185185185185,88.47486190431609,3685.1418406516245,34.0,115.0,497.0,0.0,0.03597883597883598,0.0,0.2956521739130435,657.0,1.0,1.0,0.0032,1.44,0.0,1.0,0.0,ANOMALY
18.095,131725.0,175895.0,12824402.0,72.90941755024305,9720.641061066593,708726.2779773419,117262.0,20751.0,0.0,4331.0,0.6666590863867649,0.02462264419113676,5.65090838995711,3.0,1.0,1.0,0.0087,1.34,0.0,1.0,0.0,SYN_FLOOD
45.41,14957.0,89202.0,19371605.0,217.16559045761306,1964.3690817000663,426593.371504074,8892.0,18164.0,3185.0,0.0,0.09968386359050245,0.0,0.4895397489539749,1.0,1.0,34.0,0.6997,5.96,0.0,0.9854375462433578,0.0,DOS_DDOS
39.345,639.0,1569.0,100217.0,63.873167622689614,39.878002287457115,2547.1343245647477,1077.0,277.0,0.0,411.0,0.6864244741873805,0.26195028680688337,3.888086642599278,520.0,1.0,1.0,0.038,2.46,0.023474178403755867,0.9515615041427661,0.0,PORT_SCAN
10.39,7.0,4499.0,2447892.0,544.0969104245388,433.0125120307988,235600.76997112608,17.0,3015.0,9.0,0.0,0.003778617470549011,0.0,0.005638474295190713,5.0,1.0,2.0,2.761,642.71,0.0,0.9439875527895087,0.0033340742387197157,BENIGN
33.789,3.0,21016.0,18425788.0,876.7504758279406,621.9775666637071,545319.1275267098,6.0,17521.0,4.0,0.0,0.0002854967643700038,0.0,0.00034244620740825295,2.0,1.0,1.0,5.978,7005.33,0.0,0.8429767795964979,0.0022363913208983633,BENIGN
65.557,247.0,3131.0,741094.0,236.6956244011498,47.75996461094925,11304.574644965449,892.0,1555.0,187.0,1127.0,0.28489300542957524,0.35994889811561803,0.5736334405144694,1.0,1.0,1.0,2.3221,12.68,0.9554655870445344,1.0,0.0,BRUTE_FORCE
20.154,203.0,1373.0,156749.0,114.16533139111435,68.12543415699116,7777.562766696437,406.0,580.0,166.0,392.0,0.29570284049526585,0.2855061908230153,0.7,2.0,1.0,1.0,1.0801,6.76,0.8768472906403941,1.0,0.0,BRUTE_FORCE
12.406,43.0,25619.0,3177123.0,124.01432530543737,2065.0491697565694,256095.67950991454,627.0,0.0,0.0,340.0,0.024474023185916703,0.013271400132714002,627.0,2.0,2.0,1.0,0.3894,595.79,0.0,0.43268667785627857,0.5672742886139194,ANOMALY
55.001,12693.0,341079.0,472592853.0,1385.581794833455,6201.323612297959,8592441.10107089,128366.0,89549.0,11636.0,102343.0,0.3763526924847323,0.3000565851313039,1.4334721772437435,3.0,1.0,54.0,3.4963,26.87,0.0,0.906438097918664,0.0,DOS_DDOS
22.804,469976.0,512026.0,38567569.0,75.3234581837641,22453.34151903175,1691263.3309945625,269074.0,53388.0,0.0,26088.0,0.525508470272994,0.05095053766800905,5.039971529182588,1.0,1.0,1.0,0.0045,1.09,0.0,1.0,0.0,SYN_FLOOD
25.988,734935.0,979218.0715644337,57609805.0,58.83245690917501,37679.62411745551,2216784.862244113,753441.0,225775.0,0.0,10472.0,0.7694312654956171,0.010694247077435529,3.3371321005425756,1.0,1.0,1.0,0.0072,1.33,0.0,0.9999999269167555,0.0,SYN_FLOOD
73.405,414.0,6983.0,877514.0,125.66432765287126,95.12975955316395,11954.417274027655,2385.0,3639.0,924.0,1564.0,0.3415437491049692,0.2239725046541601,0.6553998351195384,3.0,1.0,1.0,0.3161,16.87,0.9323671497584541,1.0,0.0,BRUTE_FORCE
33.756,61.0,878.0,153391.0,174.70501138952164,26.01019078089821,4544.110676620453,211.0,339.0,104.0,186.0,0.24031890660592256,0.21184510250569477,0.6224188790560472,3.0,1.0,1.0,2.3188,14.39,0.8524590163934426,1.0,0.0,BRUTE_FORCE
53.879,68243.0,310623.0,27778525.0,89.42842287918151,5765.196087529464,515572.3936969877,73337.0,70495.0,2109.0,85653.0,0.23609648995727942,0.27574583981224826,1.040314915951486,2.0,1.0,38.0,1.3802,4.55,0.0,0.9703756643905956,0.0,DOS_DDOS
34.095,5.0,14017.0,12022359.0,857.6984376114718,411.11599941340376,352613.55037395516,12.0,9317.0,11.0,0.0,0.0008561033031319113,0.0,0.0012879682301169904,2.0,2.0,2.0,3.2746,2803.4,0.0,0.9097524434615111,0.018834272668902047,BENIGN
25.314,448810.0,521927.0,33159096.0,63.53205716508247,20618.116457296357,1309911.35340128,343138.0,71151.0,0.0,24424.0,0.6574444318841524,0.04679581627315697,4.822672906916277,2.0,1.0,1.0,0.0017,1.16,0.0,1.0,0.0,SYN_FLOOD
19.311,741.0,1398.0,119513.0,85.48855507868383,72.39397234736678,6188.85609238258,1055.0,197.0,0.0,724.0,0.7546494992846924,0.5178826895565093,5.355329949238579,737.0,1.0,1.0,0.0087,1.89,0.02699055330634278,0.9649499284692418,0.0,PORT_SCAN
44.893,11876.0,342789.0,309925101.0,904.127906671451,7635.6893056824,6903639.787940213,128466.0,102178.0,8544.0,0.0,0.3747669849382565,0.0,1.2572765174499403,1.0,1.0,34.0,0.1692,28.86,0.0,0.9179816155127498,0.0,DOS_DDOS
30.811,1293.0,2827.0,139657.0,49.40113194198797,91.7529453766512,4532.699360617961,1615.0,512.0,0.0,1218.0,0.5712769720551821,0.43084541917226743,3.154296875,1096.0,1.0,1.0,0.0175,2.19,0.060324825986078884,0.9886805801202688,0.0,PORT_SCAN
29.457,35.0,50915.0,4690631.0,92.12670136502012,1728.4516413755643,159236.5481888855,653.0,0.0,0.0,1016.0,0.012825297063733674,0.019954826671904152,653.0,1.0,3.0,1.0,0.2444,1454.71,0.0,0.18456250613768044,0.8154178532848866,ANOMALY
49.972,2.0,26398.0,21656630.0,820.3890446245928,528.2558232610262,433375.290162491,3.0,23317.0,2.0,0.0,0.00011364497310402303,0.0,0.00012866149161555945,3.0,1.0,2.0,3.6459,13199.0,0.0,0.9270778089249185,0.012463065383741192,BENIGN
28.364,476.0,2957.0,765364.0,258.83124788637133,104.25186856578762,26983.641235368777,384.0,1471.0,386.0,1119.0,0.12986134595874196,0.3784240784578965,0.2610469068660775,3.0,1.0,1.0,1.3357,6.21,0.9159663865546218,1.0,0.0,BRUTE_FORCE
64.218,361.0,2021.0,455355.0,225.3117268678872,31.47092715438039,7090.768943286928,320.0,993.0,222.0,566.0,0.15833745670460167,0.2800593765462642,0.32225579053373615,3.0,1.0,1.0,0.2496,5.6,0.9085872576177285,1.0,0.0,BRUTE_FORCE
33.051,8.0,13206.0,5580117.0,422.5440708768742,399.564309703186,168833.5299990923,15.0,8402.0,11.0,0.0,0.0011358473421172195,0.0,0.0017852892168531303,2.0,1.0,2.0,3.2015,1650.75,0.0,0.8747538997425413,0.008859609268514312,BENIGN
23.327,825.0,1299.0,85182.0,65.57505773672055,55.68654349037595,3651.6483045398036,770.0,180.0,0.0,604.0,0.5927636643571979,0.4649730561970747,4.277777777777778,751.0,1.0,1.0,0.0497,1.57,0.05696969696969697,0.9846035411855273,0.0,PORT_SCAN
12.597,177261.0,241826.0,10578892.0,43.74588340376965,19197.110423116617,839794.5542589505,181245.0,45676.0,0.0,15299.0,0.7494851670209158,0.06326449595990506,3.96805762325948,1.0,1.0,72.0,0.0038,1.36,0.0,1.0,0.0,SYN_FLOOD
3.835,12.0,1095.0,534759.0,488.3643835616438,285.5280312907432,139441.72099087352,30.0,875.0,29.0,0.0,0.0273972602739726,0.0,0.03428571428571429,2.0,1.0,1.0,0.8825,91.25,0.0,0.8776255707762557,0.010958904109589041,BENIGN
12.011,57105.0,73327.0,4524545.0,61.703669862397206,6104.987095162768,376700.1082341187,48090.0,8052.0,0.0,1352.0,0.6558293670817025,0.018437956005291366,5.972429210134128,1.0,1.0,1.0,0.0098,1.28,0.0,1.0,0.0,SYN_FLOOD
6.156,127.0,306.0,27279.0,89.1470588235294,49.70760233918129,4431.286549707603,264.0,19.0,0.0,110.0,0.8627450980392157,0.35947712418300654,13.894736842105264,119.0,1.0,1.0,0.0467,2.41,0.07086614173228346,0.9836601307189542,0.0,PORT_SCAN
16.865,6869.0,386185.0,234714605.0,607.7776324818416,22898.606581678032,13917260.895345392,62204.0,76806.0,6156.0,55792.0,0.1610730608387172,0.14446961948289033,0.8098846444288207,4.0,1.0,1.0,3.2018,56.22,0.0,0.9984489299170087,0.0,DOS_DDOS
9.029,1015.0,1248.0,67663.0,54.21714743589744,138.22128696422638,7493.9638941189505,811.0,216.0,0.0,212.0,0.6498397435897436,0.16987179487179488,3.7546296296296298,877.0,1.0,1.0,0.041,1.23,0.04532019704433497,0.9543269230769231,0.0,PORT_SCAN
9.722,898.0,1135.0,56109.0,49.435242290748896,116.74552561201399,5771.3433449907425,781.0,74.0,0.0,144.0,0.6881057268722467,0.12687224669603525,10.554054054054054,891.0,1.0,1.0,0.0341,1.26,0.021158129175946547,0.9982378854625551,0.0,PORT_SCAN
85.862,482.0,8362.0,1083742.0,129.60320497488638,97.38883324404277,12621.904917192705,1132.0,3957.0,809.0,2911.0,0.1353743123654628,0.34812245874192776,0.2860753095779631,3.0,1.0,1.0,0.3937,17.35,0.9771784232365145,1.0,0.0,BRUTE_FORCE
14.748,39.0,86190.0,5738031.0,66.57420814479639,5844.182262001627,389071.8063466233,3599.0,0.0,0.0,260.0,0.04175658429052094,0.0030165912518853697,3599.0,2.0,2.0,1.0,0.2241,2210.0,0.0,0.43942452720733266,0.5605638705186217,ANOMALY
37.259,400.0,2552.0,414129.0,162.27625391849529,68.49351834456104,11114.871574653103,585.0,1266.0,229.0,459.0,0.22923197492163008,0.179858934169279,0.46208530805687204,1.0,1.0,1.0,0.1369,6.38,0.88,1.0,0.0,BRUTE_FORCE
30.674,84.0,1374.0,151406.0,110.19359534206696,44.793636304362,4935.971832822586,243.0,694.0,126.0,342.0,0.17685589519650655,0.24890829694323144,0.35014409221902015,1.0,1.0,1.0,2.3649,16.36,0.8928571428571429,1.0,0.0,BRUTE_FORCE
5.819,12587.0,15258.0,945632.0,61.976143662341066,2622.1000171850833,162507.64736208972,8830.0,1589.0,0.0,793.0,0.5787128063966444,0.05197273561410408,5.556954059156702,1.0,1.0,1.0,0.0014,1.21,0.0,1.0,0.0,SYN_FLOOD
70.836,317.0,3526.0,868976.0,246.4480998298355,49.77694957366311,12267.434637754814,1126.0,2085.0,378.0,542.0,0.31934203062960864,0.1537152580828134,0.5400479616306955,1.0,1.0,1.0,1.2231,11.12,0.9022082018927445,1.0,0.0,BRUTE_FORCE
47.535,318911.0,577371.0,83799505.0,145.139788801308,12146.22909435153,1762901.1254864838,200025.0,126018.0,11762.0,0.0,0.3464410231895956,0.0,1.5872732466790458,3.0,1.0,1.0,1.1787,1.81,0.0,0.9953600024940636,0.0,DOS_DDOS
4.841,155.0,359.0,24157.0,67.28969359331477,74.15823177029539,4990.084693245197,238.0,23.0,0.0,91.0,0.6629526462395543,0.25348189415041783,10.347826086956522,155.0,1.0,1.0,0.0085,2.32,0.07096774193548387,0.9749303621169917,0.0,PORT_SCAN
34.099,221.0,3382.0,395709.0,117.00443524541691,99.18179418751284,11604.709815537113,474.0,1304.0,279.0,943.0,0.140153755174453,0.27882909520993493,0.36349693251533743,3.0,1.0,1.0,0.7326,15.3,0.9140271493212669,1.0,0.0,BRUTE_FORCE
14.901,100506.0,133845.0,7339787.0,54.83796182150996,8982.283068250454,492570.0959667137,99082.0,7843.0,0.0,5642.0,0.7402741977660727,0.042153236953192126,12.63317608058141,3.0,1.0,1.0,0.0066,1.33,0.0,1.0,0.0,SYN_FLOOD
19.837,378.0,631.0,31792.0,50.38351822503962,31.809245349599234,1602.6616927962898,478.0,50.0,0.0,210.0,0.757527733755943,0.3328050713153724,9.56,329.0,1.0,1.0,0.0322,1.67,0.10052910052910052,0.9508716323296355,0.0,PORT_SCAN
10.403,14.0,793.0,311059.0,392.2559899117276,76.22801115062963,29900.893972892434,26.0,650.0,28.0,0.0,0.03278688524590164,0.0,0.04,5.0,2.0,2.0,0.1206,56.64,0.0,0.8095838587641866,0.0037831021437578815,BENIGN
73.269,2.0,10.0,480.0,48.0,0.13648336950142625,6.551201736068459,2.0,5.0,2.0,0.0,0.2,0.0,0.4,2.0,1.0,1.0,58.6149,5.0,0.0,1.0,0.0,ANOMALY
282.336,2.0,8.0,367.0,45.875,0.02833503343533945,1.2998696588461973,2.0,4.0,2.0,0.0,0.25,0.0,0.5,2.0,1.0,1.0,225.8685,4.0,0.0,1.0,0.0,ANOMALY
28.88,1368.0,2220.0,175274.0,78.95225225225225,76.86980609418283,6069.04432132964,1103.0,267.0,0.0,851.0,0.4968468468468468,0.38333333333333336,4.131086142322097,1108.0,1.0,1.0,0.0442,1.62,0.1154970760233918,0.9761261261261261,0.0,PORT_SCAN
24.575,687.0,1487.0,84229.0,56.64357767316745,60.508646998982705,3427.4262461851476,733.0,256.0,0.0,684.0,0.4929388029589778,0.45998655010087425,2.86328125,540.0,1.0,1.0,0.0324,2.16,0.10334788937409024,0.9757901815736382,0.0,PORT_SCAN
22.406,21.0,2309.0,10758262.0,4659.273278475531,103.05275372668036,480150.94171204144,870.0,534.0,0.0,0.0,0.37678648765699435,0.0,1.6292134831460674,1.0,1.0,1.0,0.1194,109.95,1.0,1.0,0.0,ANOMALY
12.996,215155.0,299713.0,14895030.0,49.69764407950272,23061.94213604186,1146124.192059095,238982.0,29817.0,0.0,2550.0,0.797369483472522,0.008508139453410429,8.014957909917161,2.0,1.0,49.0,0.003,1.39,0.0,1.0,0.0,SYN_FLOOD
11.403,444.0,6369.0,1237134.0,194.24305228450305,558.5372270455143,108491.9757958432,1271.0,3188.0,744.0,2430.0,0.1995603705448265,0.3815355628827131,0.39868255959849436,2.0,1.0,1.0,0.4927,14.34,0.9346846846846847,1.0,0.0,BRUTE_FORCE
22.745,163.0,6346.0,37861551.0,5966.207217144658,279.00637502747855,1664609.8483183116,3104.0,3110.0,0.0,0.0,0.4891270091396155,0.0,0.9980707395498393,1.0,1.0,1.0,0.269,38.93,1.0,1.0,0.0,ANOMALY
83.154,265.0,2976.0,503146.0,169.06787634408602,35.78901796666426,6050.773264064266,506.0,1770.0,301.0,1088.0,0.1700268817204301,0.3655913978494624,0.2858757062146893,1.0,1.0,1.0,0.5787,11.23,0.9509433962264151,1.0,0.0,BRUTE_FORCE
34.245,874.0,2166.0,151928.0,70.14219759926131,63.25010950503724,4436.501679077238,1589.0,379.0,0.0,361.0,0.7336103416435826,0.16666666666666666,4.192612137203167,700.0,1.0,1.0,0.02,2.48,0.04233409610983982,0.9787626962142197,0.0,PORT_SCAN
22.49,330.0,1771.0,258540.0,145.98531902879728,78.74610938194753,11495.775900400178,470.0,980.0,204.0,665.0,0.26538678712591757,0.37549407114624506,0.47959183673469385,2.0,1.0,1.0,0.8517,5.37,0.8515151515151516,1.0,0.0,BRUTE_FORCE
25.606,957.0,2017.0,151564.0,75.14328210213188,78.77060064047488,5919.081465281574,970.0,384.0,0.0,342.0,0.480912245909767,0.16955875061973227,2.5260416666666665,808.0,1.0,1.0,0.008,2.11,0.06792058516196448,0.969261279127417,0.0,PORT_SCAN
15.813,180629.0,253014.5876001044,16557825.0,65.44217531903749,16000.416593948295,1047102.067918801,186271.0,66741.0,0.0,15999.0,0.736206563292729,0.0632335082010639,2.790953087307652,3.0,1.0,1.0,0.0054,1.4,0.0,0.999997677603849,0.0,SYN_FLOOD
18.166,319374.0,378527.0,30158879.0,79.67431385343714,20837.113288561046,1660182.7039524387,255175.0,95462.0,0.0,9289.0,0.6741262842544917,0.02453986109313206,2.673053152039555,2.0,1.0,1.0,0.0021,1.19,0.0,1.0,0.0,SYN_FLOOD
5.716,6.0,445.0,157773.0,354.54606741573036,77.851644506648,27601.994401679494,15.0,264.0,10.0,0.0,0.033707865168539325,0.0,0.056818181818181816,4.0,3.0,1.0,1.323,74.17,0.0,0.9662921348314607,0.017977528089887642,BENIGN
42.325,7.0,36715.0,21477988.0,584.9921830314586,867.4542232722977,507453.93975191965,13.0,31865.0,15.0,0.0,0.0003540787144218984,0.0,0.00040797112819708145,6.0,1.0,1.0,3.0881,5245.0,0.0,0.9040719052158518,0.009260520223341959,BENIGN
56.169,194.0,19080.0,165832855.0,8691.449423480084,339.6891523794264,2952391.087610604,7227.0,8003.0,0.0,0.0,0.3787735849056604,0.0,0.9030363613644883,1.0,1.0,1.0,0.3502,98.35,1.0,1.0,0.0,ANOMALY
31.157,1453.0,1559.0,88107.0,56.51507376523413,50.036909843694836,2827.839650800783,1267.0,214.0,0.0,642.0,0.812700449005773,0.4118024374599102,5.920560747663552,1185.0,1.0,1.0,0.0389,1.07,0.11768754301445286,0.9621552277100706,0.0,PORT_SCAN
40.363,2581.0,210718.0,292990069.0,1390.4368350117218,5220.5732973267595,7258877.412481728,73154.0,14337.0,4617.0,0.0,0.34716540589792994,0.0,5.102462160842575,5.0,1.0,1.0,2.8073,81.64,0.0,0.9833331751440314,0.0,DOS_DDOS
13.279,267723.0,328237.0,20488757.0,62.420619856993575,24718.502899314706,1542944.272912117,223341.0,24044.0,0.0,7117.0,0.6804260336281407,0.02168250380060749,9.288845450008319,1.0,1.0,22.0,0.0016,1.23,0.0,1.0,0.0,SYN_FLOOD
14.654,37559.0,121601.0,20103989.0,165.32749730676557,8298.14385150812,1371911.3552613622,43546.0,22542.0,2918.0,15555.0,0.35810560768414734,0.1279183559345729,1.931771803744122,1.0,1.0,50.0,1.581,3.24,0.0,0.9556582593893143,0.0,DOS_DDOS
14.046,77753.0,88628.0,6460683.0,72.89663537482511,6309.839100099673,459966.0401537804,47073.0,14741.0,0.0,2329.0,0.5311301168930812,0.026278377036602428,3.193338308120209,2.0,1.0,117.0,0.0019,1.14,0.0,1.0,0.0,SYN_FLOOD
39.569,460.0,848.6681314050777,47378.0,55.82629799184248,21.4478033663999,1197.351462003083,690.0,157.0,0.0,302.0,0.8130386595966759,0.3558517031857915,4.3949044585987265,440.0,1.0,1.0,0.011,1.84,0.05652173913043478,0.9626849056383829,0.0,PORT_SCAN
26.525,345.0,1865.0,274616.0,147.2471849865952,70.311027332705,10353.100848256363,295.0,641.0,53.0,520.0,0.1581769436997319,0.27882037533512066,0.46021840873634945,2.0,1.0,1.0,2.3799,5.41,0.8724637681159421,1.0,0.0,BRUTE_FORCE
29.28,82.0,1443.0,342295.0,237.21067221067221,49.2827868852459,11690.40300546448,324.0,808.0,195.0,126.0,0.22453222453222454,0.08731808731808732,0.400990099009901,3.0,1.0,1.0,0.3613,17.6,0.975609756097561,1.0,0.0,BRUTE_FORCE
56.49,431.0,7161.0,1607558.0,224.48792068146906,126.76579925650557,28457.39068861745,1830.0,2948.0,488.0,1021.0,0.25555090071219105,0.14257785225527161,0.6207598371777476,1.0,1.0,1.0,2.4589,16.61,0.9095127610208816,1.0,0.0,BRUTE_FORCE
53.098,19031.0,530549.0,358447825.0,675.6168139040881,9991.882933443821,6750684.112395947,186492.0,72402.0,16420.0,187336.0,0.35150758930843334,0.3530983943047673,2.5757851993038865,2.0,1.0,1.0,0.2048,27.88,0.0,0.991512565286147,0.0,DOS_DDOS
57.924,84684.0,365662.0,42548716.0,116.3607812679469,6312.789172018507,734561.0800359091,43634.0,85399.0,378.0,0.0,0.11932877903637785,0.0,0.5109427510860783,5.0,1.0,1.0,2.797,4.32,0.0,0.9495982628766456,0.0,DOS_DDOS
17.011,968.0,2354.0,159389.0,67.70985556499575,138.38104755746284,9369.760743048617,1457.0,347.0,0.0,539.0,0.618946474086661,0.22897196261682243,4.198847262247838,756.0,1.0,1.0,0.0347,2.43,0.028925619834710745,0.9957519116397621,0.0,PORT_SCAN
29.617,848.0,1279.0,84224.0,65.85144644253323,43.18465746024243,2843.772157882297,795.0,110.0,0.0,557.0,0.6215793588741204,0.4354964816262705,7.2272727272727275,770.0,1.0,1.0,0.0445,1.51,0.10731132075471699,0.9577795152462861,0.0,PORT_SCAN
17.311,658.0,860.0,69293.0,80.5732558139535,49.679394604586676,4002.8305701577033,578.0,56.0,0.0,364.0,0.672093023255814,0.4232558139534884,10.321428571428571,638.0,1.0,1.0,0.0284,1.31,0.10790273556231003,0.9976744186046511,0.0,PORT_SCAN
26.731,455486.0,552810.0,37010057.0,66.94896438197573,20680.48333395683,1384536.9421271184,412950.0,64941.0,0.0,17450.0,0.7470016823139958,0.0315659991678877,6.358848801219569,1.0,1.0,1.0,0.0026,1.21,0.0,1.0,0.0,SYN_FLOOD
25.238,6805.0,693873.0,676050142.0,974.3139479414821,27493.184879942943,26786993.501862273,266254.0,184374.0,27558.0,0.0,0.3837215167617129,0.0,1.444097323917689,3.0,1.0,45.0,1.7492,101.97,0.0,0.904720316253839,0.0,DOS_DDOS
39.78,1208.0,2622.7801535238937,151640.0,57.816511916281186,65.9321305561562,3811.965811965812,2171.0,450.0,0.0,929.0,0.8277476086141285,0.3542042968229044,4.8244444444444445,1042.0,1.0,1.0,0.0304,2.17,0.09437086092715231,0.9756822341978605,0.0,PORT_SCAN
12.379,216347.0,303876.0,16749411.0,55.11922955416025,24547.70175296874,1353050.4079489459,266306.0,28989.0,0.0,16015.0,0.8763640432281589,0.05270241809158999,9.18645003277105,3.0,1.0,155.0,0.0063,1.4,0.0,1.0,0.0,SYN_FLOOD
15.454,1307.0,1811.0,101299.0,55.93539480949752,117.18648893490358,6554.872524912644,1225.0,275.0,0.0,426.0,0.67642186637217,0.23522915516289342,4.454545454545454,1134.0,1.0,1.0,0.049,1.39,0.07345065034429993,0.9779127553837659,0.0,PORT_SCAN
21.276,70.0,1182.0,10104011.0,8548.232656514383,55.55555555555556,474901.814250799,481.0,446.0,0.0,0.0,0.4069373942470389,0.0,1.0784753363228698,1.0,1.0,1.0,0.2713,16.89,1.0,1.0,0.0,ANOMALY
48.858,451.0,2071.0,360185.0,173.91839690970545,42.38814523721806,7372.078267632732,579.0,651.0,251.0,427.0,0.27957508450024143,0.2061805890873974,0.8894009216589862,3.0,1.0,1.0,0.5756,4.59,0.9490022172949002,1.0,0.0,BRUTE_FORCE
6.647,5.0,2258.0,1184752.0,524.6908768821967,339.70212125771025,178238.60388145028,12.0,1611.0,8.0,0.0,0.005314437555358724,0.0,0.0074487895716946,1.0,3.0,1.0,1.0986,451.6,0.0,0.8343666961913198,0.007528786536758193,BENIGN
26.71,183.0,4992.0,38302463.0,7672.769030448718,186.89629352302507,1434012.09284912,2043.0,2333.0,0.0,0.0,0.4092548076923077,0.0,0.8756965280754393,1.0,1.0,1.0,0.1501,27.28,1.0,1.0,0.0,ANOMALY
24.214,327014.0,452652.0,19236608.0,42.49756545867466,18693.81349632444,794441.5627323036,354148.0,15961.0,0.0,32311.0,0.7823847017134575,0.07138154697206685,22.188334064281687,3.0,1.0,1.0,0.0022,1.38,0.0,1.0,0.0,SYN_FLOOD
51.481,115.0,10275.0,42841357.0,4169.475133819951,199.58819758745943,832178.0268448554,4934.0,5082.0,0.0,0.0,0.4801946472019465,0.0,0.9708776072412436,1.0,1.0,1.0,0.1558,89.35,1.0,1.0,0.0,ANOMALY
17.353,4.0,21113.0,10035565.0,475.3263392222801,1216.6772316026047,578318.7345127643,9.0,16128.0,4.0,0.0,0.00042627764884194575,0.0,0.0005580357142857143,2.0,2.0,1.0,2.2851,5278.25,0.0,0.9227016530099938,0.004546961587647421,BENIGN
28.153,64466.0,247668.0,59478278.0,240.1532616244327,8797.21521685078,2112679.927538806,90169.0,17162.0,3509.0,0.0,0.3640720642149975,0.0,5.253991376296469,1.0,1.0,17.0,0.3844,3.84,0.0,0.9790041507178966,0.0,DOS_DDOS
47.255,138.0,1000.0,104778.0,104.778,21.161781822029415,2217.2891757485977,149.0,478.0,143.0,127.0,0.149,0.127,0.3117154811715481,2.0,1.0,1.0,0.5321,7.25,0.9492753623188406,1.0,0.0,BRUTE_FORCE
26.377,938.0,1728.6943453228305,105151.0,60.82683169786342,65.53794386483794,3986.4654812905183,1373.0,354.0,0.0,454.0,0.7942410430824859,0.2626259530658766,3.878531073446328,745.0,1.0,1.0,0.0345,1.84,0.09488272921108742,0.9591053528264833,0.0,PORT_SCAN
7.6,6.0,3628.0,1443399.0,397.84977949283353,477.3684210526316,189920.9210526316,15.0,3265.0,7.0,3.0,0.004134509371554576,0.0008269018743109151,0.004594180704441042,3.0,3.0,2.0,1.3198,604.67,0.0,0.9377067254685777,0.010474090407938258,BENIGN
18.192,269.0,307.0,17296.0,56.33876221498371,16.875549692172385,950.7475813544415,8.0,67.0,165.0,0.0,0.026058631921824105,0.0,0.11940298507462686,269.0,1.0,1.0,0.0194,1.14,0.0,1.0,0.0,ANOMALY
11.037,8.0,1361.0,981818.0,721.3945628214548,123.31249433722931,88956.96294282866,15.0,1039.0,8.0,0.0,0.011021307861866276,0.0,0.014436958614051972,3.0,3.0,2.0,0.1893,170.12,0.0,0.8067597354886114,0.012490815576781777,BENIGN
53.898,92985.0,184640.0,33687134.0,182.44764948006932,3425.7300827488957,625016.4013506995,72289.0,33792.0,5502.0,70584.0,0.3915132149046794,0.3822790294627383,2.1392341382575757,4.0,1.0,16.0,0.5919,1.99,0.0,0.9741280329289428,0.0,DOS_DDOS
68.947,35.0,157.0,30481.0,194.1464968152866,2.2771114044120844,442.0932020247436,43.0,85.0,13.0,26.0,0.27388535031847133,0.16560509554140126,0.5058823529411764,3.0,1.0,1.0,2.2617,4.49,0.8571428571428571,1.0,0.0,BRUTE_FORCE
87.5,194.0,2230.0,578412.0,259.37757847533635,25.485714285714284,6610.4228571428575,395.0,1153.0,66.0,526.0,0.17713004484304934,0.2358744394618834,0.3425845620121422,3.0,1.0,1.0,2.3593,11.49,0.9175257731958762,1.0,0.0,BRUTE_FORCE
54.529,10206.0,1159868.0,1475932440.0,1272.5003534885004,21270.663316767223,27066926.58952117,300276.0,113853.0,24105.0,0.0,0.258888080367766,0.0,2.6374008590023976,3.0,1.0,56.0,1.2849,113.65,0.0,0.9655581497204855,0.0,DOS_DDOS
31.951,654.0,1467.0,95916.0,65.38241308793457,45.914055898093956,3001.971769271697,1315.0,76.0,0.0,321.0,0.896387184730743,0.21881390593047034,17.30263157894737,583.0,1.0,1.0,0.0127,2.24,0.021406727828746176,0.9768234492160872,0.0,PORT_SCAN
24.313,131.0,318.5887306783622,23447.0,73.59645129341189,13.103637176751622,964.381195245342,239.0,78.0,0.0,143.0,0.7501834716221879,0.44885454578231326,3.0641025641025643,115.0,1.0,1.0,0.029,2.43,0.10687022900763359,0.9761801660020939,0.0,PORT_SCAN
23.659,442759.0,618985.0,38060832.0,61.48910232073475,26162.771038505434,1608725.3053806163,442833.0,119141.0,0.0,49299.0,0.7154179826651695,0.07964490254206483,3.7168816780117675,3.0,1.0,1.0,0.0051,1.4,0.0,1.0,0.0,SYN_FLOOD
34.483,469.0,5376.0,1079567.0,200.81231398809524,155.90290867963927,31307.223849433056,1735.0,2897.0,108.0,949.0,0.32273065476190477,0.17652529761904762,0.5988954090438384,1.0,1.0,1.0,2.1118,11.46,0.8720682302771855,1.0,0.0,BRUTE_FORCE
27.379,529592.0,664337.0,32623112.0,49.10626986002586,24264.472771101937,1191537.7479089813,366518.0,191948.0,0.0,42162.0,0.5517049328879771,0.06346477766555227,1.9094650634546857,1.0,1.0,1.0,0.0014,1.25,0.0,1.0,0.0,SYN_FLOOD
8.293,11.0,1830.0,1103917.0,603.2333333333333,220.66803328108045,133114.3132762571,21.0,1418.0,25.0,3.0,0.011475409836065573,0.001639344262295082,0.014809590973201692,2.0,3.0,1.0,0.9117,166.36,0.0,0.8486338797814208,0.0,BENIGN
9.011,158.0,188.0,9706.0,51.62765957446808,20.863389190988794,1077.1279547220065,5.0,48.0,105.0,0.0,0.026595744680851064,0.0,0.10416666666666667,158.0,1.0,1.0,0.0014,1.19,0.0,1.0,0.0,ANOMALY
51.262,481.0,3271.0,767542.0,234.65056557627636,63.80944949475245,14972.923413054505,855.0,1909.0,220.0,1179.0,0.26138795475389787,0.3604402323448487,0.44787847040335255,2.0,1.0,1.0,0.7623,6.8,0.9313929313929314,1.0,0.0,BRUTE_FORCE
38.52,76042.0,307040.0,22920116.0,74.64863210005211,7970.92419522326,595018.5877466251,80822.0,34564.0,11458.0,0.0,0.26322954663887443,0.0,2.338328897118389,2.0,1.0,50.0,1.4743,4.04,0.0,0.9305139395518499,0.0,DOS_DDOS
29.613,56.0,82.0,6804.0,82.97560975609755,2.7690541316313784,229.76395501975483,3.0,18.0,61.0,0.0,0.036585365853658534,0.0,0.16666666666666666,56.0,1.0,1.0,0.0195,1.46,0.0,1.0,0.0,ANOMALY
24.055,7.0,9636.0,6206434.0,644.088210875882,400.581999584286,258010.14342132612,15.0,7787.0,13.0,0.0,0.001556662515566625,0.0,0.0019262874020803903,3.0,3.0,2.0,3.5868,1376.57,0.0,0.9937733499377335,0.019095060190950603,BENIGN
25.744,764.0,1611.0,141012.0,87.53072625698324,62.57768800497203,5477.470478558111,1041.0,236.0,0.0,443.0,0.6461824953445066,0.2749844816883923,4.411016949152542,623.0,1.0,1.0,0.0326,2.11,0.0968586387434555,0.9515828677839852,0.0,PORT_SCAN
12.049,79779.0,115912.0,8792812.0,75.85765063151356,9620.051456552412,729754.502448336,61248.0,29796.0,0.0,6624.0,0.5284008558216579,0.057146801021464556,2.0555779299234795,3.0,1.0,1.0,0.005,1.45,0.0,1.0,0.0,SYN_FLOOD
48.82,1990.0,213444.0,218696767.0,1024.6095790933452,4372.06063088898,4479655.202785743,93016.0,51455.0,5717.0,0.0,0.4357864357864358,0.0,1.8077154795452337,3.0,1.0,44.0,2.2672,107.26,0.0,0.9980650662468844,0.0,DOS_DDOS
75.64,4.0,12.0,906.0,75.5,0.15864621893178213,11.97778952934955,4.0,6.0,4.0,0.0,0.3333333333333333,0.0,0.6666666666666666,4.0,1.0,1.0,60.5122,3.0,0.0,1.0,0.0,ANOMALY
13.234,11.0,4874.0,1287927.0,264.2443578169881,368.29378872600876,97319.55568988968,20.0,2912.0,26.0,0.0,0.004103405826836274,0.0,0.006868131868131868,3.0,3.0,1.0,1.49,443.09,0.0,0.9062371768567912,0.0036930652441526466,BENIGN
55.944,83.0,21113.0,194831541.0,9228.03680197035,377.3952523952524,3482617.277992278,8653.0,6622.0,0.0,0.0,0.4098422772699285,0.0,1.3067049229839927,1.0,1.0,1.0,0.4146,254.37,1.0,1.0,0.0,ANOMALY
46.944,211967.0,613842.0,41308378.0,67.2948055036964,13076.048057259713,879950.1107702794,272750.0,72749.0,2597.0,223784.0,0.44433258069666137,0.364562867969282,3.749192428761907,4.0,1.0,1.0,0.9324,2.9,0.0,0.9215123761489112,0.0,DOS_DDOS
16.879,92243.0,105158.0,8220562.0,78.17343426082657,6230.108418745186,487028.97091059893,77036.0,6069.0,0.0,6504.0,0.7325738412674262,0.061849787938150214,12.693359696819904,1.0,1.0,107.0,0.0069,1.14,0.0,1.0,0.0,SYN_FLOOD
8.72,5.0,1980.0,1486548.0,750.7818181818182,227.0642201834862,170475.68807339447,10.0,1682.0,12.0,0.0,0.005050505050505051,0.0,0.005945303210463734,6.0,3.0,1.0,1.1589,396.0,0.0,0.9772727272727273,0.0015151515151515152,BENIGN
20.724,573547.0,744157.0,53384457.0,71.73816412396846,35907.98108473267,2575972.640416908,504852.0,50377.0,0.0,51209.0,0.6784213546334981,0.06881477967686926,10.021478055461818,3.0,1.0,1.0,0.0074,1.3,0.0,1.0,0.0,SYN_FLOOD
16.136,53.0,527.0,112706.0,213.86337760910817,32.659890927119484,6984.75458601884,149.0,160.0,47.0,150.0,0.2827324478178368,0.2846299810246679,0.93125,1.0,1.0,1.0,1.8486,9.94,0.9245283018867925,1.0,0.0,BRUTE_FORCE
39.567,429.0,5262.0,607526.0,115.45534017483847,132.9896125559178,15354.360957363459,1351.0,2568.0,398.0,1212.0,0.25674648422652985,0.23033067274800456,0.5260903426791277,3.0,1.0,1.0,0.7385,12.27,0.958041958041958,1.0,0.0,BRUTE_FORCE
75.158,399.0,2613.0,630269.0,241.2051282051282,34.766758029750655,8385.920327842678,550.0,1170.0,58.0,882.0,0.21048603138155378,0.3375430539609644,0.4700854700854701,3.0,1.0,1.0,2.2036,6.55,0.9924812030075187,1.0,0.0,BRUTE_FORCE
35.503,1167.0,2329.4480243208973,183949.0,78.96677585396075,65.61270947021089,5181.224121905191,1828.0,500.0,0.0,864.0,0.7847352595612928,0.3709033174294075,3.656,1010.0,1.0,1.0,0.0452,2.0,0.11568123393316196,0.953874040889055,0.0,PORT_SCAN
7.373,119760.0,149581.0,9384479.0,62.73844271665519,20287.671232876713,1272816.8994981688,78019.0,4693.0,0.0,8408.0,0.5215836235885574,0.05621034757088133,16.6245471979544,1.0,1.0,1.0,0.0038,1.25,0.0,1.0,0.0,SYN_FLOOD
37.408,1079.0,2742.0,200479.0,73.11415025528811,73.29982891360136,5359.2547048759625,1746.0,349.0,0.0,1405.0,0.6367614879649891,0.512399708242159,5.002865329512894,940.0,1.0,1.0,0.0386,2.54,0.061167747914735865,0.9700948212983224,0.0,PORT_SCAN
50.418,5.0,56701.0,39731402.0,700.717835664274,1124.6181919155856,788040.0253877584,9.0,46855.0,10.0,1.0,0.00015872735930583235,1.7636373256203593e-05,0.00019208195496745278,2.0,2.0,1.0,5.0763,11340.2,0.0,0.9047459480432444,0.00269836510819915,BENIGN
11.877,1058.0,1305.0,85646.0,65.62911877394636,109.87623137155846,7211.080239117622,992.0,257.0,0.0,554.0,0.7601532567049808,0.42452107279693485,3.859922178988327,942.0,1.0,1.0,0.0425,1.23,0.08034026465028356,0.9992337164750957,0.0,PORT_SCAN
49.588,367.0,3592.0,730625.0,203.4033964365256,72.43687989029604,14733.907396950875,1116.0,1983.0,288.0,964.0,0.3106904231625835,0.26837416481069043,0.5627836611195158,2.0,1.0,1.0,0.201,9.79,0.9455040871934605,1.0,0.0,BRUTE_FORCE
10.143,14907.0,71687.0,8250626.0,115.09235984209131,7067.632850241545,813430.5432317854,21045.0,9113.0,1669.0,0.0,0.293567871441126,0.0,2.309338307911774,4.0,1.0,19.0,0.3523,4.81,0.0,0.921408344609204,0.0,DOS_DDOS
17.76,439142.0,617923.0,26983827.0,43.668591394073374,34792.96171171171,1519359.6283783782,434225.0,123674.0,0.0,48098.0,0.7027170051932037,0.07783817724862159,3.5110451671329463,2.0,1.0,147.0,0.0045,1.41,0.0,1.0,0.0,SYN_FLOOD
34.934,780.0,1102.0,89833.0,81.51814882032667,31.54519951909315,2571.506268964333,43.0,335.0,650.0,0.0,0.03901996370235935,0.0,0.12835820895522387,780.0,1.0,1.0,0.0258,1.41,0.0,1.0,0.0,ANOMALY
5.413,7.0,1768.0,1344075.0,760.2234162895927,326.62109735821167,248305.0064659154,15.0,1182.0,8.0,0.0,0.008484162895927601,0.0,0.012690355329949238,6.0,3.0,1.0,0.5497,252.57,0.0,0.9666289592760181,0.013574660633484163,BENIGN
49.906,54.0,18447.0,105714742.0,5730.728140076977,369.63491363763876,2118277.2011381397,5642.0,8657.0,0.0,0.0,0.3058491895701198,0.0,0.6517269261869008,1.0,1.0,1.0,0.43,341.61,1.0,1.0,0.0,ANOMALY
35.103,81.0,1061.0,79321.0,74.76060320452403,30.225336865794944,2259.664416146768,192.0,436.0,58.0,393.0,0.18096135721017909,0.3704052780395853,0.44036697247706424,1.0,1.0,1.0,0.4358,13.1,0.9012345679012346,1.0,0.0,BRUTE_FORCE
24.43,315.0,486.0,23992.0,49.36625514403292,19.893573475235367,982.0712239050348,219.0,26.0,0.0,101.0,0.4506172839506173,0.20781893004115226,8.423076923076923,278.0,1.0,1.0,0.0077,1.54,0.07936507936507936,0.9794238683127572,0.0,PORT_SCAN
31.538,7.0,18339.0,11306938.0,616.5515022629369,581.4889973999619,358517.91489631555,15.0,14511.0,12.0,0.0,0.0008179290037624734,0.0,0.0010336985734959686,5.0,3.0,1.0,3.2211,2619.86,0.0,0.9740443862806042,0.013414035661704564,BENIGN
26.396,2.0,15213.0,12565429.0,825.9665417734832,576.337323836945,476035.3462645855,4.0,10168.0,3.0,2.0,0.00026293301781371196,0.00013146650890685598,0.0003933910306845004,5.0,1.0,1.0,3.9211,7606.5,0.0,0.9882994807072898,0.0023663971603234074,BENIGN
250.041,3.0,18.0,1004.0,55.77777777777778,0.07198819393619446,4.015341483996624,3.0,9.0,3.0,0.0,0.16666666666666666,0.0,0.3333333333333333,3.0,1.0,1.0,200.0324,6.0,0.0,1.0,0.0,ANOMALY
32.554,9566.0,482828.0,482503601.0,999.3281272005767,14831.602875222707,14821637.924678994,93808.0,42371.0,2278.0,144371.0,0.19428864937410423,0.29901124209863555,2.213967100139246,3.0,1.0,29.0,1.0767,50.47,0.0,0.9896029227799548,0.0,DOS_DDOS
54.243,10517.0,566396.0,594792265.0,1050.1350027189458,10441.8265951367,10965327.599874638,172487.0,57206.0,18036.0,0.0,0.304534283434205,0.0,3.0151907142607417,2.0,1.0,58.0,1.9536,53.86,0.0,0.9054654340779242,0.0,DOS_DDOS
55.824,5.0,76243.0,61471214.0,806.2538724866545,1365.774577242763,1101161.041845801,10.0,57365.0,5.0,2.0,0.00013115958186325302,2.6231916372650603e-05,0.0001743223219733287,4.0,2.0,1.0,3.5795,15248.6,0.0,0.8598953346536731,0.004629933239772832,BENIGN
34.446,941.0,1545.0,126728.0,82.02459546925566,44.852813098763285,3679.03385008419,853.0,133.0,0.0,762.0,0.5521035598705502,0.49320388349514566,6.413533834586466,739.0,1.0,1.0,0.0491,1.64,0.10414452709883103,0.9812297734627832,0.0,PORT_SCAN
14.826,411.0,42769.0,25629610.0,599.256704622507,2884.7295292054496,1728693.5113988938,18299.0,10512.0,1263.0,0.0,0.4278566251256751,0.0,1.7407724505327244,5.0,1.0,1.0,2.9428,104.06,0.0,0.9736257569735088,0.0,DOS_DDOS
35.489,433.0,1839.0,442741.0,240.7509516041327,51.818873453746235,12475.443095043536,521.0,886.0,210.0,418.0,0.2833061446438282,0.22729744426318652,0.5880361173814899,3.0,1.0,1.0,0.2092,4.25,0.9792147806004619,1.0,0.0,BRUTE_FORCE
4.451,5.0,2108.0,1532922.0,727.1925996204934,473.6014378791283,344399.4607953269,11.0,1573.0,8.0,0.0,0.005218216318785579,0.0,0.006993006993006993,1.0,2.0,1.0,1.1772,421.6,0.0,0.9900379506641366,0.009487666034155597,BENIGN
234.091,1.0,12.0,591.0,49.25,0.05126211601471223,2.524659213724577,1.0,6.0,1.0,0.0,0.08333333333333333,0.0,0.16666666666666666,1.0,1.0,1.0,187.273,12.0,0.0,1.0,0.0,ANOMALY
14.35,6.0,3961.0,1319225.0,333.05352183791973,276.0278745644599,91932.05574912892,13.0,2911.0,14.0,0.0,0.003281999495077001,0.0,0.004465819306080384,1.0,3.0,2.0,1.5725,660.17,0.0,0.9987376925018935,0.017167381974248927,BENIGN
25.522,852478.0,929438.0,52452662.0,56.43481544761458,36417.13031894052,2055194.028681138,493422.0,223293.0,0.0,61097.0,0.5308821029482332,0.06573542291147984,2.209751313296879,2.0,1.0,1.0,0.0026,1.09,0.0,1.0,0.0,SYN_FLOOD
26.071,756.0,1084.0,62784.0,57.91881918819188,41.57876567833991,2408.193011391968,3.0,230.0,744.0,0.0,0.0027675276752767526,0.0,0.013043478260869565,756.0,1.0,1.0,0.0252,1.43,0.0,1.0,0.0,ANOMALY
33.799,4.0,4563.0,2226447.0,487.93491124260356,135.00399420101186,65873.1619278677,9.0,2856.0,4.0,0.0,0.0019723865877712033,0.0,0.0031512605042016808,5.0,1.0,1.0,3.8071,1140.75,0.0,0.8897655051501205,0.0021915406530791147,BENIGN
83.412,147.0,1597.0,319925.0,200.32874139010644,19.14592624562413,3835.479307533688,514.0,662.0,42.0,329.0,0.32185347526612396,0.20601127113337508,0.7764350453172205,1.0,1.0,1.0,1.8428,10.86,0.8843537414965986,1.0,0.0,BRUTE_FORCE
22.205,442.0,559.0,25228.0,45.13059033989266,25.174510245440217,1136.1405088943932,12.0,131.0,474.0,0.0,0.02146690518783542,0.0,0.0916030534351145,442.0,1.0,1.0,0.0024,1.26,0.0,1.0,0.0,ANOMALY
17.814,211088.0,227075.0,12623513.0,55.59182208521413,12746.996744133827,708628.7751206916,121727.0,9694.0,0.0,12677.0,0.5360651767037322,0.05582736981173621,12.556942438621828,3.0,1.0,174.0,0.0023,1.08,0.0,1.0,0.0,SYN_FLOOD
40.409,45.0,2241.0,13905400.0,6204.997768853191,55.457942537553514,344116.409710708,799.0,839.0,0.0,0.0,0.356537260151718,0.0,0.9523241954707986,1.0,1.0,1.0,0.078,49.8,1.0,1.0,0.0,ANOMALY
19.068,95592.0,123293.0,8793740.0,71.32391944392626,6465.96391860709,461177.88965806586,85003.0,11525.0,0.0,4597.0,0.6894389786930321,0.03728516623003739,7.375531453362256,1.0,1.0,1.0,0.0016,1.29,0.0,1.0,0.0,SYN_FLOOD
9.376,6.0,809.0,310504.0,383.81211372064274,86.28412969283276,33116.89419795222,11.0,673.0,11.0,0.0,0.013597033374536464,0.0,0.01634472511144131,1.0,3.0,1.0,0.4822,134.83,0.0,0.8763906056860321,0.012360939431396786,BENIGN
15.561,1273.0,1996.0,154383.0,77.34619238476954,128.26939142728617,9921.149026412184,1237.0,122.0,0.0,235.0,0.6197394789579158,0.11773547094188377,10.139344262295081,1156.0,1.0,1.0,0.0169,1.57,0.02199528672427337,0.9539078156312625,0.0,PORT_SCAN
11.034,166.0,1921.0,8074267.0,4203.158250910984,174.09824179807865,731762.4614826898,677.0,545.0,0.0,0.0,0.3524206142634045,0.0,1.2422018348623853,1.0,1.0,1.0,0.0927,11.57,1.0,1.0,0.0,ANOMALY
10.562,5.0,4993.0,1940172.0,388.5784097736832,472.73243703843974,183693.6186328347,9.0,3107.0,11.0,1.0,0.0018025235329461246,0.0002002803925495694,0.002896684905053106,2.0,1.0,1.0,2.5058,998.6,0.0,0.9172841978770279,0.009813739234928901,BENIGN
89.21,1.0,4.0,197.0,49.25,0.044838022643201435,2.208272615177671,1.0,2.0,1.0,0.0,0.25,0.0,0.5,1.0,1.0,1.0,71.368,4.0,0.0,1.0,0.0,ANOMALY
20.06,547.0,657.0,44703.0,68.04109589041096,32.751744765702895,2228.4646061814556,19.0,248.0,541.0,0.0,0.0289193302891933,0.0,0.07661290322580645,547.0,1.0,1.0,0.01,1.2,0.0,1.0,0.0,ANOMALY
24.174,403361.0,534668.0,28171307.0,52.689345537791674,22117.481591792835,1165355.6300157194,270477.0,108881.0,0.0,4186.0,0.5058784142682936,0.007829157533272985,2.4841524232878096,1.0,1.0,1.0,0.0029,1.33,0.0,1.0,0.0,SYN_FLOOD
88.771,227.0,2924.0,711388.0,243.29274965800275,32.93868493088959,8013.743226954749,867.0,1321.0,320.0,455.0,0.29651162790697677,0.15560875512995895,0.6563209689629069,2.0,1.0,1.0,1.7306,12.88,0.9251101321585903,1.0,0.0,BRUTE_FORCE
89.36,474.0,3357.0,671964.0,200.1680071492404,37.56714413607878,7519.740376007162,977.0,1782.0,150.0,1161.0,0.29103366100685135,0.34584450402144773,0.5482603815937149,1.0,1.0,1.0,0.5165,7.08,0.9767932489451476,1.0,0.0,BRUTE_FORCE
44.91,2157.0,53891.0,29665882.0,550.4793379228443,1199.9777332442663,660562.9481184592,19230.0,10948.0,330.0,0.0,0.3568313818633909,0.0,1.7564852027767628,2.0,1.0,1.0,2.0274,24.98,0.0,0.9059768792562766,0.0,DOS_DDOS
12.814,1303.0,3199.0,163266.0,51.036573929352926,249.6488216013735,12741.220540034337,2716.0,204.0,0.0,1261.0,0.849015317286652,0.3941856830259456,13.313725490196079,1166.0,1.0,1.0,0.0121,2.46,0.10590943975441289,0.994685839324789,0.0,PORT_SCAN
40.593,4.0,22479.0,10278860.0,457.2650028915877,553.7654275367673,253217.54982386125,8.0,17446.0,8.0,0.0,0.00035588771742515237,0.0,0.00045855783560701593,4.0,3.0,1.0,4.342,5619.75,0.0,0.8061301659326483,0.008719249076916232,BENIGN
6.683,36916.0,51519.0,2443762.0,47.43418932820901,7708.963040550651,365668.41238964535,38708.0,5836.0,0.0,952.0,0.7513344591315825,0.018478619538422718,6.63262508567512,3.0,1.0,56.0,0.0071,1.4,0.0,1.0,0.0,SYN_FLOOD
25.156,487.0,8719.0,1018182.0,116.77738272737699,346.59723326443,40474.7177611703,1658.0,2705.0,1038.0,1914.0,0.19015942195205873,0.21952058722330542,0.6129390018484289,1.0,1.0,1.0,1.4062,17.9,0.893223819301848,1.0,0.0,BRUTE_FORCE
30.916,293.0,4829.0,1089041.0,225.52101884448126,156.19743821969206,35225.80540820287,1598.0,2617.0,108.0,574.0,0.33091737419755646,0.11886518948022365,0.6106228505922813,3.0,1.0,1.0,1.7141,16.48,0.9112627986348123,1.0,0.0,BRUTE_FORCE
89.56,213.0,964.0,167895.0,174.1649377593361,10.76373380973649,1874.6650290308173,319.0,312.0,43.0,342.0,0.3309128630705394,0.35477178423236516,1.0224358974358974,3.0,1.0,1.0,0.9309,4.53,0.9671361502347418,1.0,0.0,BRUTE_FORCE
63.557,246.0,4038.0,803204.0,198.91134224863794,63.53352109130387,12637.5379580534,1017.0,1866.0,499.0,930.0,0.25185735512630014,0.2303120356612184,0.545016077170418,1.0,1.0,1.0,1.8078,16.41,0.8861788617886179,1.0,0.0,BRUTE_FORCE
31.924,684.0,1021.0,80208.0,78.55827619980411,31.982207743390553,2512.4671093847887,41.0,164.0,755.0,0.0,0.040156709108716944,0.0,0.25,684.0,1.0,1.0,0.003,1.49,0.0,1.0,0.0,ANOMALY
58.074,38165.0,199923.0,29278075.0,146.44675700144555,3442.556049178634,504151.1691979199,23453.0,47465.0,7140.0,0.0,0.11731016441329913,0.0,0.494111450542505,3.0,1.0,1.0,0.151,5.24,0.0,0.9722593198381377,0.0,DOS_DDOS
27.819,163.0,2167.0,20287000.0,9361.79049377019,77.89640173981812,729249.7933067328,863.0,665.0,0.0,0.0,0.3982464236271343,0.0,1.2977443609022556,1.0,1.0,1.0,0.3997,13.29,1.0,1.0,0.0,ANOMALY
26.807,493875.0,537952.0,37597492.0,69.89004966985902,20067.594285074796,1402525.1613384564,436642.0,11903.0,0.0,26974.0,0.811674647552198,0.050142020105883055,36.68335713685625,3.0,1.0,1.0,0.0014,1.09,0.0,1.0,0.0,SYN_FLOOD
10.795,8.0,1804.0,1135470.0,629.4179600886918,167.11440481704494,105184.80778138027,19.0,1578.0,13.0,3.0,0.010532150776053215,0.0016629711751662971,0.012040557667934094,1.0,1.0,1.0,1.3249,225.5,0.0,0.9539911308203991,0.012195121951219513,BENIGN
27.782,7.0,35188.0,20809886.0,591.3915539388428,1266.5754805269598,749042.0416096753,17.0,23594.0,15.0,0.0,0.00048311924519722635,0.0,0.0007205221666525388,4.0,3.0,2.0,5.8999,5026.86,0.0,0.804876662498579,0.004376491985904286,BENIGN
50.651,220.0,3806.0,643670.0,169.11981082501313,75.14165564352135,12707.942587510612,1093.0,1265.0,299.0,671.0,0.28717813977929585,0.17630057803468208,0.8640316205533597,2.0,1.0,1.0,2.3429,17.3,0.9818181818181818,1.0,0.0,BRUTE_FORCE
38.283,745.0,893.0,79364.0,88.87346024636058,23.32628059451976,2073.0872711125044,724.0,157.0,0.0,242.0,0.8107502799552072,0.270996640537514,4.611464968152866,650.0,1.0,1.0,0.0183,1.2,0.11006711409395974,0.9787234042553191,0.0,PORT_SCAN
5.734,40560.0,54175.0,3854773.0,71.15409321642824,9448.029298918731,672265.9574468085,36998.0,11985.0,0.0,4110.0,0.6829349330872173,0.07586525149976926,3.0870254484772635,3.0,1.0,1.0,0.006,1.34,0.0,1.0,0.0,SYN_FLOOD
13.088,673.0,894.0,47698.0,53.35346756152125,68.30684596577018,3644.4070904645478,28.0,187.0,694.0,0.0,0.03131991051454139,0.0,0.1497326203208556,673.0,1.0,1.0,0.0282,1.33,0.0,1.0,0.0,ANOMALY
11.294,2.0,3725.0,1464875.0,393.255033557047,329.8211439702497,129703.82503984416,3.0,2336.0,2.0,3.0,0.0008053691275167785,0.0008053691275167785,0.0012842465753424657,3.0,1.0,1.0,0.9469,1862.5,0.0,0.9422818791946309,0.012348993288590604,BENIGN
271.268,1.0,3.0,206.0,68.66666666666667,0.011059173953433506,0.7593966114691008,1.0,1.0,1.0,0.0,0.3333333333333333,0.0,1.0,1.0,1.0,1.0,217.0142,3.0,0.0,1.0,0.0,ANOMALY
35.61,587.0,796.0,37379.0,46.95854271356784,22.35327155293457,1049.6770570064589,21.0,280.0,452.0,0.0,0.026381909547738693,0.0,0.075,587.0,1.0,1.0,0.0166,1.36,0.0,1.0,0.0,ANOMALY
23.521,30.0,2566.0,21487833.0,8374.058067030397,109.09400110539518,913559.5000212576,1129.0,1100.0,0.0,0.0,0.43998441153546375,0.0,1.0263636363636364,1.0,1.0,1.0,0.3206,85.53,1.0,1.0,0.0,ANOMALY
27.49,75.0,3286.0,21528212.0,6551.494826536823,119.53437613677701,783128.8468534013,1536.0,865.0,0.0,0.0,0.46743761412051127,0.0,1.7757225433526012,1.0,1.0,1.0,0.4826,43.81,1.0,1.0,0.0,ANOMALY
16.055,10913.0,34696.0,8548603.0,246.3858369840904,2161.071317346621,532457.365306758,14172.0,4373.0,867.0,0.0,0.4084620705556837,0.0,3.240795792362223,1.0,1.0,1.0,3.5101,3.18,0.0,0.9925351625547614,0.0,DOS_DDOS
26.104,132428.0,283832.0,19354184.0,68.1888722906508,10873.122893043212,741425.9883542752,25367.0,69418.0,6700.0,0.0,0.08937329124270696,0.0,0.3654239534414705,4.0,1.0,1.0,3.6369,2.14,0.0,0.9254946588122551,0.0,DOS_DDOS
25.588,617514.0,836092.297513511,41438646.0,49.5622865121902,32675.171858430163,1619456.22948257,693282.0,142808.0,0.0,23466.0,0.8291931429840695,0.028066279368661205,4.8546439975351525,3.0,1.0,1.0,0.0092,1.35,0.0,0.9999996441618804,0.0,SYN_FLOOD
38.124,271.0,3878.0,569695.0,146.9043321299639,101.7207008708425,14943.211625222955,941.0,2059.0,276.0,451.0,0.24265085095410005,0.11629706034038163,0.4570179698882953,3.0,1.0,1.0,1.7692,14.31,0.9298892988929889,1.0,0.0,BRUTE_FORCE
21.866,1306.0,131521.0,64567406.0,490.92849050721935,6014.863258026159,2952867.739870118,13387.0,28681.0,496.0,26488.0,0.10178602656609971,0.20139749545699925,0.4667549945957254,5.0,1.0,1.0,2.6852,100.71,0.0,0.9612609393176755,0.0,DOS_DDOS
37.685,520.0,610.0,25548.0,41.881967213114756,16.186811728804564,677.935518110654,20.0,137.0,508.0,0.0,0.03278688524590164,0.0,0.145985401459854,520.0,1.0,1.0,0.021,1.17,0.0,1.0,0.0,ANOMALY
52.618,151.0,1905.0,408754.0,214.56902887139108,36.20434071990574,7768.330229199133,232.0,720.0,133.0,310.0,0.12178477690288714,0.16272965879265092,0.32222222222222224,2.0,1.0,1.0,2.3352,12.62,0.9933774834437086,1.0,0.0,BRUTE_FORCE
21.065,2444.0,120408.0,91691287.0,761.5049415321241,5716.0218371706615,4352778.87491099,24944.0,23876.0,452.0,0.0,0.20716231479635905,0.0,1.0447311107388173,3.0,1.0,1.0,0.644,49.27,0.0,0.9589811308218723,0.0,DOS_DDOS
10.031,488.0,956.0,81048.0,84.77824267782427,95.30455587678198,8079.752766424085,697.0,102.0,0.0,165.0,0.7290794979079498,0.17259414225941422,6.833333333333333,413.0,1.0,1.0,0.0293,1.96,0.040983606557377046,0.9696652719665272,0.0,PORT_SCAN
74.745,297.0,2888.0,285304.0,98.78947368421052,38.63803598902936,3817.0312395477954,752.0,1249.0,170.0,807.0,0.26038781163434904,0.27943213296398894,0.6020816653322658,1.0,1.0,1.0,0.4853,9.72,0.9090909090909091,1.0,0.0,BRUTE_FORCE
26.366,393.0,637.0,52897.0,83.04081632653062,24.15990290525677,2006.2580596222408,477.0,56.0,0.0,180.0,0.7488226059654631,0.282574568288854,8.517857142857142,347.0,1.0,1.0,0.0282,1.62,0.10941475826972011,0.9607535321821036,0.0,PORT_SCAN
23.843,8.0,110620.0,12969369.0,117.24253299584161,4639.516839323911,543948.7061191964,521.0,0.0,0.0,4955.0,0.004709817392876514,0.04479298499367203,521.0,4.0,1.0,1.0,0.3374,13827.5,0.0,0.4670222382932562,0.5329687217501357,ANOMALY
44.771,4531.0,225242.0,112542377.0,499.65093987799787,5030.97987536575,2513733.8232337898,19492.0,37677.0,6624.0,0.0,0.08653803464717948,0.0,0.5173447992143748,4.0,1.0,37.0,2.0432,49.71,0.0,0.9599453032738121,0.0,DOS_DDOS
53.196,256.0,4339.0,329595.0,75.96105093339479,81.56628317918641,6195.860591021881,958.0,1481.0,617.0,1271.0,0.22078820004609356,0.29292463701313665,0.6468602295746118,3.0,1.0,1.0,0.303,16.95,0.9296875,1.0,0.0,BRUTE_FORCE
24.461,72896.0,99120.0,5265480.0,53.12227602905569,4052.1646702914845,215260.2101304117,72550.0,21016.0,0.0,7036.0,0.7319410815173527,0.07098466505246166,3.4521317091739627,2.0,1.0,187.0,0.0046,1.36,0.0,1.0,0.0,SYN_FLOOD
17.793,684.0,954.0,41150.0,43.134171907756816,53.61659079413253,2312.707244421964,22.0,203.0,632.0,0.0,0.023060796645702306,0.0,0.10837438423645321,684.0,1.0,1.0,0.0037,1.39,0.0,1.0,0.0,ANOMALY
29.993,54.0,352.0,63997.0,181.8096590909091,11.736071750075018,2133.731203947588,53.0,112.0,33.0,45.0,0.15056818181818182,0.1278409090909091,0.4732142857142857,2.0,1.0,1.0,1.7253,6.52,0.9629629629629629,1.0,0.0,BRUTE_FORCE
7.636,3.0,1616.0,684912.0,423.83168316831683,211.6291251964379,89695.12833944474,7.0,1498.0,3.0,2.0,0.004331683168316832,0.0012376237623762376,0.004672897196261682,2.0,3.0,2.0,0.1954,538.67,0.0,0.9263613861386139,0.018564356435643563,BENIGN
20.639,416.0,5381.0,640021.0,118.94090317784799,260.7199961238432,31010.271815494936,1625.0,2277.0,718.0,2115.0,0.301988477978071,0.3930496190299201,0.7136583223539745,2.0,1.0,1.0,2.324,12.94,0.9591346153846154,1.0,0.0,BRUTE_FORCE
28.222,203769.0,253239.0,14242869.0,56.24279435631952,8973.106087449507,504672.56041386153,150872.0,33734.0,0.0,4254.0,0.5957692140626049,0.016798360442111998,4.472401731191083,2.0,1.0,1.0,0.0071,1.24,0.0,1.0,0.0,SYN_FLOOD
11.912,6.0,948.0,671496.0,708.3291139240506,79.58361316319677,56371.39019476158,13.0,693.0,14.0,1.0,0.013713080168776372,0.0010548523206751054,0.01875901875901876,5.0,1.0,2.0,0.1623,158.0,0.0,0.9388185654008439,0.0,BENIGN
5.947,482.0,1039.0,87570.0,84.28296438883542,174.70993778375652,14725.071464604001,812.0,169.0,0.0,182.0,0.7815206929740135,0.1751684311838306,4.804733727810651,478.0,1.0,1.0,0.0306,2.16,0.07053941908713693,0.9778633301251203,0.0,PORT_SCAN
24.057,19.0,48484.0,4744874.0,97.86473888293045,2015.380138836929,197234.65103712017,1243.0,0.0,0.0,163.0,0.02563732365316393,0.0033619338338420923,1243.0,3.0,3.0,1.0,0.4104,2551.79,0.0,0.44618843329758273,0.5537909413414734,ANOMALY
39.858,5952.0,314715.0,232847214.0,739.8669081549974,7895.905464398616,5841919.163028752,115493.0,77714.0,6214.0,0.0,0.3669764707751458,0.0,1.4861286254728878,2.0,1.0,35.0,1.0493,52.88,0.0,0.937397327740972,0.0,DOS_DDOS
31.294,294.0,626.0,51064.0,81.57188498402556,20.00383460088196,1631.750495302614,358.0,90.0,0.0,184.0,0.5718849840255591,0.2939297124600639,3.977777777777778,239.0,1.0,1.0,0.0408,2.13,0.1054421768707483,0.9600638977635783,0.0,PORT_SCAN
5.442,37564.0,48822.0,3237610.0,66.31457129982385,8971.33406835722,594930.1727306137,24601.0,6396.0,0.0,3727.0,0.5038916881733645,0.07633853590594404,3.8463101938711697,2.0,1.0,198.0,0.0085,1.3,0.0,1.0,0.0,SYN_FLOOD
186.166,4.0,6.5,350.0,53.84615384615385,0.03491507579257222,1.8800425426769658,4.0,1.0,4.0,0.0,0.6153846153846154,0.0,4.0,4.0,1.0,1.0,148.9327,1.62,0.0,0.9230769230769231,0.0,ANOMALY
28.793,146.0,2014.0,426790.0,211.9116186693148,69.9475566978085,14822.69996179627,632.0,780.0,299.0,749.0,0.3138033763654419,0.37189672293942405,0.8102564102564103,2.0,1.0,1.0,1.1969,13.79,0.9452054794520548,1.0,0.0,BRUTE_FORCE
36.999,2.0,21290.0,3234271.0,151.91503053076562,575.4209573231709,87415.09229979188,3.0,18363.0,3.0,0.0,0.00014091122592766557,0.0,0.00016337199803953602,3.0,3.0,1.0,1.3001,10645.0,0.0,0.8774542038515735,0.010427430718647253,BENIGN
228.811,2.0,7.0,289.0,41.285714285714285,0.030592934780233467,1.2630511644982103,2.0,3.0,2.0,0.0,0.2857142857142857,0.0,0.6666666666666666,2.0,1.0,1.0,183.0489,3.5,0.0,1.0,0.0,ANOMALY
29.604,48008.0,1303520.0,1066184318.0,817.9270881919725,44031.88758275909,36014873.59816241,578174.0,263687.0,31316.0,258561.0,0.4435482386154413,0.19835598993494538,2.1926526525767294,1.0,1.0,38.0,2.5986,27.15,0.0,0.9697902602184854,0.0,DOS_DDOS
15.246,103325.0,155483.01068551972,9283942.0,59.71033078834395,10198.282217336988,608942.8046700774,116769.0,38712.0,0.0,9042.0,0.751008097188041,0.05815426367250097,3.0163515189088654,3.0,1.0,1.0,0.0068,1.5,0.0,0.9999999312753228,0.0,SYN_FLOOD
17.855,986.0,38722.0,44154827.0,1140.303367594649,2168.6922430691684,2472967.0680481656,13116.0,8318.0,1371.0,0.0,0.33872217344145444,0.0,1.576821351286367,2.0,1.0,1.0,1.3567,39.27,0.0,0.9744331387841537,0.0,DOS_DDOS
75.227,237.0,1311.0,93946.0,71.65980167810831,17.427253512701554,1248.83353051431,224.0,636.0,50.0,402.0,0.17086193745232647,0.30663615560640733,0.3522012578616352,1.0,1.0,1.0,0.9055,5.53,0.9493670886075949,1.0,0.0,BRUTE_FORCE
4.375,244.0,502.0,30672.0,61.0996015936255,114.74285714285715,7010.742857142857,254.0,87.0,0.0,264.0,0.5059760956175299,0.5258964143426295,2.9195402298850577,216.0,1.0,1.0,0.0182,2.06,0.020491803278688523,0.952191235059761,0.0,PORT_SCAN
24.094,3.0,14561.0,9624910.0,661.0061122175674,604.3413297916493,399473.3128579729,6.0,8271.0,5.0,0.0,0.00041205961129043336,0.0,0.0007254261878853826,3.0,3.0,1.0,3.3421,4853.67,0.0,0.8504223611015727,0.005837511159947806,BENIGN
27.279,171225.0,224009.0,17660322.0,78.83755563392542,8211.774625169544,647396.2388650611,138773.0,56787.0,0.0,17876.0,0.6194974309067939,0.07980036516389967,2.4437459277651574,1.0,1.0,1.0,0.0055,1.31,0.0,1.0,0.0,SYN_FLOOD
10.535,163627.0,241118.0,10549813.0,43.753734685921415,22887.327954437587,1001406.0749881348,157553.0,64246.0,0.0,11591.0,0.6534269527783078,0.048071898406589306,2.452339445257292,2.0,1.0,1.0,0.0054,1.47,0.0,1.0,0.0,SYN_FLOOD
55.966,32.0,134.0,22892.0,170.83582089552237,2.394310831576314,409.0340563913805,19.0,47.0,9.0,15.0,0.1417910447761194,0.11194029850746269,0.40425531914893614,2.0,1.0,1.0,0.3612,4.19,0.90625,1.0,0.0,BRUTE_FORCE
26.82,309346.0,382758.0,26434478.0,69.0631626249484,14271.364653243847,985625.5779269201,236156.0,48440.0,0.0,10477.0,0.616985144660595,0.0273723867299965,4.875227085053675,1.0,1.0,9.0,0.0052,1.24,0.0,1.0,0.0,SYN_FLOOD
7.783,14.0,2727.0,945211.0,346.6120278694536,350.37903122189385,121445.58653475523,29.0,2305.0,22.0,2.0,0.010634396773010634,0.0007334066740007334,0.012581344902386117,4.0,3.0,2.0,1.4239,194.79,0.0,0.8837550421708837,0.012834616795012835,BENIGN
44.914,214.0,3600.0,382142.0,106.15055555555556,80.15318163601549,8508.304760208399,640.0,1322.0,460.0,1014.0,0.17777777777777778,0.2816666666666667,0.48411497730711045,1.0,1.0,1.0,1.0991,16.82,0.9485981308411215,1.0,0.0,BRUTE_FORCE
10.531,199756.0,234879.0,15333003.0,65.2804337552527,22303.57990694141,1455987.370620074,182018.0,26878.0,0.0,10537.0,0.7749436944128679,0.044861396719161784,6.772006845747452,3.0,1.0,83.0,0.0067,1.18,0.0,1.0,0.0,SYN_FLOOD
11.944,308.0,2991.0,759905.0,254.06385824139085,250.41862022772938,63622.32083054253,719.0,1483.0,386.0,969.0,0.24038783015713808,0.3239719157472417,0.48482805124747136,2.0,1.0,1.0,1.374,9.71,0.8798701298701299,1.0,0.0,BRUTE_FORCE
27.083,4.0,14953.0,11204533.0,749.3167257406541,552.1175645238711,413710.92567293136,7.0,12652.0,9.0,1.0,0.00046813348491941416,6.687621213134488e-05,0.0005532722099272843,5.0,2.0,1.0,5.8705,3738.25,0.0,0.8137497492142045,0.016652176820704877,BENIGN
39.904,1120.0,2205.0,163399.0,74.10385487528345,55.25761828388131,4094.80252606255,1402.0,258.0,0.0,1018.0,0.635827664399093,0.4616780045351474,5.434108527131783,925.0,1.0,1.0,0.0116,1.97,0.08035714285714286,0.9569160997732427,0.0,PORT_SCAN
9.646,802.0,2006.0,171650.0,85.56829511465604,207.96184947128341,17794.940908148455,1507.0,107.0,0.0,661.0,0.751246261216351,0.32951146560319045,14.08411214953271,673.0,1.0,1.0,0.0132,2.5,0.02743142144638404,0.985543369890329,0.0,PORT_SCAN
7.301,36.0,6931.0,557365.0,80.4162458519694,949.322010683468,76340.91220380769,43.0,0.0,0.0,40.0,0.006204010965228683,0.005771172990910403,43.0,3.0,3.0,1.0,0.2818,192.53,0.0,0.4627037945462415,0.5371519261289858,ANOMALY
56.624,123.0,2022.0,277286.0,137.1345202769535,35.70923989827635,4896.969482904775,346.0,1067.0,212.0,186.0,0.17111770524233433,0.09198813056379822,0.32427366447985007,2.0,1.0,1.0,2.3625,16.44,0.943089430894309,1.0,0.0,BRUTE_FORCE
31.662,1226.0,1795.0,92575.0,51.57381615598886,56.69256522013771,2923.85193607479,920.0,90.0,0.0,271.0,0.5125348189415042,0.15097493036211698,10.222222222222221,1086.0,1.0,1.0,0.0351,1.46,0.10114192495921696,0.9866295264623955,0.0,PORT_SCAN
228.133,4.0,14.0,607.0,43.357142857142854,0.06136771094054783,2.6607286100651812,4.0,7.0,4.0,0.0,0.2857142857142857,0.0,0.5714285714285714,4.0,1.0,1.0,182.5063,3.5,0.0,1.0,0.0,ANOMALY
20.186,299.0,3522.0,733928.0,208.3838727995457,174.4773605469137,36358.26810660854,989.0,1883.0,386.0,1319.0,0.28080636002271436,0.3745031232254401,0.5252257036643654,1.0,1.0,1.0,1.3985,11.78,0.939799331103679,1.0,0.0,BRUTE_FORCE
9.272,109338.0,141108.0,7543097.0,53.45619667205261,15218.723037100948,813535.0517687661,86444.0,22231.0,0.0,5885.0,0.6126087819259007,0.04170564390396009,3.888444064594485,1.0,1.0,1.0,0.0096,1.29,0.0,1.0,0.0,SYN_FLOOD
43.691,128056.0,367941.0,59237931.0,160.99845083858554,8421.436909203268,1355838.296216612,151037.0,75132.0,8018.0,0.0,0.41049244308190713,0.0,2.010288558803173,4.0,1.0,1.0,3.2813,2.87,0.0,0.9358185143813817,0.0,DOS_DDOS
3.904,13.0,688.0,481745.0,700.2107558139535,176.22950819672133,123397.79713114754,27.0,502.0,17.0,3.0,0.03924418604651163,0.00436046511627907,0.053784860557768925,6.0,3.0,1.0,0.3103,52.92,0.0,0.9055232558139535,0.00436046511627907,BENIGN
6.555,4.0,1739.0,415099.0,238.69982748706153,265.2936689549962,63325.553012967204,8.0,1032.0,9.0,0.0,0.004600345025876941,0.0,0.007751937984496124,4.0,3.0,1.0,0.6462,434.75,0.0,0.9706728004600345,0.010925819436457734,BENIGN
11.874,6.0,1804.0,502912.0,278.7760532150776,151.92858345965976,42354.05086744147,13.0,1411.0,9.0,0.0,0.007206208425720621,0.0,0.009213323883770375,3.0,1.0,2.0,0.8818,300.67,0.0,0.9733924611973392,0.007206208425720621,BENIGN
18.859,324574.0,366176.0,15986168.0,43.65706108537971,19416.512010180813,847667.8508934726,276781.0,84487.0,0.0,4604.0,0.7558687625622651,0.01257318884907804,3.2760187957910682,3.0,1.0,127.0,0.0017,1.13,0.0,1.0,0.0,SYN_FLOOD
9.391,969.0,1658.0,144317.0,87.04282267792522,176.55201788946863,15367.585986582899,878.0,147.0,0.0,752.0,0.5295536791314838,0.45355850422195415,5.9727891156462585,769.0,1.0,1.0,0.0202,1.71,0.02786377708978328,0.9547647768395657,0.0,PORT_SCAN
23.686,27362.0,128545.0,16319235.0,126.95347932630597,5427.0455121168625,688982.3102254496,61719.0,20544.0,4046.0,36415.0,0.48013536115757127,0.2832860087906959,3.0042348130841123,5.0,1.0,44.0,1.9844,4.7,0.0,0.956941149013964,0.0,DOS_DDOS
284.364,2.0,9.0,409.0,45.44444444444444,0.031649575895683,1.4382973934815941,2.0,4.0,2.0,0.0,0.2222222222222222,0.0,0.5,2.0,1.0,1.0,227.4914,4.5,0.0,1.0,0.0,ANOMALY
13.517,28209.0,163857.0,22821516.0,139.2770281403907,12122.290449064141,1688356.588000296,28296.0,12520.0,2040.0,0.0,0.17268716014573682,0.0,2.2600638977635783,2.0,1.0,1.0,0.7183,5.81,0.0,0.9745509804280562,0.0,DOS_DDOS
24.275,552468.0,712147.0,47735319.0,67.03014826994989,29336.64263645726,1966439.5056642639,452079.0,131976.0,0.0,44953.0,0.6348113521506094,0.06312320349590744,3.4254637206764866,2.0,1.0,1.0,0.0037,1.29,0.0,1.0,0.0,SYN_FLOOD
24.18,397729.0,493530.0,32981603.0,66.82795979980953,20410.669975186105,1364003.4325889165,251137.0,72968.0,0.0,28664.0,0.5088586306810123,0.058079549368832695,3.4417415853524833,1.0,1.0,1.0,0.0011,1.24,0.0,1.0,0.0,SYN_FLOOD
36.044,7.0,22217.0,13076992.0,588.6029616959986,616.3855287981356,362806.34779713687,13.0,13667.0,14.0,0.0,0.0005851375073142189,0.0,0.0009511963122850663,2.0,1.0,1.0,2.9705,3173.86,0.0,0.9506684070756628,0.017599135796912274,BENIGN
32.067,5.0,19414.0,9106182.0,469.0523333676728,605.4199020800199,283973.61773786135,9.0,13070.0,11.0,3.0,0.0004635829813536623,0.00015452766045122076,0.0006885998469778118,4.0,1.0,1.0,2.1843,3882.8,0.0,0.9657463685999794,0.00468733903368703,BENIGN
39.531,1093.0,1319.0,76453.0,57.9628506444276,33.366218916799475,1934.0011636437227,943.0,269.0,0.0,465.0,0.7149355572403336,0.3525398028809704,3.5055762081784385,1017.0,1.0,1.0,0.0365,1.21,0.06404391582799634,0.9636087945413192,0.0,PORT_SCAN
5.121,96.0,121.0,6352.0,52.49586776859504,23.628197617652802,1240.3827377465338,3.0,44.0,73.0,0.0,0.024793388429752067,0.0,0.06818181818181818,96.0,1.0,1.0,0.0063,1.26,0.0,1.0,0.0,ANOMALY
3.821,5.0,1805.0,1401201.0,776.2886426592797,472.3894268516095,366710.54697723105,10.0,1594.0,6.0,0.0,0.00554016620498615,0.0,0.006273525721455458,6.0,2.0,2.0,0.9436,361.0,0.0,0.929639889196676,0.0016620498614958448,BENIGN
13.323,1564.0,98402.0,86448866.0,878.5275299282534,7385.874052390603,6488693.687607896,21049.0,16884.0,3411.0,0.0,0.21390825389727852,0.0,1.2466832504145937,1.0,1.0,43.0,0.2132,62.92,0.0,0.9115770004674701,0.0,DOS_DDOS
31.765,1108.0,2718.0,131402.0,48.345106696100075,85.56587439005195,4136.691326932158,1638.0,464.0,0.0,396.0,0.6026490066225165,0.1456953642384106,3.5301724137931036,870.0,1.0,1.0,0.0054,2.45,0.11191335740072202,0.9573215599705666,0.0,PORT_SCAN
45.866,128.0,15218.0,63366522.0,4163.919174661585,331.79261326472766,1381557.6243840754,5625.0,5018.0,0.0,0.0,0.36962807201997633,0.0,1.120964527700279,1.0,1.0,1.0,0.0944,118.89,1.0,1.0,0.0,ANOMALY
42.734,2.0,19084.0,16070118.0,842.0728358834626,446.5764964665138,376049.9368184584,3.0,11196.0,2.0,0.0,0.00015719974848040242,0.0,0.0002679528403001072,5.0,1.0,1.0,4.5479,9542.0,0.0,0.9144309369105009,0.002881995388807378,BENIGN
85.456,69.0,362.0,30020.0,82.92817679558011,4.236098108968358,351.29189290395055,85.0,149.0,20.0,75.0,0.23480662983425415,0.20718232044198895,0.5704697986577181,3.0,1.0,1.0,1.8183,5.25,0.9420289855072463,1.0,0.0,BRUTE_FORCE
21.433,194.0,402.0,25140.0,62.53731343283582,18.75612373442822,1172.9575887649885,286.0,62.0,0.0,168.0,0.7114427860696517,0.417910447761194,4.612903225806452,161.0,1.0,1.0,0.0053,2.07,0.07216494845360824,0.9850746268656716,0.0,PORT_SCAN
26.61,11843.0,63391.0,7483076.0,118.04634727327223,2382.2247275460354,281212.9274708756,30565.0,16600.0,1219.0,0.0,0.4821662381095108,0.0,1.841265060240964,3.0,1.0,1.0,3.8992,5.35,0.0,0.9250997775709485,0.0,DOS_DDOS
7.509,9.0,2010.0,1370001.0,681.5925373134328,267.67878545745106,182447.86256492208,18.0,1749.0,20.0,0.0,0.008955223880597015,0.0,0.010291595197255575,2.0,3.0,2.0,1.1312,223.33,0.0,0.8472636815920398,0.012935323383084577,BENIGN
26.765,316.0,2318.0,208424.0,89.91544434857636,86.6056416962451,7787.18475621147,575.0,1166.0,211.0,911.0,0.24805867126833478,0.3930112165660052,0.49313893653516294,2.0,1.0,1.0,0.3484,7.34,0.9936708860759493,1.0,0.0,BRUTE_FORCE
34.43,661.0,937.0,45918.0,49.005336179295625,27.214638396747024,1333.6625036305547,475.0,67.0,0.0,357.0,0.5069370330843116,0.3810032017075774,7.08955223880597,602.0,1.0,1.0,0.0481,1.42,0.046898638426626324,0.9509071504802561,0.0,PORT_SCAN
30.513,224.0,1887.0,358373.0,189.91679915209326,61.842493363484415,11744.928391177531,433.0,782.0,282.0,504.0,0.2294647588765236,0.2670906200317965,0.5537084398976982,2.0,1.0,1.0,1.8578,8.42,0.8616071428571429,1.0,0.0,BRUTE_FORCE
29.544,436685.0,595413.0,37372369.0,62.76713642463299,20153.432168968317,1264973.2263742215,355095.0,80130.0,0.0,11319.0,0.5963843584201218,0.019010334003456423,4.431486334706102,1.0,1.0,133.0,0.0041,1.36,0.0,1.0,0.0,SYN_FLOOD
22.747,528.0,652.0,44427.0,68.13957055214723,28.663120411482833,1953.092715522926,18.0,161.0,506.0,0.0,0.027607361963190184,0.0,0.11180124223602485,528.0,1.0,1.0,0.0123,1.23,0.0,1.0,0.0,ANOMALY
30.89,362.0,461.0,33111.0,71.82429501084599,14.923923599870507,1071.900291356426,17.0,84.0,372.0,0.0,0.0368763557483731,0.0,0.20238095238095238,362.0,1.0,1.0,0.0141,1.27,0.0,1.0,0.0,ANOMALY
16.361,1854.0,85903.0,82918186.0,965.2536698369091,5250.473687427419,5068038.9951714445,26805.0,24384.0,1436.0,0.0,0.3120379963447144,0.0,1.0992864173228347,2.0,1.0,1.0,2.8085,46.33,0.0,0.9923052745538573,0.0,DOS_DDOS
22.893,29.0,109386.0,10417071.0,95.23221436015578,4778.141790066832,455033.02319486305,3546.0,0.0,0.0,3236.0,0.032417311173276286,0.02958331047848902,3546.0,4.0,3.0,1.0,0.1672,3771.93,0.0,0.4913151591611358,0.5086756989011391,ANOMALY
29.14,283.0,3004.0,251073.0,83.57956058588549,103.0885380919698,8616.094715168154,945.0,1589.0,148.0,394.0,0.31458055925432754,0.1311584553928096,0.5947136563876652,1.0,1.0,1.0,1.3284,10.61,0.9681978798586572,1.0,0.0,BRUTE_FORCE
78.978,85.0,1023.0,213657.0,208.8533724340176,12.952974245992555,2705.2723543265215,318.0,501.0,55.0,333.0,0.31085043988269795,0.3255131964809384,0.6347305389221557,2.0,1.0,1.0,1.6376,12.04,0.8705882352941177,1.0,0.0,BRUTE_FORCE
8.111,8.0,2134.0,1233856.0,578.1893158388003,263.0994945136234,152121.31673036615,16.0,1469.0,12.0,0.0,0.007497656982193065,0.0,0.010891763104152484,5.0,3.0,1.0,0.8539,266.75,0.0,0.8425492033739457,0.011246485473289597,BENIGN
12.415,94391.0,136383.0,9746184.0,71.46186841468511,10985.340314136127,785032.9440193315,71809.0,35375.0,0.0,6543.0,0.5265245668448414,0.04797518752337168,2.029936395759717,1.0,1.0,187.0,0.0035,1.44,0.0,1.0,0.0,SYN_FLOOD
5.302,407.0,1019.0,72699.0,71.34347399411187,192.1916258015843,13711.618257261413,492.0,228.0,0.0,483.0,0.48282630029440626,0.47399411187438667,2.1578947368421053,402.0,1.0,1.0,0.0037,2.5,0.08108108108108109,0.9803729146221786,0.0,PORT_SCAN
60.025,469.0,2505.0,221290.0,88.33932135728543,41.732611411911705,3686.630570595585,716.0,986.0,313.0,506.0,0.28582834331337326,0.20199600798403194,0.7261663286004056,3.0,1.0,1.0,0.4049,5.34,0.9701492537313433,1.0,0.0,BRUTE_FORCE
30.26,2.0,16608.0,10621937.0,639.5674975915222,548.8433575677461,351022.37276933243,5.0,12850.0,4.0,1.0,0.00030105973025048167,6.021194605009634e-05,0.0003891050583657588,5.0,1.0,2.0,2.1612,8304.0,0.0,0.9090799614643545,0.01625722543352601,BENIGN
280.814,1.0,18.0,1218.0,67.66666666666667,0.06409936826511498,4.337390585939447,1.0,9.0,1.0,0.0,0.05555555555555555,0.0,0.1111111111111111,1.0,1.0,1.0,224.6513,18.0,0.0,1.0,0.0,ANOMALY
34.256,9.0,16088.0,4960255.0,308.32017652909,469.6403549743111,144799.59715086408,17.0,12085.0,15.0,0.0,0.0010566882148184983,0.0,0.0014067025237898222,5.0,3.0,2.0,0.8539,1787.56,0.0,0.8493286921929388,0.014669318746892094,BENIGN
30.648,120.0,722.0,82290.0,113.97506925207756,23.557817802140434,2685.0039154267815,240.0,237.0,98.0,121.0,0.33240997229916897,0.16759002770083103,1.0126582278481013,3.0,1.0,1.0,2.3949,6.02,0.9666666666666667,1.0,0.0,BRUTE_FORCE
39.776,133.0,345.0,21060.0,61.04347826086956,8.67357200321802,529.465004022526,183.0,41.0,0.0,179.0,0.5304347826086957,0.518840579710145,4.463414634146342,123.0,1.0,1.0,0.0121,2.59,0.022556390977443608,0.9565217391304348,0.0,PORT_SCAN
11.722,4.0,4098.0,3109124.0,758.6930209858467,349.5990445316499,265238.35522948304,7.0,3195.0,7.0,0.0,0.001708150317227916,0.0,0.002190923317683881,4.0,1.0,2.0,0.7603,1024.5,0.0,0.8987310883357735,0.012201073694485115,BENIGN
252.004,2.0,12.0,858.0,71.5,0.04761829177314646,3.404707861779972,2.0,6.0,2.0,0.0,0.16666666666666666,0.0,0.3333333333333333,2.0,1.0,1.0,201.6029,6.0,0.0,1.0,0.0,ANOMALY
41.029,79.0,7167.0,46420646.0,6476.998186130878,174.68132296668207,1131410.6120061418,3005.0,2757.0,0.0,0.0,0.41928282405469514,0.0,1.0899528472977875,1.0,1.0,1.0,0.1752,90.72,1.0,1.0,0.0,ANOMALY
15.577,116090.0,146577.0,11341162.0,77.37340783342543,9409.83501316043,728071.0021185081,87224.0,29482.0,0.0,3465.0,0.595072896839204,0.023639452301520703,2.958550980259141,1.0,1.0,144.0,0.0028,1.26,0.0,1.0,0.0,SYN_FLOOD
11.749,418.0,3336.0,302087.0,90.55365707434052,283.9390586432888,25711.720146395437,673.0,1319.0,68.0,526.0,0.20173860911270983,0.15767386091127097,0.510235026535254,2.0,1.0,1.0,1.1857,7.98,0.8732057416267942,1.0,0.0,BRUTE_FORCE
83.306,186.0,2143.0,185723.0,86.66495566962203,25.724437615537898,2229.407245576549,724.0,708.0,164.0,327.0,0.33784414372375177,0.15258982734484366,1.0225988700564972,2.0,1.0,1.0,0.5651,11.52,0.9139784946236559,1.0,0.0,BRUTE_FORCE
16.049,207812.0,257596.0,19853415.0,77.07190717247163,16050.595052651255,1237049.9719608699,160167.0,69534.0,0.0,7380.0,0.6217759592540257,0.02864951319119862,2.3034342911381485,2.0,1.0,173.0,0.0024,1.24,0.0,1.0,0.0,SYN_FLOOD
42.484,292.0,4019.0,301671.0,75.06120925603383,94.60032012051596,7100.8144242538365,985.0,2264.0,178.0,385.0,0.24508584224931576,0.09579497387409804,0.43507067137809186,3.0,1.0,1.0,1.3527,13.76,0.8767123287671232,1.0,0.0,BRUTE_FORCE
55.988,6.0,70850.0,48985048.0,691.3909386026817,1265.449739229835,874920.4829606344,13.0,47125.0,13.0,0.0,0.0001834862385321101,0.0,0.00027586206896551725,6.0,2.0,2.0,3.7072,11808.33,0.0,0.8848835568101623,0.018179251940719832,BENIGN
15.034,47280.0,149186.0,24910438.0,166.97570817637043,9923.240654516429,1656940.1356924304,32862.0,9391.0,2657.0,0.0,0.2202753609588031,0.0,3.4993078479395168,3.0,1.0,37.0,2.9633,3.16,0.0,0.9219430777686914,0.0,DOS_DDOS
28.376,27.0,212928.0,18814749.0,88.3620237826871,7503.8060332675495,663051.4871722582,6337.0,0.0,0.0,8867.0,0.029761233844304177,0.04164318455064623,6337.0,1.0,3.0,1.0,0.0434,7886.22,0.0,0.2478443417493237,0.7521509618274722,ANOMALY
5.035,40691.0,52977.0,2818368.0,53.19984144062518,10521.747765640515,559755.3128103277,40281.0,9178.0,0.0,3009.0,0.7603488306246107,0.05679823319553769,4.388864676400087,1.0,1.0,7.0,0.0064,1.3,0.0,1.0,0.0,SYN_FLOOD
13.187,1219.0,2974.0,263708.0,88.67114996637525,225.52513839387277,19997.573367710625,2323.0,276.0,0.0,645.0,0.781102891728312,0.2168796234028245,8.416666666666666,975.0,1.0,1.0,0.0056,2.44,0.031173092698933553,0.9986550100874243,0.0,PORT_SCAN
12.962,223.0,330.0,26518.0,80.35757575757576,25.459034099675975,2045.8262613794168,209.0,52.0,0.0,43.0,0.6333333333333333,0.1303030303030303,4.019230769230769,222.0,1.0,1.0,0.0416,1.48,0.04035874439461883,0.9878787878787879,0.0,PORT_SCAN
34.944,184.0,2294.0,295249.0,128.70488230165648,65.64789377289377,8449.204441391941,625.0,752.0,119.0,373.0,0.2724498692240628,0.16259808195292066,0.8311170212765957,2.0,1.0,1.0,0.89,12.47,0.9565217391304348,1.0,0.0,BRUTE_FORCE
56.884,375.0,2344.0,350624.0,149.5836177474403,41.20666619787638,6163.842205189509,518.0,1151.0,260.0,852.0,0.22098976109215018,0.363481228668942,0.45004344048653344,3.0,1.0,1.0,1.7911,6.25,0.968,1.0,0.0,BRUTE_FORCE
30.084,564.0,897.0,45114.0,50.2943143812709,29.816513761467892,1499.6011168727564,497.0,55.0,0.0,201.0,0.5540691192865106,0.22408026755852842,9.036363636363637,469.0,1.0,1.0,0.0197,1.59,0.08865248226950355,0.9843924191750278,0.0,PORT_SCAN
13.47,6102.0,20506.0,2268876.0,110.64449429435287,1522.3459539717892,168439.1982182628,9823.0,3274.0,282.0,0.0,0.4790305276504438,0.0,3.0003054367745876,2.0,1.0,1.0,2.659,3.36,0.0,0.9770798790597873,0.0,DOS_DDOS
6.659,3.0,2301.0,1203629.0,523.0895262929162,345.5473794864094,180752.2150473044,6.0,1606.0,4.0,0.0,0.002607561929595828,0.0,0.0037359900373599006,4.0,3.0,2.0,0.2765,767.0,0.0,0.9074315514993481,0.012168622338113864,BENIGN
29.215,1279.0,1881.0,168483.0,89.57097288676236,64.38473386958754,5767.003251754236,1434.0,174.0,0.0,1002.0,0.7623604465709729,0.532695374800638,8.241379310344827,1173.0,1.0,1.0,0.024,1.47,0.05942142298670837,0.9537480063795853,0.0,PORT_SCAN
19.052,2.0,22759.0,14359531.0,630.9385737510436,1194.5727482678983,753702.0260340122,4.0,13904.0,4.0,0.0,0.0001757546465134672,0.0,0.00028768699654775604,2.0,3.0,1.0,1.8064,11379.5,0.0,0.8723581879695944,0.0017136078035063051,BENIGN
28.211,245765.0,318192.9822466017,24263779.0,76.25491558200176,11279.039461437089,860082.2019779519,255414.0,62777.0,0.0,20136.0,0.8027015498476721,0.06328235103687631,4.0685920002548706,1.0,1.0,1.0,0.0092,1.29,0.0,0.9999969130475638,0.0,SYN_FLOOD
11.78,637.0,73302.0,58807861.0,802.2681645794112,6222.580645161291,4992178.353140917,31897.0,9042.0,813.0,0.0,0.435145016507053,0.0,3.5276487502764877,2.0,1.0,40.0,2.5883,115.07,0.0,0.9656898856784263,0.0,DOS_DDOS
46.463,4283.0,349336.0,195380367.0,559.2906743078297,7518.584680283236,4205074.295676129,111741.0,77377.0,8398.0,106305.0,0.3198668330776101,0.3043058831611972,1.4441112992232834,2.0,1.0,1.0,0.8247,81.56,0.0,0.9679534889046648,0.0,DOS_DDOS
28.836,220591.0,323458.0,20223193.0,62.52185136864755,11217.159106672216,701317.5544458317,196670.0,81858.0,0.0,1367.0,0.6080232982334646,0.004226205566101318,2.4025751911847344,1.0,1.0,1.0,0.0083,1.47,0.0,1.0,0.0,SYN_FLOOD
20.962,251637.0,286308.0,19596611.0,68.44590790337678,13658.42953916611,934863.6103425246,234700.0,30815.0,0.0,11018.0,0.8197465666345335,0.03848303225896587,7.616420574395587,2.0,1.0,128.0,0.0077,1.14,0.0,1.0,0.0,SYN_FLOOD
49.475,31.0,11844.0,62650038.0,5289.601317122594,239.39363314805456,1266296.8772107125,5860.0,3920.0,0.0,0.0,0.49476528199932457,0.0,1.4948979591836735,1.0,1.0,1.0,0.2835,382.06,1.0,1.0,0.0,ANOMALY
29.748,2538.0,192544.0,165030066.0,857.1031348678744,6472.502353099368,5547602.057281162,55827.0,14823.0,5444.0,0.0,0.2899441166694366,0.0,3.766241651487553,3.0,1.0,23.0,0.0814,75.86,0.0,0.9084313195944823,0.0,DOS_DDOS
29.085,15892.0,76779.0,19350357.0,252.02668698472237,2639.8143372872614,665303.661681279,26964.0,18116.0,1524.0,0.0,0.3511897784550463,0.0,1.4884080370942814,1.0,1.0,1.0,2.289,4.83,0.0,0.9461441279516535,0.0,DOS_DDOS
55.688,289.0,1234.0,254308.0,206.0842787682334,22.159172532682085,4566.657089498635,403.0,584.0,56.0,293.0,0.326580226904376,0.23743922204213938,0.690068493150685,3.0,1.0,1.0,1.5688,4.27,0.8719723183391004,1.0,0.0,BRUTE_FORCE
279.159,4.0,11.0,638.0,58.0,0.039404067216174295,2.2854358985381094,4.0,5.0,4.0,0.0,0.36363636363636365,0.0,0.8,4.0,1.0,1.0,223.3274,2.75,0.0,1.0,0.0,ANOMALY
17.322,7.0,25475.0,19154878.0,751.9088518155054,1470.6731324327445,1105812.1464034177,13.0,17028.0,16.0,0.0,0.0005103042198233562,0.0,0.0007634484378670426,5.0,1.0,2.0,2.4215,3639.29,0.0,0.9316977428851816,0.015034347399411188,BENIGN
25.894,640.0,1602.4822632750802,107560.0,67.12086770943336,61.88623863733221,4153.858036610798,1311.0,290.0,0.0,713.0,0.8181057787938557,0.44493472180016713,4.520689655172414,559.0,1.0,1.0,0.0199,2.5,0.0828125,0.9872184149899922,0.0,PORT_SCAN
38.665,133.0,210.0,16830.0,80.14285714285714,5.431268589163326,435.2773826458037,155.0,37.0,0.0,43.0,0.7380952380952381,0.20476190476190476,4.1891891891891895,114.0,1.0,1.0,0.0064,1.58,0.09774436090225563,0.9571428571428572,0.0,PORT_SCAN
9.259,692.0,876.0,67359.0,76.89383561643835,94.61064909817475,7274.975699319581,25.0,112.0,517.0,0.0,0.028538812785388126,0.0,0.22321428571428573,692.0,1.0,1.0,0.0106,1.27,0.0,1.0,0.0,ANOMALY
46.065,224.0,973.0,144504.0,148.51387461459404,21.122327146423533,3136.9586453923803,334.0,295.0,57.0,344.0,0.3432682425488181,0.35354573484069884,1.1322033898305084,1.0,1.0,1.0,0.9437,4.34,0.9508928571428571,1.0,0.0,BRUTE_FORCE
49.154,108.0,567.0,127178.0,224.29982363315696,11.535175163771004,2587.337754811409,181.0,171.0,20.0,60.0,0.31922398589065254,0.10582010582010581,1.0584795321637428,2.0,1.0,1.0,0.928,5.25,0.9629629629629629,1.0,0.0,BRUTE_FORCE
23.948,52.0,54.0,3718.0,68.85185185185185,2.2548855854351095,155.25304827125439,2.0,20.0,44.0,0.0,0.037037037037037035,0.0,0.1,52.0,1.0,1.0,0.0178,1.04,0.0,1.0,0.0,ANOMALY
85.096,4.0,11.0,574.0,52.18181818181818,0.12926577042399173,6.745322929397386,4.0,5.0,4.0,0.0,0.36363636363636365,0.0,0.8,4.0,1.0,1.0,68.0765,2.75,0.0,1.0,0.0,ANOMALY
29.988,94.0,663.0,90198.0,136.0452488687783,22.108843537414966,3007.8031212484993,80.0,353.0,13.0,209.0,0.12066365007541478,0.3152337858220211,0.22662889518413598,3.0,1.0,1.0,0.3205,7.05,0.9148936170212766,1.0,0.0,BRUTE_FORCE
76.143,351.0,3757.0,349865.0,93.12350279478308,49.34137084170574,4594.841285476012,708.0,1639.0,330.0,1082.0,0.18844822997072133,0.28799574128293853,0.4319707138499085,1.0,1.0,1.0,2.1602,10.7,0.9316239316239316,1.0,0.0,BRUTE_FORCE
5.002,14.0,2093.0,543382.0,259.61872909698997,418.4326269492203,108632.9468212715,29.0,1423.0,30.0,0.0,0.01385570950788342,0.0,0.020379479971890373,1.0,1.0,2.0,0.4612,149.5,0.14285714285714285,0.8294314381270903,0.018155757286192068,BENIGN
54.535,24073.0,803092.0,1081185574.0,1346.2786007082625,14726.175850371323,19825535.417621713,115323.0,103913.0,427.0,0.0,0.14359874086655078,0.0,1.109803393223177,3.0,1.0,1.0,0.7413,33.36,0.0,0.9296481598621329,0.0,DOS_DDOS
34.716,1122.0,2622.847624221659,171304.0,65.31221959599547,75.55155041541822,4934.439451549718,2152.0,468.0,0.0,611.0,0.8204822804521917,0.23295291512838717,4.598290598290598,985.0,1.0,1.0,0.013,2.34,0.06506238859180036,0.9619315955301486,0.0,PORT_SCAN
12.475,451.0,998.0,51532.0,51.635270541082164,80.0,4130.821643286573,690.0,136.0,0.0,473.0,0.6913827655310621,0.47394789579158314,5.073529411764706,360.0,1.0,1.0,0.0446,2.21,0.024390243902439025,0.9959919839679359,0.0,PORT_SCAN
40.644,222.0,2859.0,580605.0,203.0797481636936,70.34248597578978,14285.13433717154,698.0,893.0,231.0,416.0,0.2441413081497027,0.14550542147604056,0.7816349384098544,1.0,1.0,1.0,0.0858,12.88,0.8918918918918919,1.0,0.0,BRUTE_FORCE
26.078,9798.0,155696.0,206264757.0,1324.791625989107,5970.3965027992945,7909531.290743155,16127.0,24018.0,5589.0,0.0,0.10358005343746789,0.0,0.6714547422766258,1.0,1.0,21.0,1.3936,15.89,0.0,0.9351299969170691,0.0,DOS_DDOS
51.81,222.0,1902.0,333772.0,175.48475289169295,36.71105964099595,6442.231229492376,430.0,1025.0,80.0,444.0,0.22607781282860148,0.2334384858044164,0.4195121951219512,3.0,1.0,1.0,2.3298,8.57,0.8873873873873874,1.0,0.0,BRUTE_FORCE
12.389,7253.0,35984.0,2418560.0,67.21209426411738,2904.5120671563486,195218.33884897895,13554.0,8564.0,343.0,6756.0,0.3766674077367719,0.1877501111605158,1.5826716487622605,1.0,1.0,35.0,1.3118,4.96,0.0,0.9174911071587372,0.0,DOS_DDOS
52.303,113461.0,349456.0,24852478.0,71.1176170962868,6681.375829302335,475163.5279047091,145399.0,53083.0,7150.0,0.0,0.4160724096882011,0.0,2.739087843565737,1.0,1.0,37.0,3.5689,3.08,0.0,0.9093619797628314,0.0,DOS_DDOS
72.72,75.0,1018.0,97786.0,96.05697445972496,13.998899889989,1344.6919691969197,221.0,440.0,22.0,155.0,0.21709233791748528,0.15225933202357564,0.5022727272727273,2.0,1.0,1.0,1.2808,13.57,0.84,1.0,0.0,BRUTE_FORCE
30.307,64.0,770.0,197394.0,256.3558441558442,25.406671726003896,6513.148777510147,125.0,276.0,76.0,79.0,0.16233766233766234,0.1025974025974026,0.4528985507246377,2.0,1.0,1.0,2.2306,12.03,0.9375,1.0,0.0,BRUTE_FORCE
54.355,5.0,33487.0,18590704.0,555.1618239913996,616.0794775089688,342023.80645754765,12.0,25125.0,6.0,1.0,0.00035834801564786335,2.9862334637321945e-05,0.0004776119402985075,1.0,1.0,2.0,4.887,6697.4,0.0,0.8243497476632723,0.010123331442052139,BENIGN
16.898,265376.0,381357.0,16050318.0,42.087382688661805,22568.17374837259,949835.3651319683,295714.0,59188.0,0.0,3980.0,0.7754256510303993,0.010436415222481822,4.9961816584442795,1.0,1.0,129.0,0.0069,1.44,0.0,1.0,0.0,SYN_FLOOD
50.81,2.0,50822.0,34139566.0,671.7477863917201,1000.2361739814996,671906.4357409958,5.0,42281.0,3.0,0.0,9.838259021683523e-05,0.0,0.00011825642723682032,3.0,1.0,1.0,5.4946,25411.0,0.0,0.8179331785447247,0.0015347684073826295,BENIGN
12.033,279.0,2842.0,341304.0,120.09289232934553,236.18382780686446,28363.99900274246,827.0,1636.0,105.0,618.0,0.29099225897255454,0.21745249824067558,0.5055012224938875,2.0,1.0,1.0,0.6389,10.19,0.985663082437276,1.0,0.0,BRUTE_FORCE
8.878,9.0,3067.0,2011750.0,655.9341375937398,345.46068934444696,226599.45933768866,18.0,1706.0,11.0,0.0,0.0058689272905119005,0.0,0.010550996483001172,1.0,1.0,1.0,0.6522,340.78,0.0,0.9331594391913922,0.012389957613302902,BENIGN
19.778,386258.0,452553.7452113581,26291085.0,58.0949451378889,22881.67384019406,1329309.5864091415,322680.0,129872.0,0.0,18017.0,0.7130202841417153,0.03981184597552152,2.4846002217568066,2.0,1.0,103.0,0.0096,1.17,0.0,0.9999983533196531,0.0,SYN_FLOOD
21.777,7.0,10828.0,7981292.0,737.0975249353528,497.2218395554943,366500.9872801579,12.0,8014.0,14.0,0.0,0.0011082379017362395,0.0,0.0014973795857249812,6.0,3.0,1.0,2.6987,1546.86,0.0,0.9685075729589951,0.008865903213889916,BENIGN
27.888,21657.0,52203.0,10947923.0,209.7182728961937,1871.880378657487,392567.52008032124,18276.0,9279.0,828.0,0.0,0.3500948221366588,0.0,1.9696087940510831,2.0,1.0,1.0,3.7901,2.41,0.0,0.9884680957033121,0.0,DOS_DDOS
6.114,428.0,485.0,36907.0,76.09690721649484,79.32613673536147,6036.473666993785,16.0,124.0,252.0,0.0,0.032989690721649485,0.0,0.12903225806451613,428.0,1.0,1.0,0.0099,1.13,0.0,1.0,0.0,ANOMALY
7.64,84713.0,94483.0,4056572.0,42.93441148143052,12366.884816753927,530964.9214659686,62234.0,3111.0,0.0,1349.0,0.6586793391403745,0.014277700750399542,20.004500160720024,1.0,1.0,69.0,0.0011,1.12,0.0,1.0,0.0,SYN_FLOOD
67.395,199.0,1526.0,192113.0,125.89318479685453,22.642629275168783,2850.5527116254916,276.0,582.0,92.0,449.0,0.18086500655307994,0.29423328964613366,0.4742268041237113,3.0,1.0,1.0,2.4521,7.67,0.914572864321608,1.0,0.0,BRUTE_FORCE
27.078,318.0,5658.0,1344353.0,237.60215623895368,208.95191668513183,49647.42595464953,1774.0,1792.0,334.0,656.0,0.3135383527748321,0.11594202898550725,0.9899553571428571,1.0,1.0,1.0,0.3651,17.79,0.8742138364779874,1.0,0.0,BRUTE_FORCE
14.124,1210.0,2039.0,127035.0,62.30259931338892,144.3642027754177,8994.265080713678,1693.0,276.0,0.0,768.0,0.830308974987739,0.3766552231486023,6.134057971014493,1016.0,1.0,1.0,0.0143,1.69,0.06694214876033058,0.9857773418342325,0.0,PORT_SCAN
36.077,111428.0,164381.0,14471240.0,88.0347485414981,4556.393269950384,401120.9357762564,56325.0,35063.0,5330.0,0.0,0.3426490896149798,0.0,1.6063942047172233,2.0,1.0,9.0,2.5476,1.48,0.0,0.912039712618855,0.0,DOS_DDOS
20.349,226.0,313.0,21189.0,67.6964856230032,15.381591232984421,1041.2796697626418,8.0,110.0,222.0,0.0,0.025559105431309903,0.0,0.07272727272727272,226.0,1.0,1.0,0.0108,1.38,0.0,1.0,0.0,ANOMALY
279.009,3.0,14.0,1069.0,76.35714285714286,0.05017759283750703,3.8314176245210727,3.0,7.0,3.0,0.0,0.21428571428571427,0.0,0.42857142857142855,3.0,1.0,1.0,223.2075,4.67,0.0,1.0,0.0,ANOMALY
23.26,349.0,868.0,42924.0,49.45161290322581,37.31728288907996,1845.3998280309543,493.0,215.0,0.0,94.0,0.5679723502304147,0.10829493087557604,2.2930232558139534,303.0,1.0,1.0,0.0109,2.49,0.025787965616045846,0.9711981566820277,0.0,PORT_SCAN
51.261,20265.0,379154.0,174736021.0,460.8576488709073,7396.539279374183,3408751.702073701,156553.0,65376.0,1711.0,66532.0,0.4129008265770637,0.1754748730067466,2.3946555310817423,3.0,1.0,20.0,2.2206,18.71,0.0,0.9210004378168237,0.0,DOS_DDOS
72.576,120.0,1913.0,392130.0,204.9817041296393,26.358575837742507,5403.025793650794,523.0,1086.0,229.0,494.0,0.2733925771040251,0.2582331416623105,0.48158379373848986,2.0,1.0,1.0,1.8995,15.94,0.9833333333333333,1.0,0.0,BRUTE_FORCE
21.801,26.0,170.0,41471.0,243.9470588235294,7.797807440025688,1902.2521902665017,43.0,59.0,8.0,48.0,0.2529411764705882,0.2823529411764706,0.7288135593220338,1.0,1.0,1.0,0.1076,6.54,0.8461538461538461,1.0,0.0,BRUTE_FORCE
38.737,3665.0,264310.0,344337543.0,1302.7790965154554,6823.1922967705295,8889112.295737924,112745.0,56530.0,9736.0,0.0,0.4265635049752185,0.0,1.9944277374845214,1.0,1.0,1.0,0.8483,72.12,0.0,0.9712534523854565,0.0,DOS_DDOS
16.283,1156.0,2867.0,187061.0,65.24625043599582,176.07320518332003,11488.116440459375,1548.0,322.0,0.0,1429.0,0.5399372166027206,0.49843041506801533,4.807453416149069,1000.0,1.0,1.0,0.0173,2.48,0.023356401384083045,0.9707010812696198,0.0,PORT_SCAN
18.962,180.0,2145.0,301451.0,140.53659673659675,113.12097879970467,15897.637380023205,460.0,911.0,94.0,383.0,0.21445221445221446,0.17855477855477855,0.5049396267837541,1.0,1.0,1.0,1.3923,11.92,0.9277777777777778,1.0,0.0,BRUTE_FORCE
34.962,1325.0,2425.0,151204.0,62.352164948453606,69.36102053658257,4324.809793490074,1115.0,230.0,0.0,748.0,0.45979381443298967,0.3084536082474227,4.8478260869565215,1195.0,1.0,1.0,0.0363,1.83,0.08075471698113207,0.9938144329896907,0.0,PORT_SCAN
16.007,1226.0,1557.0,128112.0,82.28131021194605,97.26994439932528,8003.498469419628,833.0,285.0,0.0,704.0,0.5350032113037894,0.45215157353885677,2.92280701754386,967.0,1.0,1.0,0.0131,1.27,0.10766721044045677,0.9800899165061014,0.0,PORT_SCAN
22.903,284165.0,373307.0,29219129.0,78.27104501121062,16299.480417412567,1275777.365410645,313534.0,55134.0,0.0,27103.0,0.8398824559946639,0.07260244249371162,5.686763158849349,2.0,1.0,40.0,0.007,1.31,0.0,1.0,0.0,SYN_FLOOD
24.048,185126.0,212981.0,13155320.0,61.7675755114306,8856.495342648039,547044.2448436461,161244.0,45312.0,0.0,10074.0,0.7570816176090825,0.047299993896169144,3.5585275423728815,3.0,1.0,1.0,0.0059,1.15,0.0,1.0,0.0,SYN_FLOOD
55.486,5.0,22252.0,11447917.0,514.4668793816286,401.03809970082546,206320.81966622212,9.0,13717.0,9.0,0.0,0.00040445802624483195,0.0,0.0006561201428883867,6.0,1.0,2.0,2.0496,4450.4,0.0,0.9320061118101743,0.003909760920366709,BENIGN
8.216,145088.0,193239.0,11655981.0,60.318988402962134,23519.839337877314,1418692.9162609545,150456.0,17481.0,0.0,8522.0,0.7786005930479872,0.044100828507702895,8.606830272867684,1.0,1.0,1.0,0.0074,1.33,0.0,1.0,0.0,SYN_FLOOD
9.754,60245.0,71423.0,5363972.0,75.10146591434132,7322.4318228419115,549925.36395325,37176.0,3442.0,0.0,2068.0,0.5205045993587499,0.02895425843215771,10.800697269029634,1.0,1.0,75.0,0.0078,1.19,0.0,1.0,0.0,SYN_FLOOD
42.354,240.0,1377.0,234316.0,170.16412490922295,32.511687207819804,5532.3228030410355,295.0,606.0,190.0,488.0,0.21423384168482207,0.35439360929557007,0.4867986798679868,3.0,1.0,1.0,0.1986,5.74,0.9375,1.0,0.0,BRUTE_FORCE
14.126,1147.0,2655.964615443055,200023.0,75.31086778678079,188.01958200786177,14159.917881919864,2224.0,430.0,0.0,279.0,0.8373605533253698,0.10504658020583553,5.1720930232558135,983.0,1.0,1.0,0.0065,2.32,0.08631211857018309,0.9793052154673053,0.0,PORT_SCAN
235.47,1.0,3.5,147.0,42.0,0.014863889242791015,0.6242833481972225,1.0,1.0,1.0,0.0,0.2857142857142857,0.0,1.0,1.0,1.0,1.0,188.376,3.5,0.0,0.8571428571428571,0.0,ANOMALY
28.811,384.0,5437.0,964560.0,177.40665808350192,188.71264447606816,33478.87959459928,1513.0,2742.0,152.0,1206.0,0.27827846238734594,0.2218135000919625,0.5517870167760759,1.0,1.0,1.0,2.3232,14.16,0.8541666666666666,1.0,0.0,BRUTE_FORCE
24.337,4024.0,317100.0,157328499.0,496.14789971617785,13029.543493446194,6464580.63853392,117053.0,73831.0,718.0,112245.0,0.3691359192683696,0.35397350993377485,1.5854180493288728,1.0,1.0,1.0,1.791,78.8,0.0,0.9767738883632924,0.0,DOS_DDOS
19.646,971.0,1077.0,55312.0,51.357474466109565,54.82031965794564,2815.433167056907,781.0,239.0,0.0,109.0,0.7251624883936861,0.10120705663881151,3.2677824267782425,841.0,1.0,1.0,0.0269,1.11,0.07518022657054584,0.9665738161559888,0.0,PORT_SCAN
28.326,387.0,819.0,47610.0,58.13186813186813,28.913365812327896,1680.7879686507097,389.0,150.0,0.0,103.0,0.47496947496947495,0.12576312576312576,2.5933333333333333,301.0,1.0,1.0,0.0316,2.12,0.041343669250646,0.9511599511599511,0.0,PORT_SCAN
21.887,208.0,265.0,23017.0,86.85660377358491,12.107643806825969,1051.6288207611824,130.0,26.0,0.0,98.0,0.49056603773584906,0.36981132075471695,5.0,175.0,1.0,1.0,0.0394,1.27,0.09134615384615384,0.9660377358490566,0.0,PORT_SCAN
3.288,6.0,1086.0,426707.0,392.9162062615101,330.2919708029197,129777.0681265207,11.0,603.0,8.0,0.0,0.010128913443830571,0.0,0.01824212271973466,5.0,1.0,1.0,0.9944,181.0,0.0,0.9060773480662984,0.011049723756906077,BENIGN
166.275,1.0,3.5,158.0,45.142857142857146,0.021049466245677342,0.9502330476620057,1.0,1.0,1.0,0.0,0.2857142857142857,0.0,1.0,1.0,1.0,1.0,133.0198,3.5,0.0,0.8571428571428571,0.0,ANOMALY
14.723,8.0,8674.0,1769009.0,203.94385519944663,589.1462337838756,120152.75419411804,18.0,5620.0,16.0,0.0,0.0020751671662439476,0.0,0.003202846975088968,4.0,2.0,1.0,4.1973,1084.25,0.0,0.8158865575282453,0.014987318422872953,BENIGN
132.272,3.0,18.0,878.0,48.77777777777778,0.13608322245070764,6.637837183984518,3.0,9.0,3.0,0.0,0.16666666666666666,0.0,0.3333333333333333,3.0,1.0,1.0,105.8178,6.0,0.0,1.0,0.0,ANOMALY
39.543,422.0,659.0,57375.0,87.06373292867981,16.665402220367703,1450.952128063121,505.0,83.0,0.0,91.0,0.7663125948406677,0.13808801213960548,6.0843373493975905,329.0,1.0,1.0,0.0099,1.56,0.11374407582938388,0.9544764795144158,0.0,PORT_SCAN
38.175,608.0,937.0,53929.0,57.55496264674493,24.544859201047807,1412.6784544859202,588.0,204.0,0.0,130.0,0.6275346851654215,0.13874066168623267,2.8823529411764706,486.0,1.0,1.0,0.0275,1.54,0.10197368421052631,0.9775880469583778,0.0,PORT_SCAN
64.58,220.0,1484.0,295695.0,199.2553908355795,22.979250541963456,4578.739547847631,518.0,559.0,193.0,444.0,0.3490566037735849,0.2991913746630728,0.9266547406082289,2.0,1.0,1.0,1.7642,6.75,0.9409090909090909,1.0,0.0,BRUTE_FORCE
5.917,14.0,1822.0,578124.0,317.30186608122943,307.9263140104783,97705.59405103938,30.0,1272.0,18.0,0.0,0.01646542261251372,0.0,0.02358490566037736,6.0,2.0,1.0,0.9492,130.14,0.0,0.8002195389681669,0.018660812294182216,BENIGN
48.7,5455.0,477338.0,613703910.0,1285.6799793856765,9801.601642710471,12601722.99794661,72669.0,82434.0,12111.0,0.0,0.15223803677897005,0.0,0.8815415969138948,1.0,1.0,1.0,2.0238,87.5,0.0,0.9152948225366512,0.0,DOS_DDOS
43.207,6.0,37597.0,24632161.0,655.1629385323297,870.1599277894785,570096.5352836346,10.0,28243.0,13.0,3.0,0.00026597866851078546,7.979360055323563e-05,0.0003540700350529335,3.0,1.0,1.0,3.5465,6266.17,0.0,0.8066867037263612,0.007633587786259542,BENIGN
42.662,4149.0,289883.0,269004814.0,927.9771976970019,6794.876002062726,6305489.991092776,67122.0,46969.0,296.0,0.0,0.23154859029332525,0.0,1.4290702378164322,4.0,1.0,13.0,0.9654,69.87,0.0,0.9793571889348461,0.0,DOS_DDOS
24.15,248580.0,318794.0,21786938.0,68.3417441984479,13200.579710144928,902150.6418219463,215470.0,84800.0,0.0,1610.0,0.6758910142599923,0.005050283255017347,2.5409198113207547,2.0,1.0,137.0,0.0027,1.28,0.0,1.0,0.0,SYN_FLOOD
23.856,1194.0,2607.0,226876.0,87.02570003835827,109.28068410462775,9510.228034875921,1331.0,575.0,0.0,835.0,0.510548523206751,0.3202915228231684,2.314782608695652,1007.0,1.0,1.0,0.0479,2.18,0.022613065326633167,0.9689298043728424,0.0,PORT_SCAN
28.345,332.0,4905.0,632806.0,129.0124362895005,173.04639266184512,22325.136708414182,1433.0,2240.0,235.0,1563.0,0.2921508664627931,0.3186544342507645,0.6397321428571429,1.0,1.0,1.0,0.783,14.77,0.9457831325301205,1.0,0.0,BRUTE_FORCE
10.154,7.0,5549.0,3610882.0,650.7266174085421,546.4841441796336,355611.778609415,15.0,3180.0,13.0,0.0,0.0027031897639214274,0.0,0.0047169811320754715,1.0,2.0,2.0,2.8759,792.71,0.0,0.8572715804649487,0.012975310866822852,BENIGN
17.557,7.0,22026.0,12957221.0,588.2693634795241,1254.5423477815118,738008.8283875377,13.0,20890.0,7.0,0.0,0.0005902115681467357,0.0,0.0006223073240785064,5.0,1.0,2.0,2.5167,3146.57,0.0,0.9716698447289567,0.0036320711885952967,BENIGN
14.955,6.0,1684.0,256050.0,152.04869358669833,112.60448010698762,17121.36409227683,13.0,1233.0,8.0,3.0,0.007719714964370546,0.0017814726840855108,0.010543390105433901,1.0,3.0,1.0,1.8263,280.67,0.0,0.9293349168646081,0.014251781472684086,BENIGN
20.984,7925.0,139245.0,161050966.0,1156.601429135696,6635.7701105604265,7674941.193290126,36153.0,29648.0,2586.0,0.0,0.2596358935688894,0.0,1.2194077172153266,4.0,1.0,56.0,0.867,17.57,0.0,0.9367158605335919,0.0,DOS_DDOS
9.056,69.0,77.0,6113.0,79.3896103896104,8.502650176678445,675.0220848056538,1.0,20.0,44.0,0.0,0.012987012987012988,0.0,0.05,69.0,1.0,1.0,0.0107,1.12,0.0,1.0,0.0,ANOMALY
24.627,7667.0,232654.0,212260138.0,912.3425258108607,9447.110894546637,8619001.015145978,73859.0,25899.0,8956.0,52268.0,0.31746284181660317,0.2246597952324052,2.8518089501525155,4.0,1.0,29.0,1.4415,30.34,0.0,0.9029159180585763,0.0,DOS_DDOS
21.931,323.0,1437.0,338019.0,235.22546972860124,65.52368793032693,15412.840271761434,411.0,494.0,186.0,426.0,0.2860125260960334,0.2964509394572025,0.8319838056680162,2.0,1.0,1.0,0.3811,4.45,0.9164086687306502,1.0,0.0,BRUTE_FORCE
70.39,263.0,1702.0,403042.0,236.80493537015275,24.179570961784343,5725.841738883364,339.0,929.0,244.0,672.0,0.1991774383078731,0.39482961222091656,0.36490850376749195,1.0,1.0,1.0,1.2484,6.47,0.9239543726235742,1.0,0.0,BRUTE_FORCE
14.013,11.0,1902.0,805889.0,423.7060988433228,135.73110682937272,57510.09776635981,24.0,1379.0,27.0,0.0,0.012618296529968454,0.0,0.01740391588107324,3.0,3.0,1.0,2.7419,172.91,0.09090909090909091,0.9185068349106204,0.004206098843322818,BENIGN
43.088,127.0,565.0,115771.0,204.90442477876107,13.112699591533605,2686.8501670998885,161.0,278.0,17.0,58.0,0.2849557522123894,0.10265486725663717,0.579136690647482,2.0,1.0,1.0,1.5858,4.45,0.9212598425196851,1.0,0.0,BRUTE_FORCE
36.594,145.0,183.0,15858.0,86.65573770491804,5.0008198065256595,433.34972946384653,90.0,39.0,0.0,85.0,0.4918032786885246,0.4644808743169399,2.3076923076923075,123.0,1.0,1.0,0.0096,1.26,0.06896551724137931,0.9508196721311475,0.0,PORT_SCAN
12.079,6.0,91487.0,11928468.0,130.38429503645327,7574.054143554929,987537.7100753373,3524.0,0.0,0.0,1731.0,0.03851913386601375,0.018920720976750797,3524.0,1.0,3.0,1.0,0.4621,15247.83,0.0,0.48000262332353233,0.5199864461617497,ANOMALY
9.955,13.0,2902.0,2227385.0,767.5344589937973,291.51180311401305,223745.35409342038,31.0,1791.0,18.0,0.0,0.010682288077188146,0.0,0.017308766052484645,4.0,2.0,1.0,0.6653,223.23,0.0,0.9266023432115782,0.003790489317711923,BENIGN
40.715,117.0,2509.0,22984521.0,9160.829414109206,61.62348028981947,564522.1908387572,1173.0,870.0,0.0,0.0,0.4675169390195297,0.0,1.3482758620689654,1.0,1.0,1.0,0.1402,21.44,1.0,1.0,0.0,ANOMALY
22.085,404.0,577.0,36295.0,62.90294627383015,26.126330088295223,1643.4231378763866,7.0,106.0,316.0,0.0,0.012131715771230503,0.0,0.0660377358490566,404.0,1.0,1.0,0.0052,1.43,0.0,1.0,0.0,ANOMALY
18.417,464.0,3259.0,368719.0,113.13869285056767,176.95607319324535,20020.578813053155,880.0,1102.0,102.0,1243.0,0.2700214789812826,0.38140533906106167,0.7985480943738656,2.0,1.0,1.0,0.1984,7.02,0.8728448275862069,1.0,0.0,BRUTE_FORCE
11.78,453.0,668.0,36800.0,55.08982035928144,56.7062818336163,3123.9388794567067,389.0,113.0,0.0,107.0,0.5823353293413174,0.1601796407185629,3.4424778761061945,428.0,1.0,1.0,0.0172,1.47,0.0640176600441501,0.9505988023952096,0.0,PORT_SCAN
20.814,129692.0,176435.28337640257,10966039.0,62.153322114179,8476.760035380155,526858.7969635822,144924.0,31509.0,0.0,5209.0,0.8214003300622291,0.029523573178315197,4.599447776825669,1.0,1.0,130.0,0.0018,1.36,0.0,0.9999983938790635,0.0,SYN_FLOOD
8.731,72611.0,94067.92067099367,7336881.0,77.99556902784144,10774.014508188486,840325.3922803802,77180.0,16886.0,0.0,6042.0,0.8204709899981754,0.0642301855606242,4.570650242804691,1.0,1.0,1.0,0.0065,1.3,0.0,0.999990212699642,0.0,SYN_FLOOD
11.043,178931.0,221806.0,14369049.0,64.78205729331037,20085.66512722992,1301190.7090464549,159347.0,33260.0,0.0,25.0,0.7184070764541988,0.00011271110790510626,4.790950090198437,3.0,1.0,1.0,0.0053,1.24,0.0,1.0,0.0,SYN_FLOOD
13.847,300.0,3468.0,454798.0,131.14129181084198,250.451361305698,32844.51505741316,701.0,1978.0,395.0,756.0,0.20213379469434833,0.2179930795847751,0.3543983822042467,3.0,1.0,1.0,1.4233,11.56,0.87,1.0,0.0,BRUTE_FORCE
26.86,4.0,20868.0,15119926.0,724.5507954763274,776.9173492181683,562916.0833953834,7.0,12087.0,5.0,1.0,0.0003354418248035269,4.792026068621813e-05,0.0005791346074294697,2.0,1.0,2.0,3.4885,5217.0,0.0,0.8419110599961663,0.001820969906076289,BENIGN
18.307,6.0,7100.0,1164701.0,164.0423943661972,387.82979188288635,63620.527667012626,14.0,4037.0,10.0,0.0,0.001971830985915493,0.0,0.0034679217240525142,6.0,3.0,1.0,0.335,1183.33,0.0,0.9769014084507043,0.015211267605633802,BENIGN
21.637,620.0,1481.0,67092.0,45.30182309250507,68.44756666820723,3100.7995563155705,1025.0,197.0,0.0,412.0,0.6920999324780553,0.27819041188386223,5.2030456852791875,607.0,1.0,1.0,0.0269,2.39,0.06612903225806452,0.9669142471303174,0.0,PORT_SCAN
21.016,3.0,30625.0,13854714.0,452.3988244897959,1457.2230681385613,659246.0030452989,6.0,20080.0,5.0,0.0,0.0001959183673469388,0.0,0.000298804780876494,6.0,1.0,1.0,3.6451,10208.33,0.0,0.8931265306122449,0.00016326530612244898,BENIGN
31.817,10.0,16704.0,11275010.0,674.9886254789272,525.0023572304115,354370.6194801521,19.0,13105.0,16.0,0.0,0.0011374521072796935,0.0,0.0014498283098054179,6.0,1.0,1.0,1.2075,1670.4,0.0,0.9435464559386973,0.0038912835249042144,BENIGN
27.031,785.0,988.0,55592.0,56.26720647773279,36.5506270578225,2056.601679553106,467.0,147.0,0.0,335.0,0.4726720647773279,0.3390688259109312,3.17687074829932,619.0,1.0,1.0,0.0482,1.26,0.044585987261146494,0.9625506072874493,0.0,PORT_SCAN
7.698,14.0,3543.0,2359238.0,665.8871013265594,460.2494154325799,306474.14912964404,30.0,2938.0,34.0,2.0,0.00846740050804403,0.0005644933672029354,0.010211027910142955,4.0,1.0,1.0,0.1351,253.07,0.0,0.9500423370025403,0.009878633926051369,BENIGN
37.515,107635.0,353895.0,80007757.0,226.07766993034656,9433.42662934826,2132687.111821938,102259.0,33263.0,7185.0,0.0,0.28895293801833877,0.0,3.0742566815981722,1.0,1.0,40.0,0.1194,3.29,0.0,0.9563910199352915,0.0,DOS_DDOS
7.984,504.0,943.0,51067.0,54.15376458112407,118.11122244488978,6396.167334669339,541.0,165.0,0.0,252.0,0.5737009544008483,0.2672322375397667,3.278787878787879,482.0,1.0,1.0,0.0335,1.87,0.057539682539682536,0.9575821845174973,0.0,PORT_SCAN
106.067,3.0,6.0,379.0,63.166666666666664,0.05656801832803794,3.5732131577210633,3.0,2.0,3.0,0.0,0.5,0.0,1.5,3.0,1.0,1.0,84.8539,2.0,0.0,1.0,0.0,ANOMALY
55.508,12140.0,66609.0,10499651.0,157.63111591526672,1199.9891907472795,189155.6352237515,22712.0,14511.0,1672.0,0.0,0.34097494332597694,0.0,1.5651574667493626,5.0,1.0,55.0,3.8267,5.49,0.0,0.9968172469185845,0.0,DOS_DDOS
46.922,55.0,626.0,135586.0,216.59105431309905,13.341289800093774,2889.6040236989047,109.0,279.0,40.0,196.0,0.17412140575079874,0.31309904153354634,0.3906810035842294,1.0,1.0,1.0,1.2573,11.38,0.9454545454545454,1.0,0.0,BRUTE_FORCE
125.965,2.0,17.0,1339.0,78.76470588235294,0.13495812328821497,10.62993688723058,2.0,8.0,2.0,0.0,0.11764705882352941,0.0,0.25,2.0,1.0,1.0,100.7722,8.5,0.0,1.0,0.0,ANOMALY
34.219,1102.0,2223.0,103901.0,46.73909131803869,64.96390893947806,3036.354072299015,1167.0,474.0,0.0,738.0,0.524966261808367,0.3319838056680162,2.462025316455696,862.0,1.0,1.0,0.0403,2.02,0.09800362976406533,0.9739091318038686,0.0,PORT_SCAN
21.58,80201.0,93803.0,5910516.0,63.009882413142435,4346.756255792401,273888.60055607045,67818.0,3490.0,0.0,2469.0,0.7229832734560728,0.02632111979361001,19.432091690544414,3.0,1.0,1.0,0.0034,1.17,0.0,1.0,0.0,SYN_FLOOD
59.667,121847.0,185992.0,41143322.0,221.21017032990667,3117.1669432014346,689549.0304523439,40982.0,19484.0,3681.0,0.0,0.22034281044345994,0.0,2.1033668651200985,3.0,1.0,1.0,3.0661,1.53,0.0,0.9333304658264872,0.0,DOS_DDOS
20.456,1364.0,130018.0,88984313.0,684.399952314295,6355.983574501369,4350034.8552991785,41512.0,12281.0,2212.0,0.0,0.3192788690796659,0.0,3.3801807670385147,1.0,1.0,53.0,2.8911,95.32,0.0,0.9651048316386962,0.0,DOS_DDOS
13.881,461.0,6493.0,637049.0,98.1131988295087,467.76168863914705,45893.59556227938,1058.0,3506.0,369.0,2524.0,0.1629447096873556,0.38872632065301094,0.3017683970336566,1.0,1.0,1.0,1.1219,14.08,0.913232104121475,1.0,0.0,BRUTE_FORCE
180.999,3.0,5.0,382.0,76.4,0.027624462013602285,2.110508897839215,3.0,1.0,3.0,0.0,0.6,0.0,3.0,3.0,1.0,1.0,144.7993,1.67,0.0,1.0,0.0,ANOMALY
57.257,274.0,1481.0,276899.0,186.96758946657664,25.865832998585326,4836.072445290532,512.0,446.0,125.0,245.0,0.3457123565158677,0.16542876434841322,1.147982062780269,3.0,1.0,1.0,2.4679,5.41,0.8759124087591241,1.0,0.0,BRUTE_FORCE
17.362,1271.0,2012.0,109773.0,54.55914512922465,115.88526667434628,6322.60108282456,1265.0,264.0,0.0,315.0,0.628727634194831,0.15656063618290258,4.791666666666667,1069.0,1.0,1.0,0.0278,1.58,0.0975609756097561,0.9706759443339961,0.0,PORT_SCAN
34.003,100.0,123.0,5969.0,48.52845528455285,3.6173278828338677,175.54333441166955,75.0,21.0,0.0,39.0,0.6097560975609756,0.3170731707317073,3.5714285714285716,95.0,1.0,1.0,0.0054,1.23,0.08,0.959349593495935,0.0,PORT_SCAN
22.182,239311.0,340025.0,16351726.0,48.08977575178296,15328.870255161844,737161.9330989091,200045.0,8147.0,0.0,13319.0,0.5883243879126535,0.03917064921696934,24.554437216153186,2.0,1.0,1.0,0.0064,1.42,0.0,1.0,0.0,SYN_FLOOD
3.227,4.0,480.0,308074.0,641.8208333333333,148.74496436318563,95467.61698171677,10.0,361.0,7.0,1.0,0.020833333333333332,0.0020833333333333333,0.027700831024930747,5.0,3.0,2.0,1.4867,120.0,0.0,0.9770833333333333,0.008333333333333333,BENIGN
23.986,331762.0,364652.0,21648252.0,59.36688130052762,15202.701575919285,902536.9799049445,265940.0,8339.0,0.0,793.0,0.7292980704891239,0.0021746761295701107,31.891114042451132,1.0,1.0,1.0,0.0087,1.1,0.0,1.0,0.0,SYN_FLOOD
36.595,486.0,2002.0,498600.0,249.05094905094904,54.706927175843695,13624.81213280503,247.0,834.0,80.0,662.0,0.12337662337662338,0.3306693306693307,0.2961630695443645,3.0,1.0,1.0,1.2942,4.12,0.9053497942386831,1.0,0.0,BRUTE_FORCE
13.721,95800.0,121652.09154877013,5521133.0,45.38461221430448,8866.124302074932,402385.6132934917,108508.0,13142.0,0.0,6934.0,0.8919534273399592,0.05699860899818702,8.256581950996804,1.0,1.0,1.0,0.0051,1.27,0.0,0.9999992474542035,0.0,SYN_FLOOD
8.776,88.0,104.0,7944.0,76.38461538461539,11.850501367365542,905.1959890610757,60.0,13.0,0.0,17.0,0.5769230769230769,0.16346153846153846,4.615384615384615,76.0,1.0,1.0,0.0258,1.18,0.07954545454545454,0.9711538461538461,0.0,PORT_SCAN
12.439,106835.0,132858.0,6791925.0,51.12168631170122,10680.76211914141,546018.5706246482,77569.0,28580.0,0.0,5604.0,0.5838489214048082,0.04218037302985142,2.714100769769069,2.0,1.0,77.0,0.0056,1.24,0.0,1.0,0.0,SYN_FLOOD
48.565,4.0,36126.0,26430468.0,731.6190001660854,743.8690414907855,544228.7243899928,8.0,32302.0,5.0,3.0,0.0002214471571721198,8.304268393954493e-05,0.0002476626834251749,1.0,2.0,1.0,2.1857,9031.5,0.0,0.8342191219620219,0.010131207440624481,BENIGN
269.748,1.0,3.5,211.0,60.285714285714285,0.012975073031125347,0.7822115455906995,1.0,1.0,1.0,0.0,0.2857142857142857,0.0,1.0,1.0,1.0,1.0,215.7984,3.5,0.0,0.8571428571428571,0.0,ANOMALY
19.187,466705.0,595670.0,36994501.0,62.10569778568671,31045.499556991712,1928102.4130921976,425647.0,134583.0,0.0,26116.0,0.7145684691188074,0.043843067470243594,3.162710000520125,2.0,1.0,1.0,0.0038,1.28,0.0,1.0,0.0,SYN_FLOOD
16.259,2.0,12725.0,8687584.0,682.7177996070727,782.643459007319,534324.620210345,5.0,8295.0,2.0,0.0,0.0003929273084479371,0.0,0.0006027727546714888,5.0,1.0,1.0,2.7572,6362.5,0.0,0.9955206286836935,0.0137524557956778,BENIGN
26.44,111.0,604.0,100570.0,166.5066225165563,22.844175491679273,3803.7065052950074,89.0,352.0,66.0,231.0,0.14735099337748345,0.3824503311258278,0.2528409090909091,2.0,1.0,1.0,1.429,5.44,0.9459459459459459,1.0,0.0,BRUTE_FORCE
17.412,93988.0,128246.0,10224885.0,79.72868549506417,7365.3801975648985,587232.0813232254,75325.0,15509.0,0.0,4385.0,0.5873477535361726,0.0341920995586607,4.856857308659488,3.0,1.0,1.0,0.0051,1.36,0.0,1.0,0.0,SYN_FLOOD
27.918,145.0,1411.0,256597.0,181.85471296952517,50.54086968980586,9191.095350669819,212.0,716.0,171.0,330.0,0.15024805102763997,0.23387668320340185,0.29608938547486036,1.0,1.0,1.0,1.3287,9.73,0.9793103448275862,1.0,0.0,BRUTE_FORCE
27.14,366.0,5846.0,1479604.0,253.09681833732466,215.40162122328667,54517.4649963154,1979.0,2127.0,446.0,921.0,0.33852206637016763,0.15754361956893603,0.9304184297132111,3.0,1.0,1.0,2.1187,15.97,0.8961748633879781,1.0,0.0,BRUTE_FORCE
4.263,13.0,1351.0,559738.0,414.3138415988157,316.9129720853859,131301.43091719446,23.0,890.0,14.0,0.0,0.017024426350851222,0.0,0.025842696629213482,5.0,2.0,2.0,0.2973,103.92,0.15384615384615385,0.8852701702442635,0.014063656550703183,BENIGN
24.712,404082.0,593774.0,40048400.0,67.44721055485758,24027.75979281321,1620605.3739074133,357206.0,146274.0,0.0,29964.0,0.6015857885323372,0.05046364441689936,2.4420334440843896,2.0,1.0,11.0,0.0013,1.47,0.0,1.0,0.0,SYN_FLOOD
25.021,269.0,4697.0,652269.0,138.86927826272088,187.72231325686423,26068.862155789135,1337.0,2193.0,106.0,1175.0,0.2846497764530551,0.25015967638918457,0.6096671226630187,2.0,1.0,1.0,2.0037,17.46,0.8698884758364313,1.0,0.0,BRUTE_FORCE
4.603,3.0,480.0,310621.0,647.1270833333333,104.27981751031936,67482.29415598523,5.0,306.0,4.0,0.0,0.010416666666666666,0.0,0.016339869281045753,5.0,2.0,2.0,1.2621,160.0,0.0,0.8583333333333333,0.0125,BENIGN
57.411,393754.0,526664.0,61247712.0,116.29371287955888,9173.573008656876,1066828.865548414,51083.0,82841.0,14088.0,0.0,0.09699352908115991,0.0,0.6166391038254004,3.0,1.0,58.0,0.3427,1.34,0.0,0.9348066319323136,0.0,DOS_DDOS
33.196,738.0,1388.0,93699.0,67.50648414985591,41.81226653813713,2822.5991083263048,636.0,168.0,0.0,278.0,0.45821325648414984,0.20028818443804033,3.7857142857142856,578.0,1.0,1.0,0.0348,1.88,0.058265582655826556,0.9762247838616714,0.0,PORT_SCAN
74.89,4.0,7.5,383.0,51.06666666666667,0.10014688209373748,5.114167445586861,4.0,2.0,4.0,0.0,0.5333333333333333,0.0,2.0,4.0,1.0,1.0,59.9117,1.88,0.0,0.9333333333333333,0.0,ANOMALY
9.036,84529.0,89348.0,5033218.0,56.3327438778708,9888.003541389997,557018.3709606021,52114.0,25124.0,0.0,4712.0,0.5832699109101491,0.05273761024309442,2.0742716128005094,3.0,1.0,1.0,0.0097,1.06,0.0,1.0,0.0,SYN_FLOOD
87.678,111.0,1216.0,199885.0,164.37911184210526,13.868929492004836,2279.762312096535,415.0,409.0,24.0,327.0,0.3412828947368421,0.2689144736842105,1.0146699266503667,3.0,1.0,1.0,0.4514,10.95,0.8558558558558559,1.0,0.0,BRUTE_FORCE
45.308,5.0,40862.0,19511302.0,477.49258479761147,901.8716341484948,430637.01774521056,12.0,23037.0,10.0,3.0,0.000293671381723851,7.341784543096275e-05,0.0005209011590050788,1.0,1.0,2.0,2.2206,8172.4,0.0,0.8119768978513043,0.011771327884097694,BENIGN
16.574,59.0,26326.0,2262814.0,85.95358201018006,1588.3914564981294,136527.9353203813,511.0,0.0,0.0,666.0,0.019410468738129606,0.02529818430448986,511.0,1.0,2.0,1.0,0.4557,446.2,0.0,0.46342019296512954,0.536541821773152,ANOMALY
37.627,6.0,15193.0,6576679.0,432.87560060554205,403.77920110558904,174786.1641906078,13.0,13853.0,7.0,0.0,0.0008556572105574935,0.0,0.0009384248899155417,6.0,1.0,1.0,3.642,2532.17,0.0,0.9674192062133877,0.006121240044757454,BENIGN
25.934,7.0,20669.0,15653048.0,757.3200445111036,796.9846533508136,603572.4531503046,13.0,15389.0,9.0,0.0,0.0006289612463109004,0.0,0.0008447592436155696,3.0,1.0,1.0,1.7937,2952.71,0.0,0.8061831728675795,0.012385698388891577,BENIGN
53.816,2515.0,227760.0,143290578.0,629.12968914647,4232.198602646053,2662601.791288836,42136.0,64424.0,81.0,0.0,0.18500175623463294,0.0,0.6540419719359245,1.0,1.0,1.0,2.9247,90.56,0.0,0.9787890762205831,0.0,DOS_DDOS
88.672,287.0,4274.0,1080463.0,252.79901731399158,48.20010826416456,12184.940003608806,547.0,2251.0,120.0,710.0,0.1279831539541413,0.16612072999532054,0.24300310972900932,3.0,1.0,1.0,0.5189,14.89,0.9616724738675958,1.0,0.0,BRUTE_FORCE
10.171,460.0,1194.0,77024.0,64.50921273031825,117.39258676629635,7572.903352669355,667.0,110.0,0.0,325.0,0.5586264656616415,0.2721943048576214,6.0636363636363635,361.0,1.0,1.0,0.0063,2.6,0.03260869565217391,0.9706867671691792,0.0,PORT_SCAN
16.46,141050.0,220125.47819217292,13046897.0,59.270272151821786,13373.358334882923,792642.588092345,178016.0,42107.0,0.0,2218.0,0.808702388573981,0.01007607123998455,4.227705607143705,2.0,1.0,1.0,0.0064,1.56,0.0,0.9999978276382323,0.0,SYN_FLOOD
18.069,160921.0,194767.0,11918802.0,61.19518193533812,10779.069123913887,659627.096131496,128979.0,12663.0,0.0,7642.0,0.6622220396679109,0.03923662632786869,10.18550106609808,2.0,1.0,1.0,0.005,1.21,0.0,1.0,0.0,SYN_FLOOD
18.32,4.0,2946.0,1858551.0,630.8727087576375,160.80786026200875,101449.2903930131,8.0,2553.0,8.0,0.0,0.0027155465037338763,0.0,0.003133568350959655,6.0,2.0,2.0,1.6313,736.5,0.0,0.9626612355736592,0.01799049558723693,BENIGN
27.932,33.0,576.0,78249.0,135.84895833333334,20.62150937992267,2801.4105685235572,90.0,302.0,56.0,230.0,0.15625,0.3993055555555556,0.2980132450331126,1.0,1.0,1.0,1.5848,17.45,0.9696969696969697,1.0,0.0,BRUTE_FORCE
20.696,104047.0,158595.0,28418974.0,179.19211828872284,7663.074990336297,1373162.6401236954,44192.0,11511.0,4113.0,0.0,0.27864686780793846,0.0,3.8391104161237077,4.0,1.0,35.0,3.5053,1.52,0.0,0.9016236325230934,0.0,DOS_DDOS
89.102,298.0,1778.0,280567.0,157.79921259842519,19.954658705752955,3148.829431438127,394.0,550.0,165.0,530.0,0.2215973003374578,0.2980877390326209,0.7163636363636363,2.0,1.0,1.0,1.9289,5.97,0.9932885906040269,1.0,0.0,BRUTE_FORCE
61.225,419.0,1809.0,345125.0,190.7822001105583,29.54675377705186,5636.994691710902,547.0,899.0,177.0,243.0,0.3023770038695412,0.13432835820895522,0.6084538375973304,1.0,1.0,1.0,2.1067,4.32,0.8878281622911695,1.0,0.0,BRUTE_FORCE
21.272,39.0,64454.0,8125111.0,126.06061687404971,3029.9924783753295,381962.7209477247,2219.0,0.0,0.0,127.0,0.03442765383063891,0.0019703974927855524,2219.0,3.0,1.0,1.0,0.2217,1652.67,0.0,0.11616036242901914,0.8838241226300928,ANOMALY
41.09,7251.0,376416.0,289702550.0,769.6339953668282,9160.76904356291,7050439.27963008,180489.0,56014.0,13192.0,0.0,0.4794934327977557,0.0,3.2222123040668404,2.0,1.0,1.0,1.508,51.91,0.0,0.9434136699821474,0.0,DOS_DDOS
11.755,1929.0,102600.0,116144990.0,1132.0174463937622,8728.200765631645,9880475.542322416,40319.0,27139.0,520.0,0.0,0.3929727095516569,0.0,1.48564796049965,1.0,1.0,1.0,1.6904,53.19,0.0,0.9097465886939571,0.0,DOS_DDOS
30.242,773.0,927.0,78557.0,84.74325782092772,30.652734607499504,2597.612591759804,716.0,193.0,0.0,465.0,0.7723840345199569,0.5016181229773463,3.709844559585492,677.0,1.0,1.0,0.0182,1.2,0.045278137128072445,0.9946062567421791,0.0,PORT_SCAN
11.759,85000.0,346618.0,35655222.0,102.86604273292212,29476.826260736456,3032164.4697678373,143945.0,44999.0,2039.0,0.0,0.4152842610597257,0.0,3.1988488633080734,4.0,1.0,1.0,1.0367,4.08,0.0,0.9741242520584621,0.0,DOS_DDOS
11.452,437.0,2372.0,168667.0,71.1075042158516,207.12539294446384,14728.169752008384,633.0,882.0,268.0,768.0,0.2668634064080944,0.32377740303541314,0.717687074829932,3.0,1.0,1.0,0.1884,5.43,0.9794050343249427,1.0,0.0,BRUTE_FORCE
14.361,110618.0,148302.0,10219018.0,68.90681177597065,10326.71819511176,711581.2269340574,91826.0,35903.0,0.0,8583.0,0.6191824789955631,0.05787514666019339,2.557613569896666,1.0,1.0,104.0,0.01,1.34,0.0,1.0,0.0,SYN_FLOOD
36.266,7.0,53256.0,36028030.0,676.5064969205348,1468.4828765234656,993438.2065846799,15.0,30085.0,15.0,0.0,0.00028165840468679585,0.0,0.0004985873358816686,4.0,1.0,1.0,2.3546,7608.0,0.0,0.8158517350157729,0.013913925191527714,BENIGN
31.443,33639.0,90882.0,11436346.0,125.83730551704407,2890.3730560061063,363716.75730687275,14573.0,27092.0,945.0,0.0,0.16035078453379106,0.0,0.5379078694817658,1.0,1.0,49.0,1.7193,2.7,0.0,0.9967760392596994,0.0,DOS_DDOS
30.096,172.0,199.0,15922.0,80.01005025125629,6.61217437533227,529.040404040404,135.0,20.0,0.0,102.0,0.678391959798995,0.5125628140703518,6.75,140.0,1.0,1.0,0.0072,1.16,0.040697674418604654,0.9698492462311558,0.0,PORT_SCAN
22.07,494555.0,550511.0,41468977.0,75.32815329757261,24943.860444041686,1878974.94336203,368551.0,85290.0,0.0,20278.0,0.6694707281053421,0.036834867968124164,4.32115136592801,2.0,1.0,1.0,0.0024,1.11,0.0,1.0,0.0,SYN_FLOOD
22.842,623.0,61995.0,36390149.0,586.9852246148884,2714.079327554505,1593124.463707206,6512.0,9374.0,1284.0,0.0,0.10504072909105573,0.0,0.6946874333262215,5.0,1.0,1.0,1.4469,99.51,0.0,0.9074925397209452,0.0,DOS_DDOS
32.554,112.0,208.0,18224.0,87.61538461538461,6.389383793082263,559.8083184862074,167.0,36.0,0.0,69.0,0.8028846153846154,0.3317307692307692,4.638888888888889,88.0,1.0,1.0,0.0258,1.86,0.10714285714285714,0.9471153846153846,0.0,PORT_SCAN
38.561,115049.0,537939.0,64057053.0,119.07865575836665,13950.33842483338,1661187.5470034492,76028.0,147230.0,9223.0,189473.0,0.14133200976318877,0.3522202331491117,0.5163893228282279,2.0,1.0,6.0,0.8408,4.68,0.0,0.9457670851155986,0.0,DOS_DDOS
35.036,72.0,2035.0,17527612.0,8613.07714987715,58.0831145107889,500274.3463865738,764.0,821.0,0.0,0.0,0.3754299754299754,0.0,0.9305724725943971,1.0,1.0,1.0,0.3789,28.26,1.0,1.0,0.0,ANOMALY
10.823,240.0,21858.0,26068160.0,1192.6141458504894,2019.587914626259,2408589.115771967,10871.0,3486.0,546.0,0.0,0.4973465092872175,0.0,3.1184738955823295,1.0,1.0,31.0,2.9286,91.08,0.0,0.9356299752950865,0.0,DOS_DDOS
71.604,143.0,659.0,137079.0,208.01062215477998,9.20339645829842,1914.4042232277527,172.0,245.0,32.0,186.0,0.26100151745068284,0.2822458270106222,0.7020408163265306,2.0,1.0,1.0,1.56,4.61,0.9370629370629371,1.0,0.0,BRUTE_FORCE
84.313,260.0,1363.0,334346.0,245.3015407190022,16.165953055875132,3965.5331917972317,407.0,748.0,137.0,185.0,0.29860601614086574,0.13573000733675716,0.5441176470588235,1.0,1.0,1.0,1.7048,5.24,0.8923076923076924,1.0,0.0,BRUTE_FORCE
39.227,44034.0,221786.0,21368830.0,96.34886782754548,5653.911846432305,544748.0052004997,82361.0,65312.0,557.0,36948.0,0.37135346685543724,0.166593022102387,1.2610393189612934,4.0,1.0,1.0,2.5511,5.04,0.0,0.9535453094424355,0.0,DOS_DDOS
17.458,613.0,1039.0,91639.0,88.19923002887391,59.514262802153745,5249.112154886013,537.0,229.0,0.0,260.0,0.5168431183830606,0.2502406159769009,2.3449781659388647,602.0,1.0,1.0,0.0349,1.69,0.09461663947797716,0.9971126082771896,0.0,PORT_SCAN
57.001,97.0,1607.0,161202.0,100.31238332296203,28.192487851090334,2828.0556481465237,556.0,768.0,178.0,538.0,0.3459863098942128,0.33478531425015556,0.7239583333333334,2.0,1.0,1.0,1.7169,16.57,0.8556701030927835,1.0,0.0,BRUTE_FORCE
23.88,232656.0,277206.0,13577941.0,48.98141093627122,11608.291457286432,568590.4941373535,167948.0,32244.0,0.0,18393.0,0.6058599020223228,0.06635137767580788,5.208658975313236,2.0,1.0,1.0,0.0089,1.19,0.0,1.0,0.0,SYN_FLOOD
8.036,785.0,1896.0,91594.0,48.30907172995781,235.93827775012446,11397.95918367347,1611.0,95.0,0.0,737.0,0.8496835443037974,0.38871308016877637,16.957894736842107,772.0,1.0,1.0,0.0409,2.42,0.1070063694267516,0.9804852320675106,0.0,PORT_SCAN
265.944,4.0,19.0,1413.0,74.36842105263158,0.07144361218903228,5.313148632794873,4.0,9.0,4.0,0.0,0.21052631578947367,0.0,0.4444444444444444,4.0,1.0,1.0,212.7551,4.75,0.0,1.0,0.0,ANOMALY
63.663,155.0,960.0,209114.0,217.82708333333332,15.079402478676784,3284.702260339601,144.0,442.0,91.0,293.0,0.15,0.30520833333333336,0.3257918552036199,1.0,1.0,1.0,1.4672,6.19,0.9419354838709677,1.0,0.0,BRUTE_FORCE
64.737,176.0,1521.0,309117.0,203.232741617357,23.495064646183792,4774.9664025209695,330.0,710.0,160.0,305.0,0.21696252465483234,0.20052596975673898,0.4647887323943662,2.0,1.0,1.0,1.3457,8.64,0.9034090909090909,1.0,0.0,BRUTE_FORCE
21.863,372.0,6332.0,1402300.0,221.46241313960834,289.6217353519645,64140.32840872707,1638.0,2789.0,206.0,2151.0,0.25868603916614025,0.33970309538850285,0.5873072785944783,3.0,1.0,1.0,1.1898,17.02,0.9005376344086021,1.0,0.0,BRUTE_FORCE
5.64,1522.0,1646.0,105881.0,64.32624544349939,291.8439716312057,18773.226950354612,1187.0,173.0,0.0,513.0,0.721142162818955,0.31166464155528556,6.861271676300578,1198.0,1.0,1.0,0.0379,1.08,0.06964520367936924,0.9708383961117861,0.0,PORT_SCAN
38.213,9042.0,329973.0,427883532.0,1296.7228591430207,8635.098003297308,11197328.971815875,100415.0,65566.0,8770.0,27552.0,0.3043127771060056,0.08349774072424107,1.5315102339627247,4.0,1.0,1.0,3.1871,36.49,0.0,0.9508535546847773,0.0,DOS_DDOS
24.152,603289.0,697591.0,38740886.0,55.53524343060619,28883.363696588272,1604044.6339847632,499620.0,146190.0,0.0,32239.0,0.7162076345595055,0.04621475907802709,3.4176072234762978,1.0,1.0,56.0,0.0029,1.16,0.0,1.0,0.0,SYN_FLOOD
19.971,15564.0,277437.0,362616078.0,1307.0213345732545,13891.993390416103,18157131.741024487,83049.0,17917.0,6280.0,0.0,0.29934363477113723,0.0,4.635206786850477,3.0,1.0,14.0,2.6146,17.83,0.0,0.9178299938364386,0.0,DOS_DDOS
10.311,7.0,3837.0,1743776.0,454.4633828511858,372.12685481524585,169118.02928910873,13.0,2372.0,13.0,3.0,0.003388063591347407,0.0007818608287724785,0.0054806070826306915,2.0,3.0,1.0,1.3441,548.14,0.0,0.9718530101641908,0.004430544696377378,BENIGN
52.109,313.0,4672.0,527184.0,112.83904109589041,89.65821643094283,10116.947168435394,1475.0,2633.0,277.0,1675.0,0.3157106164383562,0.3585188356164384,0.560197493353589,1.0,1.0,1.0,1.381,14.93,0.939297124600639,1.0,0.0,BRUTE_FORCE
25.055,17507.0,494171.0,497762642.0,1007.2680145131948,19723.44841349032,19866798.722809818,60417.0,126744.0,17718.0,129877.0,0.12225929890665377,0.26281793144478327,0.47668528687748535,2.0,1.0,43.0,0.2847,28.23,0.0,0.9895461287691912,0.0,DOS_DDOS
17.31,930.0,1711.0,82723.0,48.34774985388662,98.84459849797805,4778.9139225881,1146.0,352.0,0.0,420.0,0.6697837521917007,0.24547048509643482,3.2556818181818183,781.0,1.0,1.0,0.0345,1.84,0.05268817204301075,0.9661016949152542,0.0,PORT_SCAN
25.332,212.0,2328.0,186791.0,80.23668384879726,91.89957366177167,7373.717037738828,489.0,1389.0,296.0,220.0,0.21005154639175258,0.09450171821305842,0.35205183585313177,2.0,1.0,1.0,0.5248,10.98,0.9811320754716981,1.0,0.0,BRUTE_FORCE
46.047,86.0,18382.0,126841565.0,6900.313622021543,399.20081655699613,2754610.8324103635,6989.0,5296.0,0.0,0.0,0.3802089000108802,0.0,1.3196752265861027,1.0,1.0,1.0,0.331,213.74,1.0,1.0,0.0,ANOMALY
20.619,331447.0,452697.0,26736182.0,59.05977287236275,21955.332460352103,1296676.9484456084,318536.0,96455.0,0.0,24458.0,0.7036406249654846,0.054027307448469945,3.3024311855269297,3.0,1.0,1.0,0.0024,1.37,0.0,1.0,0.0,SYN_FLOOD
49.141,170.0,10962.0,62051458.0,5660.596424010218,223.07238354937832,1262722.7366150466,5158.0,4989.0,0.0,0.0,0.47053457398284987,0.0,1.0338745239526959,1.0,1.0,1.0,0.2774,64.48,1.0,1.0,0.0,ANOMALY
41.202,157.0,1704.0,161080.0,94.53051643192488,41.35721566914228,3909.518955390515,382.0,563.0,167.0,294.0,0.22417840375586853,0.17253521126760563,0.6785079928952042,3.0,1.0,1.0,1.7061,10.85,0.8598726114649682,1.0,0.0,BRUTE_FORCE
38.936,6.0,22951.0,5074192.0,221.08805716526513,589.454489418533,130321.34785288679,13.0,13402.0,9.0,0.0,0.0005664241209533354,0.0,0.0009700044769437397,3.0,1.0,2.0,2.0283,3825.17,0.0,0.8773038211842621,0.0026142651736307788,BENIGN
148.26,3.0,17.0,1303.0,76.6470588235294,0.11466342911102119,8.788614595980036,3.0,8.0,3.0,0.0,0.17647058823529413,0.0,0.375,3.0,1.0,1.0,118.6082,5.67,0.0,1.0,0.0,ANOMALY
30.079,700.0,1296.0,82014.0,63.282407407407405,43.086538781209484,2726.6199009275574,614.0,201.0,0.0,529.0,0.4737654320987654,0.408179012345679,3.054726368159204,686.0,1.0,1.0,0.022,1.85,0.03142857142857143,0.9645061728395061,0.0,PORT_SCAN
6.545,960.0,1751.0,124321.0,71.0,267.53246753246754,18994.805194805194,1055.0,305.0,0.0,480.0,0.6025128498001142,0.2741290691033695,3.459016393442623,838.0,1.0,1.0,0.0188,1.82,0.090625,0.9788692175899486,0.0,PORT_SCAN
236.987,2.0,17.0,1189.0,69.94117647058823,0.07173389257638604,5.017152839607236,2.0,8.0,2.0,0.0,0.11764705882352941,0.0,0.25,2.0,1.0,1.0,189.5897,8.5,0.0,1.0,0.0,ANOMALY
11.008,55.0,56726.0,6026050.0,106.23082889680217,5153.1613372093025,547424.6002906978,587.0,0.0,0.0,2097.0,0.010347988576666784,0.03696717554560519,587.0,3.0,2.0,1.0,0.1633,1031.38,0.0,0.42862179600183337,0.5713605753975249,ANOMALY
11.182,7.0,2426.0,640972.0,264.2093981863149,216.95582185655516,57321.76712573779,14.0,1427.0,12.0,0.0,0.005770816158285243,0.0,0.009810791871058164,4.0,3.0,1.0,0.8858,346.57,0.0,0.9546578730420445,0.007007419620774938,BENIGN
74.87,383.0,2199.0,417105.0,189.6793997271487,29.370909576599438,5571.056497929744,475.0,1199.0,46.0,740.0,0.21600727603456116,0.33651659845384263,0.396163469557965,1.0,1.0,1.0,2.1447,5.74,0.9556135770234987,1.0,0.0,BRUTE_FORCE
22.084,80294.0,219946.0,51160138.0,232.60317532485246,9959.518203224054,2316615.558775584,88617.0,23216.0,8524.0,0.0,0.40290343993525685,0.0,3.817065816678153,5.0,1.0,1.0,1.7848,2.74,0.0,0.9495830794831459,0.0,DOS_DDOS
14.599,463.0,2999.0,367987.0,122.70323441147049,205.42502911158297,25206.315501061716,993.0,1783.0,297.0,506.0,0.33111037012337446,0.16872290763587863,0.556926528323051,3.0,1.0,1.0,1.5207,6.48,0.9935205183585313,1.0,0.0,BRUTE_FORCE
15.019,7.0,6931.0,4035174.0,582.1921800605974,461.48212264465013,268671.2830414808,14.0,3996.0,10.0,0.0,0.002019910546818641,0.0,0.0035035035035035035,4.0,1.0,1.0,4.4345,990.14,0.0,0.8574520271245131,0.012696580580002885,BENIGN
87.827,373.0,3194.0,623210.0,195.1189730745147,36.366948660434716,7095.881676477621,694.0,1665.0,469.0,792.0,0.21728240450845335,0.24796493425172197,0.4168168168168168,2.0,1.0,1.0,0.4447,8.56,0.8793565683646113,1.0,0.0,BRUTE_FORCE
14.303,285068.0,315063.0,22607271.0,71.75476333304768,22027.756414738167,1580596.4482975597,194920.0,43751.0,0.0,17822.0,0.6186699168102887,0.0565664644848808,4.455212452286805,1.0,1.0,3.0,0.0062,1.11,0.0,1.0,0.0,SYN_FLOOD
11.025,268212.0,331009.0,16176399.0,48.86996728185638,30023.492063492064,1467247.0748299318,218474.0,32014.0,0.0,4905.0,0.6600243497910933,0.014818328202556425,6.824326857000062,2.0,1.0,1.0,0.0042,1.23,0.0,1.0,0.0,SYN_FLOOD
36.335,123.0,593.0,110280.0,185.96964586846542,16.32035227741847,3035.0901334801156,146.0,240.0,33.0,96.0,0.24620573355817876,0.16188870151770657,0.6083333333333333,3.0,1.0,1.0,0.6763,4.82,0.9512195121951219,1.0,0.0,BRUTE_FORCE
26.431,388876.0,491097.0,25751802.0,52.43730261027862,18580.341265937725,974302.9775642238,361790.0,122447.0,0.0,27980.0,0.7366976381448064,0.056974487728493554,2.9546661004352903,3.0,1.0,1.0,0.0024,1.26,0.0,1.0,0.0,SYN_FLOOD
29.897,405883.0,602595.0,26851733.0,44.56016561703964,20155.701240927185,898141.3854232867,460378.0,99123.0,0.0,39345.0,0.7639923995386619,0.06529260946406791,4.644512373515733,1.0,1.0,3.0,0.0061,1.48,0.0,1.0,0.0,SYN_FLOOD
15.766,2.0,4267.0,1464615.0,343.24232481837356,270.6456932639858,92897.05695801091,5.0,2846.0,3.0,0.0,0.0011717834544176236,0.0,0.0017568517217146872,1.0,1.0,1.0,2.7659,2133.5,0.0,0.900398406374502,0.013358331380360909,BENIGN
17.876,84772.0,145342.0,14546047.0,100.08151119428658,8130.566122174982,813719.3443723428,62005.0,23991.0,3648.0,0.0,0.42661446794457214,0.0,2.584510858238506,4.0,1.0,55.0,0.7282,1.71,0.0,0.9800677023847202,0.0,DOS_DDOS
16.311,316969.0,370347.0,22140765.0,59.78383786016898,22705.352216295752,1357413.0954570535,257159.0,76139.0,0.0,8953.0,0.6943731149435529,0.02417462541886393,3.3774937942447365,2.0,1.0,1.0,0.0016,1.17,0.0,1.0,0.0,SYN_FLOOD
8.465,87013.0,105767.0,7949310.0,75.15869789253738,12494.624926166569,939079.7401063201,67324.0,20116.0,0.0,4312.0,0.6365312432044021,0.04076885985231689,3.3467886259693778,1.0,1.0,137.0,0.0011,1.22,0.0,1.0,0.0,SYN_FLOOD
66.855,185.0,2295.0,212009.0,92.37864923747277,34.328023334081216,3171.176426594869,615.0,1158.0,99.0,218.0,0.2679738562091503,0.09498910675381264,0.5310880829015544,2.0,1.0,1.0,2.1198,12.41,0.9081081081081082,1.0,0.0,BRUTE_FORCE
15.098,2566.0,226083.0,252206141.0,1115.5466841823577,14974.367465889522,16704605.974301232,99880.0,54057.0,52.0,0.0,0.4417846543083735,0.0,1.8476793014780695,3.0,1.0,13.0,1.1944,88.11,0.0,0.9250098415183804,0.0,DOS_DDOS
26.073,355389.0,486699.0,30023856.0,61.68875629495849,18666.7817282246,1151530.5488436313,336125.0,105046.0,0.0,4191.0,0.6906219244337877,0.008611071730165872,3.1997886640138606,3.0,1.0,1.0,0.0098,1.37,0.0,1.0,0.0,SYN_FLOOD
8.228,25.0,14950.0,1234189.0,82.55444816053512,1816.966456003889,149998.6631016043,451.0,0.0,0.0,400.0,0.03016722408026756,0.026755852842809364,451.0,3.0,1.0,1.0,0.3439,598.0,0.0,0.4757190635451505,0.5242140468227425,ANOMALY
34.129,189.0,232.0,10948.0,47.189655172413794,6.79773799408128,320.7829118931115,154.0,48.0,0.0,58.0,0.6637931034482759,0.25,3.2083333333333335,185.0,1.0,1.0,0.0485,1.23,0.1111111111111111,0.978448275862069,0.0,PORT_SCAN
29.021,1276.0,2075.0,99041.0,47.73060240963856,71.49994831329037,3412.7356052513696,1154.0,153.0,0.0,1023.0,0.556144578313253,0.49301204819277106,7.542483660130719,1022.0,1.0,1.0,0.0322,1.63,0.05642633228840126,0.9995180722891567,0.0,PORT_SCAN
34.438,2.0,24534.0,11271257.0,459.4137523436863,712.4107091004123,327291.27707764675,3.0,19289.0,2.0,0.0,0.00012227928588897041,0.0,0.00015552905801233865,6.0,1.0,1.0,3.5602,12267.0,0.0,0.9043775984348251,0.006399282628189451,BENIGN
117.173,2.0,7.0,340.0,48.57142857142857,0.059740725252404564,2.9016923694025074,2.0,3.0,2.0,0.0,0.2857142857142857,0.0,0.6666666666666666,2.0,1.0,1.0,93.7383,3.5,0.0,1.0,0.0,ANOMALY
31.35,5.0,11522.0,7660712.0,664.8769310883528,367.5279106858054,244360.8293460925,10.0,8072.0,12.0,0.0,0.0008679048776254123,0.0,0.001238850346878097,1.0,1.0,2.0,3.9674,2304.4,0.0,0.927356361742753,0.002430133657351154,BENIGN
5.829,1328.0,1686.0,87943.0,52.16073546856465,289.2434379825013,15087.150454623436,1119.0,268.0,0.0,348.0,0.6637010676156584,0.20640569395017794,4.175373134328358,1035.0,1.0,1.0,0.0074,1.27,0.02635542168674699,0.9750889679715302,0.0,PORT_SCAN
4.629,635.0,1086.0,81858.0,75.37569060773481,234.60790667530787,17683.732987686326,746.0,100.0,0.0,540.0,0.6869244935543278,0.4972375690607735,7.46,583.0,1.0,1.0,0.0438,1.71,0.06614173228346457,0.9714548802946593,0.0,PORT_SCAN
28.076,601.0,698.0,51156.0,73.28939828080229,24.86109132355036,1822.0544237070808,510.0,61.0,0.0,286.0,0.7306590257879656,0.40974212034383956,8.360655737704919,601.0,1.0,1.0,0.0051,1.16,0.05823627287853577,0.9799426934097422,0.0,PORT_SCAN
9.71,105086.0,119287.0,8367581.0,70.1466295572862,12284.963954685889,861748.8156539649,74699.0,15541.0,0.0,8791.0,0.6262124120817859,0.0736962116575989,4.806576153400682,2.0,1.0,1.0,0.0035,1.14,0.0,1.0,0.0,SYN_FLOOD
56.048,118036.0,600038.0,111470916.0,185.77309437068985,10705.787896089067,1988847.3451327432,212163.0,145417.0,16840.0,0.0,0.3535826064349258,0.0,1.4589972286596478,2.0,1.0,10.0,2.0706,5.08,0.0,0.9205550315146708,0.0,DOS_DDOS
206.52,3.0,7.5,456.0,60.8,0.03631609529343405,2.20801859384079,3.0,3.0,3.0,0.0,0.4,0.0,1.0,3.0,1.0,1.0,165.2158,2.5,0.0,0.9333333333333333,0.0,ANOMALY
14.911,42.0,434.0,106680.0,245.80645161290323,29.10602910602911,7154.449735094897,130.0,130.0,17.0,146.0,0.2995391705069124,0.33640552995391704,1.0,1.0,1.0,1.0,1.2401,10.33,0.9761904761904762,1.0,0.0,BRUTE_FORCE
30.89,130.0,3527.0,26759824.0,7587.134675361497,114.17934606668824,866294.0757526708,1339.0,1086.0,0.0,0.0,0.37964275588318686,0.0,1.232965009208103,1.0,1.0,1.0,0.4581,27.13,1.0,1.0,0.0,ANOMALY
40.69,9648.0,299101.0,328182484.0,1097.229644835691,7350.724993855984,8065433.374293439,45523.0,82365.0,4337.0,17503.0,0.1521994242747433,0.058518694354081066,0.5526983548837492,5.0,1.0,1.0,1.6168,31.0,0.0,0.979983350105817,0.0,DOS_DDOS
29.557,622243.0,783064.0,33393371.0,42.644497767743125,26493.351828670027,1129795.6829177523,414255.0,20963.0,0.0,45428.0,0.5290180623805972,0.0580131381343032,19.761246004865715,2.0,1.0,1.0,0.0033,1.26,0.0,1.0,0.0,SYN_FLOOD
18.47,1250.0,2487.0,138264.0,55.59469240048251,134.65078505684895,7485.868976719004,2157.0,137.0,0.0,857.0,0.8673100120627262,0.3445918777643747,15.744525547445255,1193.0,1.0,1.0,0.029,1.99,0.0944,0.9867310012062727,0.0,PORT_SCAN
39.156,345.0,406.0,23640.0,58.22660098522167,10.368781285115947,603.7388905914803,2.0,103.0,263.0,0.0,0.0049261083743842365,0.0,0.019417475728155338,345.0,1.0,1.0,0.0221,1.18,0.0,1.0,0.0,ANOMALY
56.831,3.0,23848.0,20568452.0,862.4812143575981,419.63013144234657,361923.1053474336,5.0,20395.0,7.0,0.0,0.0002096611875209661,0.0,0.00024515812699190976,4.0,3.0,1.0,5.7596,7949.33,0.0,0.9699345857094934,0.012244213351224421,BENIGN
62.363,36.0,249.0,36716.0,147.45381526104418,3.992752112630887,588.7465323990186,81.0,126.0,14.0,46.0,0.3253012048192771,0.18473895582329317,0.6428571428571429,2.0,1.0,1.0,1.2754,6.92,0.8611111111111112,1.0,0.0,BRUTE_FORCE
20.27,23.0,3008.0,13986064.0,4649.622340425532,148.39664528860385,689988.3571780957,1305.0,896.0,0.0,0.0,0.433843085106383,0.0,1.4564732142857142,1.0,1.0,1.0,0.0636,130.78,1.0,1.0,0.0,ANOMALY
29.829,590.0,821.0,35416.0,43.137637028014616,27.52355090683563,1187.300948741158,31.0,203.0,500.0,0.0,0.037758830694275276,0.0,0.15270935960591134,590.0,1.0,1.0,0.0187,1.39,0.0,1.0,0.0,ANOMALY
7.515,1119.0,2075.0,143181.0,69.00289156626506,276.1144377910845,19052.694610778442,1410.0,367.0,0.0,749.0,0.6795180722891566,0.36096385542168674,3.8419618528610355,874.0,1.0,1.0,0.0303,1.85,0.10545129579982127,0.9802409638554217,0.0,PORT_SCAN
36.084,324.0,358.0,15932.0,44.502793296089386,9.92129475667886,441.5253297860547,270.0,73.0,0.0,104.0,0.7541899441340782,0.2905027932960894,3.6986301369863015,254.0,1.0,1.0,0.035,1.1,0.05246913580246913,0.9553072625698324,0.0,PORT_SCAN
27.446,951.0,2332.0,132251.0,56.71140651801029,84.96684398455147,4818.589229760256,1555.0,574.0,0.0,308.0,0.6668096054888508,0.1320754716981132,2.7090592334494774,759.0,1.0,1.0,0.022,2.45,0.07781282860147214,0.9772727272727273,0.0,PORT_SCAN
26.256,6.0,2109.0,1064370.0,504.67994310099573,80.32449725776965,40538.16270566727,13.0,1579.0,13.0,0.0,0.006164058795637743,0.0,0.008233058898036731,6.0,2.0,2.0,3.6754,351.5,0.0,0.9971550497866287,0.01896633475580844,BENIGN
12.58,500094.0,596726.0,28708929.0,48.11073926726839,47434.49920508744,2282108.8235294116,461273.0,56724.0,0.0,11528.0,0.7730063714334552,0.01931874930872796,8.131884211268599,1.0,1.0,1.0,0.0089,1.19,0.0,1.0,0.0,SYN_FLOOD
20.45,691.0,805.0,63186.0,78.4919254658385,39.36430317848411,3089.7799511002445,509.0,166.0,0.0,273.0,0.6322981366459627,0.3391304347826087,3.066265060240964,569.0,1.0,1.0,0.0195,1.16,0.11143270622286541,0.9527950310559006,0.0,PORT_SCAN
26.629,35485.0,107424.0,13589111.0,126.49976727733095,4034.098163656164,510312.4788764129,22315.0,27112.0,2679.0,0.0,0.207728254393804,0.0,0.8230672764827383,2.0,1.0,1.0,1.5905,3.03,0.0,0.9012418081620495,0.0,DOS_DDOS
71.487,134.0,1168.0,291315.0,249.41352739726028,16.338634996572804,4075.0765873515466,399.0,510.0,135.0,235.0,0.3416095890410959,0.2011986301369863,0.7823529411764706,2.0,1.0,1.0,1.5337,8.72,0.9925373134328358,1.0,0.0,BRUTE_FORCE
50.78,91.0,4784.0,32325253.0,6756.9508779264215,94.21031902323749,636574.4978337928,1813.0,2381.0,0.0,0.0,0.3789715719063545,0.0,0.7614447711045779,1.0,1.0,1.0,0.2928,52.57,1.0,1.0,0.0,ANOMALY
49.73,200837.0,682627.0,54306150.0,79.55464697411617,13726.663985521818,1092019.907500503,283143.0,79490.0,5064.0,125347.0,0.4147843551456359,0.18362443911535875,3.5619952195244684,3.0,1.0,57.0,1.9582,3.4,0.0,0.9608072930018883,0.0,DOS_DDOS
78.881,319.0,2159.0,288168.0,133.47290412227883,27.370342668069625,3653.199122729174,454.0,894.0,257.0,225.0,0.21028253821213524,0.10421491431218156,0.5078299776286354,2.0,1.0,1.0,2.0424,6.77,0.9905956112852664,1.0,0.0,BRUTE_FORCE
9.375,56801.0,83595.0,4725884.0,56.53309408457444,8916.8,504094.29333333333,57201.0,16669.0,0.0,6484.0,0.6842634128835456,0.0775644476344279,3.4315795788589596,3.0,1.0,1.0,0.0013,1.47,0.0,1.0,0.0,SYN_FLOOD
32.683,25.0,239.0,36760.0,153.80753138075315,7.312670195514488,1124.7437505736928,58.0,129.0,31.0,25.0,0.24267782426778242,0.10460251046025104,0.4496124031007752,3.0,1.0,1.0,1.3367,9.56,0.96,1.0,0.0,BRUTE_FORCE
5.172,73961.0,87393.12383749435,6024086.0,68.93089221986915,16897.355730374005,1164749.8066511988,64823.0,22568.0,0.0,3733.0,0.7417402783374237,0.04271503106973764,2.8723413683091104,3.0,1.0,1.0,0.0034,1.18,0.0,0.999998582983547,0.0,SYN_FLOOD
6.128,50264.0,62741.0,2746354.0,43.772875790950096,10238.413838120105,448164.81723237596,46225.0,12349.0,0.0,848.0,0.7367590570759153,0.013515882756092508,3.743218074338003,2.0,1.0,1.0,0.0048,1.25,0.0,1.0,0.0,SYN_FLOOD
15.832,28.0,3008.0,18508248.0,6153.007978723404,189.99494694290044,1169040.4244567964,1253.0,663.0,0.0,0.0,0.4165558510638298,0.0,1.889894419306184,1.0,1.0,1.0,0.08,107.43,1.0,1.0,0.0,ANOMALY
36.38,403.0,478.0,40975.0,85.72175732217573,13.1390874106652,1126.3056624518965,238.0,109.0,0.0,101.0,0.497907949790795,0.2112970711297071,2.18348623853211,376.0,1.0,1.0,0.0078,1.19,0.11662531017369727,0.9916317991631799,0.0,PORT_SCAN
11.558,100816.0,145315.0,10510048.0,72.32596772528645,12572.67693372556,909331.0261290881,119035.0,12997.0,0.0,5427.0,0.8191514984688435,0.03734645425455046,9.158651996614603,1.0,1.0,1.0,0.0074,1.44,0.0,1.0,0.0,SYN_FLOOD
25.165,128327.0,599234.0,94139834.0,157.10028803439056,23812.1994834095,3740903.3975759987,179820.0,143955.0,1896.0,0.0,0.30008310609878613,0.0,1.249140356361363,2.0,1.0,24.0,3.6746,4.67,0.0,0.9398265118467911,0.0,DOS_DDOS
32.482,453.0,798.9791570228693,49451.0,61.892728446462534,24.597597346926587,1522.4124130287544,672.0,125.0,0.0,174.0,0.8410732546565858,0.21777789629500882,5.376,453.0,1.0,1.0,0.0175,1.76,0.0640176600441501,0.9712393535915336,0.0,PORT_SCAN
15.53,261.0,1843.0,351073.0,190.48996201844818,118.67353509336768,22606.117192530586,566.0,593.0,266.0,514.0,0.3071079761258817,0.2788931090613131,0.954468802698145,2.0,1.0,1.0,2.367,7.06,0.9310344827586207,1.0,0.0,BRUTE_FORCE
10.102,167637.0,239207.0,18065051.0,75.5205784111669,23679.17244110077,1788264.7990496932,138868.0,24223.0,0.0,18599.0,0.5805348505687543,0.07775274134954245,5.732898484911035,3.0,1.0,58.0,0.0051,1.43,0.0,1.0,0.0,SYN_FLOOD
26.983,314.0,357.0,29356.0,82.2296918767507,13.230552570136753,1087.9442612014973,187.0,87.0,0.0,136.0,0.5238095238095238,0.38095238095238093,2.1494252873563218,289.0,1.0,1.0,0.003,1.14,0.09554140127388536,0.9719887955182073,0.0,PORT_SCAN
15.944,130388.0,157364.0,6712718.0,42.65726595663557,9869.79427997993,421018.4395383843,102686.0,20357.0,0.0,11829.0,0.6525380646145242,0.07516967031849724,5.044259959719016,1.0,1.0,1.0,0.0042,1.21,0.0,1.0,0.0,SYN_FLOOD
7.857,7.0,42807.0,4500498.0,105.1346275141916,5448.262695685376,572801.0691103474,1228.0,0.0,0.0,38.0,0.02868689700282664,0.000887705281846427,1228.0,4.0,2.0,1.0,0.024,6115.29,0.0,0.5151727521199804,0.48480388721470785,ANOMALY
35.497,519.0,705.0,57828.0,82.02553191489362,19.86083330985717,1629.0954165140715,433.0,76.0,0.0,226.0,0.6141843971631206,0.32056737588652484,5.697368421052632,427.0,1.0,1.0,0.044,1.36,0.04046242774566474,0.9659574468085106,0.0,PORT_SCAN
8.087,5.0,40018.0,4342889.0,108.52338947473636,4948.435761098059,537021.0213923581,841.0,0.0,0.0,597.0,0.02101554300564746,0.014918286770953072,841.0,3.0,3.0,1.0,0.4701,8003.6,0.0,0.3179819081413364,0.6819931031036034,ANOMALY
8.79,34.0,41213.0,4841405.0,117.47276344842646,4688.623435722412,550785.5517633675,1947.0,0.0,0.0,1499.0,0.047242374978768834,0.03637201853784,1947.0,1.0,1.0,1.0,0.238,1212.15,0.0,0.41562128454613834,0.5843544512653774,ANOMALY
54.008,3.0,42158.0,36317924.0,861.4717016936287,780.5880610279958,672454.5252555177,6.0,32236.0,6.0,0.0,0.00014232174201812232,0.0,0.00018612731108077926,4.0,3.0,1.0,2.0368,14052.67,0.0,0.9020114806205228,0.0007116087100906115,BENIGN
27.435,72422.0,209064.0,22902017.0,109.54548367963876,7620.338983050848,834773.7197011118,46132.0,37204.0,2849.0,0.0,0.22065970229212106,0.0,1.239974196322976,1.0,1.0,10.0,0.2247,2.89,0.0,0.9829956376994604,0.0,DOS_DDOS
55.499,30.0,254.0,41218.0,162.2755905511811,4.576659038901601,742.6800482891583,68.0,142.0,5.0,41.0,0.2677165354330709,0.16141732283464566,0.4788732394366197,1.0,1.0,1.0,2.02,8.47,0.9,1.0,0.0,BRUTE_FORCE
80.971,167.0,2666.0,312547.0,117.2344336084021,32.925368341751984,3859.9869088933074,892.0,851.0,177.0,988.0,0.3345836459114779,0.3705926481620405,1.0481786133960047,2.0,1.0,1.0,0.6425,15.96,0.9101796407185628,1.0,0.0,BRUTE_FORCE
27.296,7644.0,271393.0,258594348.0,952.8408912536432,9942.592321219227,9473708.528722158,100402.0,40168.0,5732.0,103217.0,0.3699505882613037,0.3803230002247663,2.4995518820952003,3.0,1.0,1.0,1.4973,35.5,0.0,0.9942997792868644,0.0,DOS_DDOS
69.792,270.0,2537.0,250509.0,98.74221521482066,36.350871160018336,3589.365543328748,428.0,1131.0,206.0,480.0,0.1687031927473394,0.18919984233346474,0.3784261715296198,1.0,1.0,1.0,1.2181,9.4,0.937037037037037,1.0,0.0,BRUTE_FORCE
10.411,6.0,4502.0,2632908.0,584.8307418924923,432.42724041878785,252896.7438286428,15.0,3686.0,12.0,0.0,0.0033318525099955577,0.0,0.004069451980466631,4.0,1.0,2.0,4.2943,750.33,0.0,0.8469569080408708,0.009773434029320302,BENIGN
68.12,144.0,1374.0,146709.0,106.77510917030568,20.170287727539634,2153.6846741045215,475.0,536.0,84.0,526.0,0.3457059679767103,0.38282387190684136,0.8861940298507462,1.0,1.0,1.0,0.6557,9.54,0.8680555555555556,1.0,0.0,BRUTE_FORCE
33.214,635.0,837.0,33577.0,40.11589008363202,25.20021677605829,1010.929126272054,36.0,312.0,674.0,0.0,0.043010752688172046,0.0,0.11538461538461539,635.0,1.0,1.0,0.0205,1.32,0.0,1.0,0.0,ANOMALY
6.414,43.0,47416.0,3880728.0,81.8442719757044,7392.578734019333,605040.2245088868,307.0,0.0,0.0,345.0,0.006474607727349418,0.007276024970474102,307.0,4.0,3.0,1.0,0.2452,1102.7,0.0,0.38162223721950395,0.6183566728530454,ANOMALY
7.341,13.0,3419.0,707882.0,207.04357999415035,465.74036234845386,96428.55196839667,33.0,3177.0,19.0,0.0,0.009651945013161743,0.0,0.010387157695939566,3.0,1.0,1.0,0.2153,263.0,0.0,0.9795261772448084,0.004972214097689383,BENIGN
31.563,10.0,6167.0,2455504.0,398.168315226204,195.3870037702373,77796.91410829136,24.0,5079.0,19.0,2.0,0.003891681530728069,0.00032430679422733907,0.004725339633786178,3.0,2.0,1.0,2.4752,616.7,0.0,0.9573536565591049,0.008594130047024485,BENIGN
38.975,99.0,1108.0,286970.0,258.99819494584835,28.428479794740216,7362.924951892238,238.0,574.0,143.0,107.0,0.2148014440433213,0.09657039711191336,0.4146341463414634,1.0,1.0,1.0,1.0403,11.19,0.98989898989899,1.0,0.0,BRUTE_FORCE
26.053,149573.0,189230.0,39167479.0,206.9834539977805,7263.271024450159,1503376.9239626913,49115.0,24496.0,3204.0,0.0,0.2595518680970248,0.0,2.005021227955585,4.0,1.0,1.0,0.1067,1.27,0.0,0.9325688315806162,0.0,DOS_DDOS
8.415,73616.0,107301.0,4905130.0,45.713739853309846,12751.158645276293,582903.1491384433,85086.0,4137.0,0.0,1486.0,0.7929655827997875,0.013848892368197873,20.567077592458304,2.0,1.0,173.0,0.003,1.46,0.0,1.0,0.0,SYN_FLOOD
57.168,7.0,56347.0,40635129.0,721.158695227785,985.6388189196754,710802.0046179681,14.0,33683.0,8.0,0.0,0.00024846043267609633,0.0,0.0004156399370602381,1.0,1.0,1.0,3.313,8049.57,0.0,0.9097201270697641,0.004294816050543951,BENIGN
9.149,3.0,555.0,327026.0,589.236036036036,60.66236747185485,35744.45294567713,7.0,476.0,6.0,0.0,0.012612612612612612,0.0,0.014705882352941176,6.0,3.0,1.0,0.413,185.0,0.0,0.8540540540540541,0.016216216216216217,BENIGN
6.769,38.0,24706.0,2969861.0,120.20808710434713,3649.8744275373024,438744.4231053331,1066.0,0.0,0.0,38.0,0.04314741358374484,0.001538087913867077,1066.0,4.0,2.0,1.0,0.4837,650.16,0.0,0.28689387193394317,0.7130656520683235,ANOMALY
133.276,4.0,15.0,847.0,56.46666666666667,0.11254839581019838,6.355232750082535,4.0,7.0,4.0,0.0,0.26666666666666666,0.0,0.5714285714285714,4.0,1.0,1.0,106.6212,3.75,0.0,1.0,0.0,ANOMALY
35.088,6.0,13189.0,4081209.0,309.4403669724771,375.8834929320565,116313.52599179206,14.0,9709.0,14.0,0.0,0.0010614906361361741,0.0,0.0014419610670511895,5.0,3.0,1.0,3.6069,2198.17,0.0,0.9068921070589128,0.010235802562741678,BENIGN
8.763,11.0,3563.0,2611724.0,733.0126298063429,406.5959146411046,298039.94065959146,20.0,2220.0,26.0,0.0,0.005613247263541959,0.0,0.009009009009009009,1.0,3.0,1.0,1.0361,323.91,0.0,0.9517260735335391,0.014875105248386191,BENIGN
25.154,138000.0,196195.0,8715464.0,44.42245724916537,7799.753518327105,346484.21722191304,151132.0,33596.0,0.0,5311.0,0.7703152475853106,0.0270700068809093,4.498511727586617,1.0,1.0,1.0,0.0057,1.42,0.0,1.0,0.0,SYN_FLOOD
149.505,4.0,16.0,660.0,41.25,0.10701983211263838,4.414568074646333,4.0,8.0,4.0,0.0,0.25,0.0,0.5,4.0,1.0,1.0,119.6039,4.0,0.0,1.0,0.0,ANOMALY
9.928,179008.0,223360.0,14154920.0,63.372671919770774,22497.98549556809,1425757.4536663978,126473.0,4791.0,0.0,9298.0,0.566229405444126,0.041627865329512896,26.398037987893968,2.0,1.0,30.0,0.0032,1.25,0.0,1.0,0.0,SYN_FLOOD
46.441,291.0,4303.0,444896.0,103.39205205670463,92.65519691651772,9579.810942916818,556.0,1824.0,372.0,544.0,0.12921217755054612,0.1264234255170811,0.3048245614035088,3.0,1.0,1.0,1.1084,14.79,0.852233676975945,1.0,0.0,BRUTE_FORCE
16.191,29650.0,104407.0,8489708.0,81.31359008495599,6448.459020443456,524347.3534679761,45397.0,19758.0,1512.0,32097.0,0.43480801095711974,0.30742191615504705,2.297651584168438,5.0,1.0,1.0,0.0811,3.52,0.0,0.9825299069985729,0.0,DOS_DDOS
16.238,9.0,8280.0,5465857.0,660.1276570048309,509.91501416430594,336609.00357186847,21.0,4728.0,21.0,2.0,0.002536231884057971,0.00024154589371980676,0.004441624365482234,4.0,3.0,1.0,3.1078,920.0,0.1111111111111111,0.8076086956521739,0.01352657004830918,BENIGN
21.475,1126439.0,1187694.0,54429977.0,45.82828321099542,55305.89057043073,2534574.0162980207,954779.0,191006.0,0.0,91354.0,0.8038930903077729,0.07691711838234427,4.998685905154812,1.0,1.0,1.0,0.0032,1.05,0.0,1.0,0.0,SYN_FLOOD
6.593,449.0,587.0,42543.0,72.47529812606473,89.03382375246474,6452.752919763386,5.0,173.0,327.0,0.0,0.008517887563884156,0.0,0.028901734104046242,449.0,1.0,1.0,0.0229,1.31,0.0,1.0,0.0,ANOMALY
34.77,217.0,462.0,30509.0,66.03679653679653,13.287316652286453,877.451826287029,255.0,55.0,0.0,46.0,0.551948051948052,0.09956709956709957,4.636363636363637,210.0,1.0,1.0,0.0082,2.13,0.10138248847926268,0.9545454545454546,0.0,PORT_SCAN
12.739,212320.0,224525.0,15399636.0,68.58762275915822,17625.009812387158,1208857.5241384723,193268.0,7109.0,0.0,10925.0,0.8607861039973277,0.048658278588130495,27.18638345758897,2.0,1.0,1.0,0.0098,1.06,0.0,1.0,0.0,SYN_FLOOD
23.871,14.0,127663.0,13248496.0,103.77710064779929,5348.037367517071,555003.8121570107,4096.0,0.0,0.0,2586.0,0.0320844723999906,0.020256456451751878,4096.0,2.0,1.0,1.0,0.4159,9118.79,0.0,0.5375637420395886,0.46242842483726687,ANOMALY
58.609,342.0,2024.0,166198.0,82.11363636363636,34.53394529850364,2835.7078264430374,595.0,1050.0,187.0,646.0,0.2939723320158103,0.3191699604743083,0.5666666666666667,3.0,1.0,1.0,1.2799,5.92,0.9970760233918129,1.0,0.0,BRUTE_FORCE
24.972,1459.0,2994.0,178910.0,59.7561790247161,119.89428159538683,7164.42415505366,2096.0,268.0,0.0,994.0,0.700066800267201,0.331997327989312,7.82089552238806,1136.0,1.0,1.0,0.0344,2.05,0.08019191226867718,0.9749498997995992,0.0,PORT_SCAN
79.424,366.0,6127.0,519499.0,84.78847723192428,77.142929089444,6540.83148670427,1752.0,3143.0,918.0,1457.0,0.28594744573200587,0.23779990207279256,0.5574292077632835,2.0,1.0,1.0,1.2789,16.74,0.9043715846994536,1.0,0.0,BRUTE_FORCE
4.674,9.0,583.0,344133.0,590.2795883361921,124.73256311510482,73627.08600770218,18.0,328.0,20.0,0.0,0.030874785591766724,0.0,0.054878048780487805,3.0,2.0,1.0,0.6239,64.78,0.0,0.8490566037735849,0.0017152658662092624,BENIGN
25.439,266277.0,284118.0,17350217.0,61.066940496554245,11168.599394630291,682032.1946617399,166046.0,66913.0,0.0,901.0,0.5844261891186057,0.0031712175926903612,2.481520780715257,2.0,1.0,1.0,0.0032,1.07,0.0,1.0,0.0,SYN_FLOOD
36.494,71061.0,199999.0,46530309.0,232.6527082635413,5480.3255329643225,1275012.5774099852,54610.0,41795.0,7729.0,0.0,0.2730513652568263,0.0,1.3066156238784543,4.0,1.0,58.0,0.9693,2.81,0.0,0.9618648093240466,0.0,DOS_DDOS
9.478,197671.0,267401.0,18900644.0,70.68277231573555,28212.80860941127,1994159.5273264402,155677.0,24866.0,0.0,2655.0,0.5821855565237228,0.009928908268854642,6.260637014397169,3.0,1.0,1.0,0.0082,1.35,0.0,1.0,0.0,SYN_FLOOD
16.733,365.0,5205.0,523911.0,100.65533141210375,311.0619733460826,31310.046016852924,1568.0,2634.0,603.0,744.0,0.30124879923150816,0.14293948126801154,0.595292331055429,3.0,1.0,1.0,2.4604,14.26,0.9178082191780822,1.0,0.0,BRUTE_FORCE
10.748,27023.0,138404.0,8907585.0,64.3593031993295,12877.186453293636,828766.7473018237,55450.0,17585.0,792.0,0.0,0.4006387098638768,0.0,3.1532556155814615,5.0,1.0,1.0,2.7487,5.12,0.0,0.9933527932718708,0.0,DOS_DDOS
83.633,100.0,1141.0,137151.0,120.20245398773007,13.642939987803858,1639.9148661413558,185.0,462.0,154.0,172.0,0.16213847502191062,0.15074496056091147,0.4004329004329004,1.0,1.0,1.0,0.5221,11.41,0.9,1.0,0.0,BRUTE_FORCE
33.267,137.0,2333.0,533015.0,228.46763823403344,70.12955782006192,16022.334445546636,719.0,1320.0,224.0,231.0,0.30818688384054865,0.09901414487783969,0.5446969696969697,2.0,1.0,1.0,1.9038,17.03,0.8832116788321168,1.0,0.0,BRUTE_FORCE
62.7,41.0,452.0,109252.0,241.7079646017699,7.208931419457735,1742.4561403508771,95.0,145.0,56.0,136.0,0.21017699115044247,0.3008849557522124,0.6551724137931034,2.0,1.0,1.0,1.6147,11.02,0.9512195121951219,1.0,0.0,BRUTE_FORCE
89.121,411.0,4678.0,1131802.0,241.94142796066694,52.49043435329496,12699.61064171183,630.0,1441.0,412.0,1588.0,0.13467293715262932,0.3394613082513895,0.43719639139486466,2.0,1.0,1.0,1.7797,11.38,0.851581508515815,1.0,0.0,BRUTE_FORCE
29.21,30457.0,165160.0,34280759.0,207.56090457737952,5654.228004108182,1173596.6792194454,73967.0,38042.0,6278.0,0.0,0.44785056914507143,0.0,1.9443509804952421,1.0,1.0,8.0,2.2447,5.42,0.0,0.9090155001210947,0.0,DOS_DDOS
13.541,470.0,675.0,59411.0,88.01629629629629,49.84860793146739,4387.4898456539395,11.0,136.0,388.0,0.0,0.016296296296296295,0.0,0.08088235294117647,470.0,1.0,1.0,0.0261,1.44,0.0,1.0,0.0,ANOMALY
71.752,244.0,3119.0,550897.0,176.62616223148444,43.469171591035796,7677.792953506523,900.0,1081.0,69.0,572.0,0.28855402372555305,0.18339211285668483,0.8325624421831638,1.0,1.0,1.0,0.6596,12.78,0.860655737704918,1.0,0.0,BRUTE_FORCE
26.9,230506.0,256844.0,16371380.0,63.740558471289965,9548.10408921933,608601.4869888476,169712.0,20230.0,0.0,14483.0,0.6607590599741477,0.056388313528834624,8.389125061789422,2.0,1.0,1.0,0.0063,1.11,0.0,1.0,0.0,SYN_FLOOD
130.435,1.0,9.0,498.0,55.333333333333336,0.06899988500019166,3.817993636677272,1.0,4.0,1.0,0.0,0.1111111111111111,0.0,0.25,1.0,1.0,1.0,104.3482,9.0,0.0,1.0,0.0,ANOMALY
24.059,1331.0,3572.596620278903,179210.0,50.16239420447348,148.4931468589261,7448.771769400224,3048.0,523.0,0.0,479.0,0.8531609705665709,0.13407614990203,5.827915869980879,1119.0,1.0,1.0,0.0366,2.68,0.1179564237415477,0.9715622469936246,0.0,PORT_SCAN
25.813,225021.0,321890.0,21392053.0,66.45765012892603,12470.0732189207,828731.7630651223,183391.0,71962.0,0.0,21370.0,0.5697318959893131,0.06638913914691354,2.5484422334009618,3.0,1.0,1.0,0.007,1.43,0.0,1.0,0.0,SYN_FLOOD
7.238,53697.0,64350.0,5102543.0,79.29359751359752,8890.577507598784,704965.8745509809,45571.0,11656.0,0.0,1403.0,0.7081740481740482,0.0218026418026418,3.909660260809883,3.0,1.0,79.0,0.0042,1.2,0.0,1.0,0.0,SYN_FLOOD
